Recompilation de ConicBundle (MODE=OPTI) + du pont natif...
make: Entering directory '/lustre/fswork/projects/rech/llc/uvq13au/FastSDPCertification/Miqcr-1.0_triang_sbb_gurobiter_QCP5/ConicBundle'
make: Nothing to be done for 'all'.
make: Leaving directory '/lustre/fswork/projects/rech/llc/uvq13au/FastSDPCertification/Miqcr-1.0_triang_sbb_gurobiter_QCP5/ConicBundle'
make: Entering directory '/lustre/fswork/projects/rech/llc/uvq13au/FastSDPCertification/src/miqcr_bridge/conicbundle_native'
g++ -shared -fPIC -o libcb_native.so \
    -Wl,--whole-archive ../../../Miqcr-1.0_triang_sbb_gurobiter_QCP5/ConicBundle/lib/libcb.a -Wl,--no-whole-archive \
    -lstdc++ -lm
>>> libcb_native.so compilée avec succès.
make: Leaving directory '/lustre/fswork/projects/rech/llc/uvq13au/FastSDPCertification/src/miqcr_bridge/conicbundle_native'
Network: _tmp_battery_targeted_dynamic_rlt
Run name: battery-targeted-rlt-notcert
Job ID: 478873
Indices: 59 23 45 7 31
Number of CPU :  80
Loading certification problem from /lustre/fswork/projects/rech/llc/uvq13au/FastSDPCertification/config/_tmp_battery_targeted_dynamic_rlt.yaml ...
Loading dataset ...
config :  {'data': {'name': 'mnist', 'path': 'data/datasets/mnist_subset_10_per_class.pth', 'num_classes': 10, 'num_samples': 100}, 'divide_run': 1, 'input_ball': {'epsilon': 0.026, 'norm': 'Linf'}, 'network': {'name': '9x100', 'path': 'data/models/mnist_adv_9x100.pt', 'K': 10, 'n': [784, 100, 100, 100, 100, 100, 100, 100, 100, 100, 10]}, 'models': [{'certification_model_type': 'TargetedSDP', 'solver': 'mosek_classic', 'cuts': ['RLT', 'triangularization'], 'RLT_props': [1.0], 'all_combinations_cuts': False, 'CHORDAL_DECOMPOSITION': True, 'LAST_LAYER': False, 'use_callback': False, 'use_active_neurons': True, 'use_inactive_neurons': False, 'keep_penultimate_actives': True, 'bounds_method': 'from_file', 'bounds_file': 'data/bounds/9x100-0.026_linf.csv', 'solver_time_limit': 180, 'dynamic_conic_bundle': {'enabled': True, 'dualize': ['RLT'], 'engine': 'conicbundle_native', 'dynamic': True, 'factor': 0.01, 'max_iter': 500, 'term_relprec': 1e-07, 'log_every': 5, 'print_level': 0, 'eval_limit': 2000, 'print_png': True, 'png_every': 10, 'add_batch_size': 50, 'theta_drop_tol': 1e-08, 'max_rounds': 100}, 'use_compact_add_rlt': True}]}
Dataset loaded successfully.
Loading epsilon ...
CONFIG  inf CERTIFICATION PROBLEM:      {'data': {'name': 'mnist', 'path': 'data/datasets/mnist_subset_10_per_class.pth', 'num_classes': 10, 'num_samples': 100}, 'divide_run': 1, 'input_ball': {'epsilon': 0.026, 'norm': 'Linf'}, 'network': {'name': '9x100', 'path': 'data/models/mnist_adv_9x100.pt', 'K': 10, 'n': [784, 100, 100, 100, 100, 100, 100, 100, 100, 100, 10]}, 'models': [{'certification_model_type': 'TargetedSDP', 'solver': 'mosek_classic', 'cuts': ['RLT', 'triangularization'], 'RLT_props': [1.0], 'all_combinations_cuts': False, 'CHORDAL_DECOMPOSITION': True, 'LAST_LAYER': False, 'use_callback': False, 'use_active_neurons': True, 'use_inactive_neurons': False, 'keep_penultimate_actives': True, 'bounds_method': 'from_file', 'bounds_file': 'data/bounds/9x100-0.026_linf.csv', 'solver_time_limit': 180, 'dynamic_conic_bundle': {'enabled': True, 'dualize': ['RLT'], 'engine': 'conicbundle_native', 'dynamic': True, 'factor': 0.01, 'max_iter': 500, 'term_relprec': 1e-07, 'log_every': 5, 'print_level': 0, 'eval_limit': 2000, 'print_png': True, 'png_every': 10, 'add_batch_size': 50, 'theta_drop_tol': 1e-08, 'max_rounds': 100}, 'use_compact_add_rlt': True}]}
Epsilon: 0.026, Norm: Linf
Network loaded successfully.
Data name from config: mnist
Initializing Certification Problem ...
Models in certification problem: [SDPSolverConfig(certification_model_type='TargetedSDP', cuts=['RLT', 'triangularization'], all_combinations_cuts=False, RLT_props=[1.0], CHORDAL_DECOMPOSITION=True, LAST_LAYER=False, solver='mosek_classic', cp_solver='MOSEK', cp_solver_kwargs=None, use_callback=False, use_active_neurons=True, ultimate_layer_use_active_neurons=100000.0, use_inactive_neurons=False, keep_penultimate_actives=True, use_compact_add_rlt=True, bounds_file='data/bounds/9x100-0.026_linf.csv', L=None, U=None, bounds_method='from_file', bounds_n_runs=1, write_model=False, INPUT_IN_VARIABLES=True, solver_time_limit=180, dynamic_conic_bundle=DynamicConicBundleConfig(enabled=True, dualize=['RLT'], engine='conicbundle_native', term_relprec=1e-07, eval_limit=2000, print_level=0, log_every=5, active_bounds_fixing=True, max_subg_by_point=10, dynamic=True, max_iter=500, C1=0.0001, C2=0.1, proximal_u_init=1.0, theta_drop_tol=1e-08, add_batch_size=50, max_rounds=100, max_bundle_size=None, bundle_size_factor=None, factor=0.01, max_new_subgradients=None, log_theta_every_n_iter=1, print_png=True, png_every=10, stop_when_positive=True, positivity_threshold=1e-06))]
Data name in certification problem: mnist
dataset in certification problem: <torch.utils.data.dataset.TensorDataset object at 0x150c7025efb0>
Certification Problem initialized !
Starting certification problem solving ...
self.models: [SDPSolverConfig(certification_model_type='TargetedSDP', cuts=['RLT', 'triangularization'], all_combinations_cuts=False, RLT_props=[1.0], CHORDAL_DECOMPOSITION=True, LAST_LAYER=False, solver='mosek_classic', cp_solver='MOSEK', cp_solver_kwargs=None, use_callback=False, use_active_neurons=True, ultimate_layer_use_active_neurons=100000.0, use_inactive_neurons=False, keep_penultimate_actives=True, use_compact_add_rlt=True, bounds_file='data/bounds/9x100-0.026_linf.csv', L=None, U=None, bounds_method='from_file', bounds_n_runs=1, write_model=False, INPUT_IN_VARIABLES=True, solver_time_limit=180, dynamic_conic_bundle=DynamicConicBundleConfig(enabled=True, dualize=['RLT'], engine='conicbundle_native', term_relprec=1e-07, eval_limit=2000, print_level=0, log_every=5, active_bounds_fixing=True, max_subg_by_point=10, dynamic=True, max_iter=500, C1=0.0001, C2=0.1, proximal_u_init=1.0, theta_drop_tol=1e-08, add_batch_size=50, max_rounds=100, max_bundle_size=None, bundle_size_factor=None, factor=0.01, max_new_subgradients=None, log_theta_every_n_iter=1, print_png=True, png_every=10, stop_when_positive=True, positivity_threshold=1e-06))]
Solving with model: TargetedSDP
model dict : certification_model_type='TargetedSDP' cuts=['RLT', 'triangularization'] all_combinations_cuts=False RLT_props=[1.0] CHORDAL_DECOMPOSITION=True LAST_LAYER=False solver='mosek_classic' cp_solver='MOSEK' cp_solver_kwargs=None use_callback=False use_active_neurons=True ultimate_layer_use_active_neurons=100000.0 use_inactive_neurons=False keep_penultimate_actives=True use_compact_add_rlt=True bounds_file='data/bounds/9x100-0.026_linf.csv' L=None U=None bounds_method='from_file' bounds_n_runs=1 write_model=False INPUT_IN_VARIABLES=True solver_time_limit=180 dynamic_conic_bundle=DynamicConicBundleConfig(enabled=True, dualize=['RLT'], engine='conicbundle_native', term_relprec=1e-07, eval_limit=2000, print_level=0, log_every=5, active_bounds_fixing=True, max_subg_by_point=10, dynamic=True, max_iter=500, C1=0.0001, C2=0.1, proximal_u_init=1.0, theta_drop_tol=1e-08, add_batch_size=50, max_rounds=100, max_bundle_size=None, bundle_size_factor=None, factor=0.01, max_new_subgradients=None, log_theta_every_n_iter=1, print_png=True, png_every=10, stop_when_positive=True, positivity_threshold=1e-06)
Running conic bundle certification with solver: TargetedSDP (dynamic=True)
Initializing TargetedSDP...
Creating list of ytargets...
K :  10
self.n :  [784 100 100 100 100 100 100 100 100 100  10]
Getting to compute bounds...
STUDY : use active neurons:  True use inactive neurons:  False
STUDY : Nb Stable neurons :  427
Number of cuts to test: 1
Cuts to test: [['RLT', 'triangularization']]
Initializing MosekClassicHandler

 
 folder name dans handler:  /lustre/fswork/projects/rech/llc/uvq13au/FastSDPCertification/results/benchmark/9x100-0.026/2026_10_02_00h37_33s_battery-targeted-rlt-notcert
LAST_LAYER in resolve_layer_groups :  False
K :  10
CHORDAL_DECOMPOSITION  in resolve layer groups:  True
INPUT_IN_VARIABLES in resolve_layer_groups :  True
Taille de la matrice pour le groupe 0 [0, 1] : 834
Taille de la matrice pour le groupe 1 [1, 2] : 117
Taille de la matrice pour le groupe 2 [2, 3] : 112
Taille de la matrice pour le groupe 3 [3, 4] : 91
Taille de la matrice pour le groupe 4 [4, 5] : 88
Taille de la matrice pour le groupe 5 [5, 6] : 94
Taille de la matrice pour le groupe 6 [6, 7] : 109
Taille de la matrice pour le groupe 7 [7, 8] : 111
Taille de la matrice pour le groupe 8 [8, 9] : 114
Neurones stables actives:  set()
Neurones stables inactives:  {(7, 17), (1, 95), (7, 26), (7, 35), (8, 0), (5, 65), (8, 9), (5, 74), (9, 72), (5, 83), (6, 48), (6, 57), (9, 90), (6, 75), (4, 2), (3, 6), (2, 50), (3, 15), (3, 42), (7, 3), (1, 90), (1, 99), (6, 34), (9, 67), (5, 87), (2, 36), (3, 1), (2, 54), (3, 28), (3, 37), (1, 85), (5, 46), (9, 44), (5, 55), (9, 53), (5, 73), (6, 38), (5, 82), (8, 84), (8, 93), (3, 5), (3, 14), (4, 68), (1, 53), (4, 86), (1, 62), (7, 2), (5, 41), (1, 89), (9, 39), (5, 68), (5, 77), (6, 42), (7, 96), (8, 70), (8, 88), (2, 17), (2, 35), (3, 0), (3, 9), (4, 81), (1, 57), (1, 66), (4, 99), (5, 27), (1, 75), (9, 25), (5, 36), (5, 54), (9, 52), (6, 28), (8, 65), (8, 74), (2, 21), (4, 49), (4, 58), (1, 34), (1, 43), (4, 76), (9, 11), (5, 22), (1, 70), (5, 31), (5, 40), (9, 38), (6, 14), (9, 47), (5, 58), (6, 23), (7, 77), (8, 51), (7, 95), (8, 78), (2, 7), (4, 44), (4, 53), (1, 38), (1, 47), (4, 80), (5, 8), (9, 6), (5, 17), (1, 65), (3, 84), (9, 15), (5, 26), (3, 93), (5, 35), (6, 0), (9, 33), (7, 63), (8, 55), (8, 64), (2, 2), (8, 82), (4, 30), (4, 39), (1, 24), (4, 57), (1, 42), (2, 96), (5, 3), (1, 51), (3, 70), (5, 12), (5, 21), (3, 88), (9, 19), (5, 39), (6, 4), (6, 13), (8, 32), (7, 85), (8, 59), (8, 68), (4, 34), (4, 43), (1, 19), (1, 28), (4, 61), (1, 46), (3, 65), (3, 74), (7, 62), (8, 27), (8, 36), (8, 45), (4, 11), (6, 93), (4, 20), (1, 14), (4, 47), (1, 32), (3, 60), (5, 2), (3, 69), (5, 11), (8, 13), (7, 57), (7, 66), (8, 31), (7, 75), (6, 79), (4, 6), (6, 97), (4, 24), (2, 72), (2, 90), (3, 55), (2, 99), (5, 6), (7, 43), (8, 17), (8, 44), (9, 98), (4, 1), (6, 83), (6, 92), (1, 4), (3, 32), (3, 41), (2, 85), (3, 50), (7, 20), (7, 29), (7, 56), (9, 75), (5, 86), (5, 95), (9, 93), (6, 78), (4, 5), (6, 96), (2, 44), (2, 53), (2, 62), (3, 27), (2, 71), (7, 6), (3, 54), (7, 15), (3, 63), (7, 24), (7, 33), (8, 7), (5, 72), (8, 16), (9, 70), (5, 81), (9, 79), (5, 90), (6, 55), (6, 73), (4, 0), (6, 82), (4, 9), (2, 48), (3, 13), (3, 22), (2, 75), (3, 49), (1, 79), (1, 88), (7, 28), (7, 37), (8, 2), (9, 56), (5, 67), (9, 65), (5, 76), (6, 41), (5, 85), (6, 50), (9, 83), (6, 68), (8, 96), (3, 8), (2, 52), (3, 17), (4, 89), (3, 44), (4, 98), (1, 74), (1, 83), (1, 92), (5, 62), (6, 36), (5, 80), (6, 45), (8, 91), (3, 3), (2, 47), (3, 12), (4, 75), (3, 30), (1, 78), (7, 9), (9, 37), (5, 48), (1, 96), (9, 46), (5, 57), (5, 66), (6, 31), (5, 84), (6, 58), (8, 95), (2, 24), (3, 7), (3, 16), (4, 70), (3, 25), (4, 79), (4, 88), (1, 64), (7, 4), (5, 34), (1, 91), (6, 8), (5, 61), (9, 59), (6, 35), (7, 98), (4, 56), (3, 11), (1, 41), (4, 74), (1, 50), (1, 59), (4, 92), (1, 68), (1, 77), (9, 27), (6, 3), (9, 36), (6, 12), (6, 21), (9, 54), (6, 30), (7, 84), (6, 39), (8, 58), (8, 67), (2, 5), (8, 94), (1, 36), (1, 45), (4, 78), (1, 54), (9, 4), (5, 15), (5, 33), (5, 42), (6, 7), (9, 40), (5, 51), (7, 79), (8, 53), (7, 97), (8, 62), (8, 71), (2, 18), (4, 55), (4, 64), (4, 73), (5, 1), (1, 58), (3, 86), (3, 95), (9, 26), (5, 37), (6, 2), (9, 35), (6, 11), (7, 65), (7, 74), (7, 83), (8, 48), (7, 92), (8, 75), (4, 23), (4, 32), (4, 50), (4, 59), (1, 44), (3, 72), (3, 90), (3, 99), (6, 6), (8, 25), (7, 78), (8, 43), (4, 18), (4, 45), (1, 30), (2, 84), (1, 39), (2, 93), (5, 0), (5, 9), (3, 76), (9, 7), (7, 55), (7, 64), (8, 56), (6, 86), (4, 13), (6, 95), (4, 31), (1, 7), (4, 40), (2, 70), (1, 25), (2, 88), (3, 53), (5, 4), (5, 13), (7, 32), (3, 80), (8, 6), (8, 33), (9, 87), (6, 72), (4, 8), (4, 26), (1, 2), (1, 11), (2, 74), (3, 39), (2, 92), (7, 18), (3, 66), (3, 75), (7, 36), (8, 10), (8, 19), (8, 28), (9, 82), (9, 91), (6, 67), (6, 76), (4, 3), (6, 85), (4, 12), (3, 34), (3, 43), (3, 52), (7, 13), (3, 61), (7, 22), (8, 5), (7, 49), (9, 68), (5, 79), (5, 88), (6, 53), (9, 86), (5, 97), (9, 95), (4, 7), (6, 89), (4, 16), (2, 55), (2, 64), (2, 82), (3, 47), (3, 56)}
Initializing TargetedSDP...
Creating list of ytargets...
K :  10
self.n :  [784 100 100 100 100 100 100 100 100 100  10]
Getting to compute bounds...
STUDY : use active neurons:  True use inactive neurons:  False
STUDY : Nb Stable neurons :  427
Number of cuts to test: 1
Cuts to test: [['RLT', 'triangularization']]
Initializing MosekClassicHandler

 
 folder name dans handler:  /lustre/fswork/projects/rech/llc/uvq13au/FastSDPCertification/results/benchmark/9x100-0.026/2026_10_02_00h37_33s_battery-targeted-rlt-notcert
LAST_LAYER in resolve_layer_groups :  False
K :  10
CHORDAL_DECOMPOSITION  in resolve layer groups:  True
INPUT_IN_VARIABLES in resolve_layer_groups :  True
Taille de la matrice pour le groupe 0 [0, 1] : 834
Taille de la matrice pour le groupe 1 [1, 2] : 117
Taille de la matrice pour le groupe 2 [2, 3] : 112
Taille de la matrice pour le groupe 3 [3, 4] : 91
Taille de la matrice pour le groupe 4 [4, 5] : 88
Taille de la matrice pour le groupe 5 [5, 6] : 94
Taille de la matrice pour le groupe 6 [6, 7] : 109
Taille de la matrice pour le groupe 7 [7, 8] : 111
Taille de la matrice pour le groupe 8 [8, 9] : 114
Neurones stables actives:  set()
Neurones stables inactives:  {(7, 17), (1, 95), (7, 26), (7, 35), (8, 0), (5, 65), (8, 9), (5, 74), (9, 72), (5, 83), (6, 48), (6, 57), (9, 90), (6, 75), (4, 2), (3, 6), (2, 50), (3, 15), (3, 42), (7, 3), (1, 90), (1, 99), (6, 34), (9, 67), (5, 87), (2, 36), (3, 1), (2, 54), (3, 28), (3, 37), (1, 85), (5, 46), (9, 44), (5, 55), (9, 53), (5, 73), (6, 38), (5, 82), (8, 84), (8, 93), (3, 5), (3, 14), (4, 68), (1, 53), (4, 86), (1, 62), (7, 2), (5, 41), (1, 89), (9, 39), (5, 68), (5, 77), (6, 42), (7, 96), (8, 70), (8, 88), (2, 17), (2, 35), (3, 0), (3, 9), (4, 81), (1, 57), (1, 66), (4, 99), (5, 27), (1, 75), (9, 25), (5, 36), (5, 54), (9, 52), (6, 28), (8, 65), (8, 74), (2, 21), (4, 49), (4, 58), (1, 34), (1, 43), (4, 76), (9, 11), (5, 22), (1, 70), (5, 31), (5, 40), (9, 38), (6, 14), (9, 47), (5, 58), (6, 23), (7, 77), (8, 51), (7, 95), (8, 78), (2, 7), (4, 44), (4, 53), (1, 38), (1, 47), (4, 80), (5, 8), (9, 6), (5, 17), (1, 65), (3, 84), (9, 15), (5, 26), (3, 93), (5, 35), (6, 0), (9, 33), (7, 63), (8, 55), (8, 64), (2, 2), (8, 82), (4, 30), (4, 39), (1, 24), (4, 57), (1, 42), (2, 96), (5, 3), (1, 51), (3, 70), (5, 12), (5, 21), (3, 88), (9, 19), (5, 39), (6, 4), (6, 13), (8, 32), (7, 85), (8, 59), (8, 68), (4, 34), (4, 43), (1, 19), (1, 28), (4, 61), (1, 46), (3, 65), (3, 74), (7, 62), (8, 27), (8, 36), (8, 45), (4, 11), (6, 93), (4, 20), (1, 14), (4, 47), (1, 32), (3, 60), (5, 2), (3, 69), (5, 11), (8, 13), (7, 57), (7, 66), (8, 31), (7, 75), (6, 79), (4, 6), (6, 97), (4, 24), (2, 72), (2, 90), (3, 55), (2, 99), (5, 6), (7, 43), (8, 17), (8, 44), (9, 98), (4, 1), (6, 83), (6, 92), (1, 4), (3, 32), (3, 41), (2, 85), (3, 50), (7, 20), (7, 29), (7, 56), (9, 75), (5, 86), (5, 95), (9, 93), (6, 78), (4, 5), (6, 96), (2, 44), (2, 53), (2, 62), (3, 27), (2, 71), (7, 6), (3, 54), (7, 15), (3, 63), (7, 24), (7, 33), (8, 7), (5, 72), (8, 16), (9, 70), (5, 81), (9, 79), (5, 90), (6, 55), (6, 73), (4, 0), (6, 82), (4, 9), (2, 48), (3, 13), (3, 22), (2, 75), (3, 49), (1, 79), (1, 88), (7, 28), (7, 37), (8, 2), (9, 56), (5, 67), (9, 65), (5, 76), (6, 41), (5, 85), (6, 50), (9, 83), (6, 68), (8, 96), (3, 8), (2, 52), (3, 17), (4, 89), (3, 44), (4, 98), (1, 74), (1, 83), (1, 92), (5, 62), (6, 36), (5, 80), (6, 45), (8, 91), (3, 3), (2, 47), (3, 12), (4, 75), (3, 30), (1, 78), (7, 9), (9, 37), (5, 48), (1, 96), (9, 46), (5, 57), (5, 66), (6, 31), (5, 84), (6, 58), (8, 95), (2, 24), (3, 7), (3, 16), (4, 70), (3, 25), (4, 79), (4, 88), (1, 64), (7, 4), (5, 34), (1, 91), (6, 8), (5, 61), (9, 59), (6, 35), (7, 98), (4, 56), (3, 11), (1, 41), (4, 74), (1, 50), (1, 59), (4, 92), (1, 68), (1, 77), (9, 27), (6, 3), (9, 36), (6, 12), (6, 21), (9, 54), (6, 30), (7, 84), (6, 39), (8, 58), (8, 67), (2, 5), (8, 94), (1, 36), (1, 45), (4, 78), (1, 54), (9, 4), (5, 15), (5, 33), (5, 42), (6, 7), (9, 40), (5, 51), (7, 79), (8, 53), (7, 97), (8, 62), (8, 71), (2, 18), (4, 55), (4, 64), (4, 73), (5, 1), (1, 58), (3, 86), (3, 95), (9, 26), (5, 37), (6, 2), (9, 35), (6, 11), (7, 65), (7, 74), (7, 83), (8, 48), (7, 92), (8, 75), (4, 23), (4, 32), (4, 50), (4, 59), (1, 44), (3, 72), (3, 90), (3, 99), (6, 6), (8, 25), (7, 78), (8, 43), (4, 18), (4, 45), (1, 30), (2, 84), (1, 39), (2, 93), (5, 0), (5, 9), (3, 76), (9, 7), (7, 55), (7, 64), (8, 56), (6, 86), (4, 13), (6, 95), (4, 31), (1, 7), (4, 40), (2, 70), (1, 25), (2, 88), (3, 53), (5, 4), (5, 13), (7, 32), (3, 80), (8, 6), (8, 33), (9, 87), (6, 72), (4, 8), (4, 26), (1, 2), (1, 11), (2, 74), (3, 39), (2, 92), (7, 18), (3, 66), (3, 75), (7, 36), (8, 10), (8, 19), (8, 28), (9, 82), (9, 91), (6, 67), (6, 76), (4, 3), (6, 85), (4, 12), (3, 34), (3, 43), (3, 52), (7, 13), (3, 61), (7, 22), (8, 5), (7, 49), (9, 68), (5, 79), (5, 88), (6, 53), (9, 86), (5, 97), (9, 95), (4, 7), (6, 89), (4, 16), (2, 55), (2, 64), (2, 82), (3, 47), (3, 56)}
Adjusting MOSEK solver parameters
MOSEK time limit set to 180s
Adding objective function for Lan
Initializing variables...
CALLBACK num variables : 790564
Adding ReLU constraints for layer 1
Adding ReLU constraints for layer 2
Adding ReLU constraints for layer 3
Adding ReLU constraints for layer 4
Adding ReLU constraints for layer 5
Adding ReLU constraints for layer 6
Adding ReLU constraints for layer 7
Adding ReLU constraints for layer 8
Adding ReLU constraints for layer 9
Adding quadratic bounds constraint
Adding quadratic bounds constraint for layer 0
Adding quadratic bounds constraint for layer 1
Adding quadratic bounds constraint for layer 2
Adding quadratic bounds constraint for layer 3
Adding quadratic bounds constraint for layer 4
Adding quadratic bounds constraint for layer 5
Adding quadratic bounds constraint for layer 6
Adding quadratic bounds constraint for layer 7
Adding quadratic bounds constraint for layer 8
Adding quadratic bounds constraint for layer 9
Adding RLT constraint (compact)
Indexes pruned for layer 1 : []
Indexes pruned for layer 2 : [2, 4, 7, 11, 14, 19, 24, 25, 28, 30, 32, 34, 36, 38, 39, 41, 42, 43, 44, 45, 46, 47, 50, 51, 53, 54, 57, 58, 59, 62, 64, 65, 66, 68, 70, 74, 75, 77, 78, 79, 83, 85, 88, 89, 90, 91, 92, 95, 96, 99]
Indexes pruned for layer 3 : [2, 5, 7, 17, 18, 21, 24, 35, 36, 44, 47, 48, 50, 52, 53, 54, 55, 62, 64, 70, 71, 72, 74, 75, 82, 84, 85, 88, 90, 92, 93, 96, 99]
Indexes pruned for layer 4 : [0, 1, 3, 5, 6, 7, 8, 9, 11, 12, 13, 14, 15, 16, 17, 22, 25, 27, 28, 30, 32, 34, 37, 39, 41, 42, 43, 44, 47, 49, 50, 52, 53, 54, 55, 56, 60, 61, 63, 65, 66, 69, 70, 72, 74, 75, 76, 80, 84, 86, 88, 90, 93, 95, 99]
Indexes pruned for layer 5 : [0, 1, 2, 3, 5, 6, 7, 8, 9, 11, 12, 13, 16, 18, 20, 23, 24, 26, 30, 31, 32, 34, 39, 40, 43, 44, 45, 47, 49, 50, 53, 55, 56, 57, 58, 59, 61, 64, 68, 70, 73, 74, 75, 76, 78, 79, 80, 81, 86, 88, 89, 92, 98, 99]
Indexes pruned for layer 6 : [0, 1, 2, 3, 4, 6, 8, 9, 11, 12, 13, 15, 17, 21, 22, 26, 27, 31, 33, 34, 35, 36, 37, 39, 40, 41, 42, 46, 48, 51, 54, 55, 57, 58, 61, 62, 65, 66, 67, 68, 72, 73, 74, 76, 77, 79, 80, 81, 82, 83, 84, 85, 86, 87, 88, 90, 95, 97]
Indexes pruned for layer 7 : [0, 2, 3, 4, 6, 7, 8, 11, 12, 13, 14, 21, 23, 28, 30, 31, 34, 35, 36, 38, 39, 41, 42, 45, 48, 50, 53, 55, 57, 58, 67, 68, 72, 73, 75, 76, 78, 79, 82, 83, 85, 86, 89, 92, 93, 95, 96, 97]
Indexes pruned for layer 8 : [2, 3, 4, 6, 9, 13, 15, 17, 18, 20, 22, 24, 26, 28, 29, 32, 33, 35, 36, 37, 43, 49, 55, 56, 57, 62, 63, 64, 65, 66, 74, 75, 77, 78, 79, 83, 84, 85, 92, 95, 96, 97, 98]
Indexes pruned for layer 9 : [0, 2, 5, 6, 7, 9, 10, 13, 16, 17, 19, 25, 27, 28, 31, 32, 33, 36, 43, 44, 45, 48, 51, 53, 55, 56, 58, 59, 62, 64, 65, 67, 68, 70, 71, 74, 75, 78, 82, 84, 88, 91, 93, 94, 95, 96]
CALLBACK : RLT (compact) = 61033 (dont 0 en repli chemin lent)
Adding rec matrices constraint
Number of constraints for the matrix by layers: 413 for 10 layers, [784 100 100 100 100 100 100 100 100 100  10] neurons, boundary layers: [1, 2, 3, 4, 5, 6, 7, 8]
Adding first term equal zero constraint
CALLBACK : Ending constraints. Total number of constraints :  186670
Cuts in _write_presolve_row:  ['RLT', 'triangularization']
Number of constraints before optimization:  186670
Number of variables before optimization:  790564
All possible cuts:  ['RLT', 'triangularization', 'McCormick_beta_z', 'beta_logits_comparaison', 'beta_logits_comparaison_big_M', 'sum_beta_logits_equal_logit']
Cuts added to dic for _write_presolve_row:  {'RLT': True, 'triangularization': True, 'McCormick_beta_z': False, 'beta_logits_comparaison': False, 'beta_logits_comparaison_big_M': False, 'sum_beta_logits_equal_logit': False}
Writing pre-solve row to results.csv with data_index: 7 target: 1
Pre-solve row written to results.csv with data_index: 7 target: 1
Pre-solve row written to results.csv with 186670 constraints and 790564 variables.
INFO     00:38:07     [objective_classic.py:97] Adding Objective to the task
CALLBACK : Number of constraints : 186670
[conic bundle] factor=0.01 x 183099 contraintes dualisables candidates => 1831 reellement dualisees (les 181268 autres relachees mais jamais penalisees)
  [cb_native dynamic calibration] h(0)=3.114866 pool_initial=50/1831
[cb_native dynamic] h(0)=3.114866 > positivity_threshold=1e-06 -- arret immediat (stop_when_positive).
[conic bundle] data_index=7 target=1 optimal_value=3.1148659460665513 n_iter=0 (47.01s)
Initializing TargetedSDP...
Creating list of ytargets...
K :  10
self.n :  [784 100 100 100 100 100 100 100 100 100  10]
Getting to compute bounds...
STUDY : use active neurons:  True use inactive neurons:  False
STUDY : Nb Stable neurons :  427
Number of cuts to test: 1
Cuts to test: [['RLT', 'triangularization']]
Initializing MosekClassicHandler

 
 folder name dans handler:  /lustre/fswork/projects/rech/llc/uvq13au/FastSDPCertification/results/benchmark/9x100-0.026/2026_10_02_00h37_33s_battery-targeted-rlt-notcert
LAST_LAYER in resolve_layer_groups :  False
K :  10
CHORDAL_DECOMPOSITION  in resolve layer groups:  True
INPUT_IN_VARIABLES in resolve_layer_groups :  True
Taille de la matrice pour le groupe 0 [0, 1] : 834
Taille de la matrice pour le groupe 1 [1, 2] : 117
Taille de la matrice pour le groupe 2 [2, 3] : 112
Taille de la matrice pour le groupe 3 [3, 4] : 91
Taille de la matrice pour le groupe 4 [4, 5] : 88
Taille de la matrice pour le groupe 5 [5, 6] : 94
Taille de la matrice pour le groupe 6 [6, 7] : 109
Taille de la matrice pour le groupe 7 [7, 8] : 111
Taille de la matrice pour le groupe 8 [8, 9] : 114
Neurones stables actives:  set()
Neurones stables inactives:  {(7, 17), (1, 95), (7, 26), (7, 35), (8, 0), (5, 65), (8, 9), (5, 74), (9, 72), (5, 83), (6, 48), (6, 57), (9, 90), (6, 75), (4, 2), (3, 6), (2, 50), (3, 15), (3, 42), (7, 3), (1, 90), (1, 99), (6, 34), (9, 67), (5, 87), (2, 36), (3, 1), (2, 54), (3, 28), (3, 37), (1, 85), (5, 46), (9, 44), (5, 55), (9, 53), (5, 73), (6, 38), (5, 82), (8, 84), (8, 93), (3, 5), (3, 14), (4, 68), (1, 53), (4, 86), (1, 62), (7, 2), (5, 41), (1, 89), (9, 39), (5, 68), (5, 77), (6, 42), (7, 96), (8, 70), (8, 88), (2, 17), (2, 35), (3, 0), (3, 9), (4, 81), (1, 57), (1, 66), (4, 99), (5, 27), (1, 75), (9, 25), (5, 36), (5, 54), (9, 52), (6, 28), (8, 65), (8, 74), (2, 21), (4, 49), (4, 58), (1, 34), (1, 43), (4, 76), (9, 11), (5, 22), (1, 70), (5, 31), (5, 40), (9, 38), (6, 14), (9, 47), (5, 58), (6, 23), (7, 77), (8, 51), (7, 95), (8, 78), (2, 7), (4, 44), (4, 53), (1, 38), (1, 47), (4, 80), (5, 8), (9, 6), (5, 17), (1, 65), (3, 84), (9, 15), (5, 26), (3, 93), (5, 35), (6, 0), (9, 33), (7, 63), (8, 55), (8, 64), (2, 2), (8, 82), (4, 30), (4, 39), (1, 24), (4, 57), (1, 42), (2, 96), (5, 3), (1, 51), (3, 70), (5, 12), (5, 21), (3, 88), (9, 19), (5, 39), (6, 4), (6, 13), (8, 32), (7, 85), (8, 59), (8, 68), (4, 34), (4, 43), (1, 19), (1, 28), (4, 61), (1, 46), (3, 65), (3, 74), (7, 62), (8, 27), (8, 36), (8, 45), (4, 11), (6, 93), (4, 20), (1, 14), (4, 47), (1, 32), (3, 60), (5, 2), (3, 69), (5, 11), (8, 13), (7, 57), (7, 66), (8, 31), (7, 75), (6, 79), (4, 6), (6, 97), (4, 24), (2, 72), (2, 90), (3, 55), (2, 99), (5, 6), (7, 43), (8, 17), (8, 44), (9, 98), (4, 1), (6, 83), (6, 92), (1, 4), (3, 32), (3, 41), (2, 85), (3, 50), (7, 20), (7, 29), (7, 56), (9, 75), (5, 86), (5, 95), (9, 93), (6, 78), (4, 5), (6, 96), (2, 44), (2, 53), (2, 62), (3, 27), (2, 71), (7, 6), (3, 54), (7, 15), (3, 63), (7, 24), (7, 33), (8, 7), (5, 72), (8, 16), (9, 70), (5, 81), (9, 79), (5, 90), (6, 55), (6, 73), (4, 0), (6, 82), (4, 9), (2, 48), (3, 13), (3, 22), (2, 75), (3, 49), (1, 79), (1, 88), (7, 28), (7, 37), (8, 2), (9, 56), (5, 67), (9, 65), (5, 76), (6, 41), (5, 85), (6, 50), (9, 83), (6, 68), (8, 96), (3, 8), (2, 52), (3, 17), (4, 89), (3, 44), (4, 98), (1, 74), (1, 83), (1, 92), (5, 62), (6, 36), (5, 80), (6, 45), (8, 91), (3, 3), (2, 47), (3, 12), (4, 75), (3, 30), (1, 78), (7, 9), (9, 37), (5, 48), (1, 96), (9, 46), (5, 57), (5, 66), (6, 31), (5, 84), (6, 58), (8, 95), (2, 24), (3, 7), (3, 16), (4, 70), (3, 25), (4, 79), (4, 88), (1, 64), (7, 4), (5, 34), (1, 91), (6, 8), (5, 61), (9, 59), (6, 35), (7, 98), (4, 56), (3, 11), (1, 41), (4, 74), (1, 50), (1, 59), (4, 92), (1, 68), (1, 77), (9, 27), (6, 3), (9, 36), (6, 12), (6, 21), (9, 54), (6, 30), (7, 84), (6, 39), (8, 58), (8, 67), (2, 5), (8, 94), (1, 36), (1, 45), (4, 78), (1, 54), (9, 4), (5, 15), (5, 33), (5, 42), (6, 7), (9, 40), (5, 51), (7, 79), (8, 53), (7, 97), (8, 62), (8, 71), (2, 18), (4, 55), (4, 64), (4, 73), (5, 1), (1, 58), (3, 86), (3, 95), (9, 26), (5, 37), (6, 2), (9, 35), (6, 11), (7, 65), (7, 74), (7, 83), (8, 48), (7, 92), (8, 75), (4, 23), (4, 32), (4, 50), (4, 59), (1, 44), (3, 72), (3, 90), (3, 99), (6, 6), (8, 25), (7, 78), (8, 43), (4, 18), (4, 45), (1, 30), (2, 84), (1, 39), (2, 93), (5, 0), (5, 9), (3, 76), (9, 7), (7, 55), (7, 64), (8, 56), (6, 86), (4, 13), (6, 95), (4, 31), (1, 7), (4, 40), (2, 70), (1, 25), (2, 88), (3, 53), (5, 4), (5, 13), (7, 32), (3, 80), (8, 6), (8, 33), (9, 87), (6, 72), (4, 8), (4, 26), (1, 2), (1, 11), (2, 74), (3, 39), (2, 92), (7, 18), (3, 66), (3, 75), (7, 36), (8, 10), (8, 19), (8, 28), (9, 82), (9, 91), (6, 67), (6, 76), (4, 3), (6, 85), (4, 12), (3, 34), (3, 43), (3, 52), (7, 13), (3, 61), (7, 22), (8, 5), (7, 49), (9, 68), (5, 79), (5, 88), (6, 53), (9, 86), (5, 97), (9, 95), (4, 7), (6, 89), (4, 16), (2, 55), (2, 64), (2, 82), (3, 47), (3, 56)}
Adjusting MOSEK solver parameters
MOSEK time limit set to 180s
Adding objective function for Lan
Initializing variables...
CALLBACK num variables : 790564
Adding ReLU constraints for layer 1
Adding ReLU constraints for layer 2
Adding ReLU constraints for layer 3
Adding ReLU constraints for layer 4
Adding ReLU constraints for layer 5
Adding ReLU constraints for layer 6
Adding ReLU constraints for layer 7
Adding ReLU constraints for layer 8
Adding ReLU constraints for layer 9
Adding quadratic bounds constraint
Adding quadratic bounds constraint for layer 0
Adding quadratic bounds constraint for layer 1
Adding quadratic bounds constraint for layer 2
Adding quadratic bounds constraint for layer 3
Adding quadratic bounds constraint for layer 4
Adding quadratic bounds constraint for layer 5
Adding quadratic bounds constraint for layer 6
Adding quadratic bounds constraint for layer 7
Adding quadratic bounds constraint for layer 8
Adding quadratic bounds constraint for layer 9
Adding RLT constraint (compact)
Indexes pruned for layer 1 : []
Indexes pruned for layer 2 : [2, 4, 7, 11, 14, 19, 24, 25, 28, 30, 32, 34, 36, 38, 39, 41, 42, 43, 44, 45, 46, 47, 50, 51, 53, 54, 57, 58, 59, 62, 64, 65, 66, 68, 70, 74, 75, 77, 78, 79, 83, 85, 88, 89, 90, 91, 92, 95, 96, 99]
Indexes pruned for layer 3 : [2, 5, 7, 17, 18, 21, 24, 35, 36, 44, 47, 48, 50, 52, 53, 54, 55, 62, 64, 70, 71, 72, 74, 75, 82, 84, 85, 88, 90, 92, 93, 96, 99]
Indexes pruned for layer 4 : [0, 1, 3, 5, 6, 7, 8, 9, 11, 12, 13, 14, 15, 16, 17, 22, 25, 27, 28, 30, 32, 34, 37, 39, 41, 42, 43, 44, 47, 49, 50, 52, 53, 54, 55, 56, 60, 61, 63, 65, 66, 69, 70, 72, 74, 75, 76, 80, 84, 86, 88, 90, 93, 95, 99]
Indexes pruned for layer 5 : [0, 1, 2, 3, 5, 6, 7, 8, 9, 11, 12, 13, 16, 18, 20, 23, 24, 26, 30, 31, 32, 34, 39, 40, 43, 44, 45, 47, 49, 50, 53, 55, 56, 57, 58, 59, 61, 64, 68, 70, 73, 74, 75, 76, 78, 79, 80, 81, 86, 88, 89, 92, 98, 99]
Indexes pruned for layer 6 : [0, 1, 2, 3, 4, 6, 8, 9, 11, 12, 13, 15, 17, 21, 22, 26, 27, 31, 33, 34, 35, 36, 37, 39, 40, 41, 42, 46, 48, 51, 54, 55, 57, 58, 61, 62, 65, 66, 67, 68, 72, 73, 74, 76, 77, 79, 80, 81, 82, 83, 84, 85, 86, 87, 88, 90, 95, 97]
Indexes pruned for layer 7 : [0, 2, 3, 4, 6, 7, 8, 11, 12, 13, 14, 21, 23, 28, 30, 31, 34, 35, 36, 38, 39, 41, 42, 45, 48, 50, 53, 55, 57, 58, 67, 68, 72, 73, 75, 76, 78, 79, 82, 83, 85, 86, 89, 92, 93, 95, 96, 97]
Indexes pruned for layer 8 : [2, 3, 4, 6, 9, 13, 15, 17, 18, 20, 22, 24, 26, 28, 29, 32, 33, 35, 36, 37, 43, 49, 55, 56, 57, 62, 63, 64, 65, 66, 74, 75, 77, 78, 79, 83, 84, 85, 92, 95, 96, 97, 98]
Indexes pruned for layer 9 : [0, 2, 5, 6, 7, 9, 10, 13, 16, 17, 19, 25, 27, 28, 31, 32, 33, 36, 43, 44, 45, 48, 51, 53, 55, 56, 58, 59, 62, 64, 65, 67, 68, 70, 71, 74, 75, 78, 82, 84, 88, 91, 93, 94, 95, 96]
CALLBACK : RLT (compact) = 61033 (dont 0 en repli chemin lent)
Adding rec matrices constraint
Number of constraints for the matrix by layers: 413 for 10 layers, [784 100 100 100 100 100 100 100 100 100  10] neurons, boundary layers: [1, 2, 3, 4, 5, 6, 7, 8]
Adding first term equal zero constraint
CALLBACK : Ending constraints. Total number of constraints :  186670
Cuts in _write_presolve_row:  ['RLT', 'triangularization']
Number of constraints before optimization:  186670
Number of variables before optimization:  790564
All possible cuts:  ['RLT', 'triangularization', 'McCormick_beta_z', 'beta_logits_comparaison', 'beta_logits_comparaison_big_M', 'sum_beta_logits_equal_logit']
Cuts added to dic for _write_presolve_row:  {'RLT': True, 'triangularization': True, 'McCormick_beta_z': False, 'beta_logits_comparaison': False, 'beta_logits_comparaison_big_M': False, 'sum_beta_logits_equal_logit': False}
Writing pre-solve row to results.csv with data_index: 7 target: 2
Pre-solve row written to results.csv with data_index: 7 target: 2
Pre-solve row written to results.csv with 186670 constraints and 790564 variables.
INFO     00:38:51     [objective_classic.py:97] Adding Objective to the task
CALLBACK : Number of constraints : 186670
[conic bundle] factor=0.01 x 183099 contraintes dualisables candidates => 1831 reellement dualisees (les 181268 autres relachees mais jamais penalisees)
  [cb_native dynamic calibration] h(0)=-0.630921 pool_initial=50/1831
  [cb_native dynamic oracle #5] h=-0.631157 best=-0.630921 pool=50/1831
  [cb_native dynamic oracle #10] h=-0.630923 best=-0.630921 pool=50/1831
**** WARNING: FunctionProblem::add_variable(): subgradient extension failed
[cb_native dynamic] round 1: +50 -9 (pool=91/1831)
  [cb_native dynamic oracle #15] h=-0.630921 best=-0.630921 pool=91/1831
  [cb_native dynamic oracle #20] h=-0.630921 best=-0.630921 pool=91/1831
**** WARNING: FunctionProblem::add_variable(): subgradient extension failed
[cb_native dynamic] round 2: +50 -50 (pool=91/1831)
  [cb_native dynamic oracle #25] h=-0.630923 best=-0.630921 pool=91/1831
**** WARNING: FunctionProblem::add_variable(): subgradient extension failed
[cb_native dynamic] round 3: +50 -50 (pool=91/1831)
  [cb_native dynamic oracle #30] h=-0.630925 best=-0.630921 pool=91/1831
[cb_native dynamic] cycle detecte : le pool resultant de ce round (+50 -50) a deja ete visite -- arret pour eviter une oscillation infinie, n_iter=4, pool avant maj=91/1831.
[cb_native dynamic] n_iter=4 n_oracle_calls=32 n_pool_updates=3 pool_final=91/1831 termination_code=1 h_center=-0.630921 best_h=-0.630921 stop_reason=None
[conic bundle] data_index=7 target=2 optimal_value=-0.6309205993679055 n_iter=4 (733.75s)
Initializing TargetedSDP...
Creating list of ytargets...
K :  10
self.n :  [784 100 100 100 100 100 100 100 100 100  10]
Getting to compute bounds...
STUDY : use active neurons:  True use inactive neurons:  False
STUDY : Nb Stable neurons :  427
Number of cuts to test: 1
Cuts to test: [['RLT', 'triangularization']]
Initializing MosekClassicHandler

 
 folder name dans handler:  /lustre/fswork/projects/rech/llc/uvq13au/FastSDPCertification/results/benchmark/9x100-0.026/2026_10_02_00h37_33s_battery-targeted-rlt-notcert
LAST_LAYER in resolve_layer_groups :  False
K :  10
CHORDAL_DECOMPOSITION  in resolve layer groups:  True
INPUT_IN_VARIABLES in resolve_layer_groups :  True
Taille de la matrice pour le groupe 0 [0, 1] : 834
Taille de la matrice pour le groupe 1 [1, 2] : 117
Taille de la matrice pour le groupe 2 [2, 3] : 112
Taille de la matrice pour le groupe 3 [3, 4] : 91
Taille de la matrice pour le groupe 4 [4, 5] : 88
Taille de la matrice pour le groupe 5 [5, 6] : 94
Taille de la matrice pour le groupe 6 [6, 7] : 109
Taille de la matrice pour le groupe 7 [7, 8] : 111
Taille de la matrice pour le groupe 8 [8, 9] : 114
Neurones stables actives:  set()
Neurones stables inactives:  {(7, 17), (1, 95), (7, 26), (7, 35), (8, 0), (5, 65), (8, 9), (5, 74), (9, 72), (5, 83), (6, 48), (6, 57), (9, 90), (6, 75), (4, 2), (3, 6), (2, 50), (3, 15), (3, 42), (7, 3), (1, 90), (1, 99), (6, 34), (9, 67), (5, 87), (2, 36), (3, 1), (2, 54), (3, 28), (3, 37), (1, 85), (5, 46), (9, 44), (5, 55), (9, 53), (5, 73), (6, 38), (5, 82), (8, 84), (8, 93), (3, 5), (3, 14), (4, 68), (1, 53), (4, 86), (1, 62), (7, 2), (5, 41), (1, 89), (9, 39), (5, 68), (5, 77), (6, 42), (7, 96), (8, 70), (8, 88), (2, 17), (2, 35), (3, 0), (3, 9), (4, 81), (1, 57), (1, 66), (4, 99), (5, 27), (1, 75), (9, 25), (5, 36), (5, 54), (9, 52), (6, 28), (8, 65), (8, 74), (2, 21), (4, 49), (4, 58), (1, 34), (1, 43), (4, 76), (9, 11), (5, 22), (1, 70), (5, 31), (5, 40), (9, 38), (6, 14), (9, 47), (5, 58), (6, 23), (7, 77), (8, 51), (7, 95), (8, 78), (2, 7), (4, 44), (4, 53), (1, 38), (1, 47), (4, 80), (5, 8), (9, 6), (5, 17), (1, 65), (3, 84), (9, 15), (5, 26), (3, 93), (5, 35), (6, 0), (9, 33), (7, 63), (8, 55), (8, 64), (2, 2), (8, 82), (4, 30), (4, 39), (1, 24), (4, 57), (1, 42), (2, 96), (5, 3), (1, 51), (3, 70), (5, 12), (5, 21), (3, 88), (9, 19), (5, 39), (6, 4), (6, 13), (8, 32), (7, 85), (8, 59), (8, 68), (4, 34), (4, 43), (1, 19), (1, 28), (4, 61), (1, 46), (3, 65), (3, 74), (7, 62), (8, 27), (8, 36), (8, 45), (4, 11), (6, 93), (4, 20), (1, 14), (4, 47), (1, 32), (3, 60), (5, 2), (3, 69), (5, 11), (8, 13), (7, 57), (7, 66), (8, 31), (7, 75), (6, 79), (4, 6), (6, 97), (4, 24), (2, 72), (2, 90), (3, 55), (2, 99), (5, 6), (7, 43), (8, 17), (8, 44), (9, 98), (4, 1), (6, 83), (6, 92), (1, 4), (3, 32), (3, 41), (2, 85), (3, 50), (7, 20), (7, 29), (7, 56), (9, 75), (5, 86), (5, 95), (9, 93), (6, 78), (4, 5), (6, 96), (2, 44), (2, 53), (2, 62), (3, 27), (2, 71), (7, 6), (3, 54), (7, 15), (3, 63), (7, 24), (7, 33), (8, 7), (5, 72), (8, 16), (9, 70), (5, 81), (9, 79), (5, 90), (6, 55), (6, 73), (4, 0), (6, 82), (4, 9), (2, 48), (3, 13), (3, 22), (2, 75), (3, 49), (1, 79), (1, 88), (7, 28), (7, 37), (8, 2), (9, 56), (5, 67), (9, 65), (5, 76), (6, 41), (5, 85), (6, 50), (9, 83), (6, 68), (8, 96), (3, 8), (2, 52), (3, 17), (4, 89), (3, 44), (4, 98), (1, 74), (1, 83), (1, 92), (5, 62), (6, 36), (5, 80), (6, 45), (8, 91), (3, 3), (2, 47), (3, 12), (4, 75), (3, 30), (1, 78), (7, 9), (9, 37), (5, 48), (1, 96), (9, 46), (5, 57), (5, 66), (6, 31), (5, 84), (6, 58), (8, 95), (2, 24), (3, 7), (3, 16), (4, 70), (3, 25), (4, 79), (4, 88), (1, 64), (7, 4), (5, 34), (1, 91), (6, 8), (5, 61), (9, 59), (6, 35), (7, 98), (4, 56), (3, 11), (1, 41), (4, 74), (1, 50), (1, 59), (4, 92), (1, 68), (1, 77), (9, 27), (6, 3), (9, 36), (6, 12), (6, 21), (9, 54), (6, 30), (7, 84), (6, 39), (8, 58), (8, 67), (2, 5), (8, 94), (1, 36), (1, 45), (4, 78), (1, 54), (9, 4), (5, 15), (5, 33), (5, 42), (6, 7), (9, 40), (5, 51), (7, 79), (8, 53), (7, 97), (8, 62), (8, 71), (2, 18), (4, 55), (4, 64), (4, 73), (5, 1), (1, 58), (3, 86), (3, 95), (9, 26), (5, 37), (6, 2), (9, 35), (6, 11), (7, 65), (7, 74), (7, 83), (8, 48), (7, 92), (8, 75), (4, 23), (4, 32), (4, 50), (4, 59), (1, 44), (3, 72), (3, 90), (3, 99), (6, 6), (8, 25), (7, 78), (8, 43), (4, 18), (4, 45), (1, 30), (2, 84), (1, 39), (2, 93), (5, 0), (5, 9), (3, 76), (9, 7), (7, 55), (7, 64), (8, 56), (6, 86), (4, 13), (6, 95), (4, 31), (1, 7), (4, 40), (2, 70), (1, 25), (2, 88), (3, 53), (5, 4), (5, 13), (7, 32), (3, 80), (8, 6), (8, 33), (9, 87), (6, 72), (4, 8), (4, 26), (1, 2), (1, 11), (2, 74), (3, 39), (2, 92), (7, 18), (3, 66), (3, 75), (7, 36), (8, 10), (8, 19), (8, 28), (9, 82), (9, 91), (6, 67), (6, 76), (4, 3), (6, 85), (4, 12), (3, 34), (3, 43), (3, 52), (7, 13), (3, 61), (7, 22), (8, 5), (7, 49), (9, 68), (5, 79), (5, 88), (6, 53), (9, 86), (5, 97), (9, 95), (4, 7), (6, 89), (4, 16), (2, 55), (2, 64), (2, 82), (3, 47), (3, 56)}
Adjusting MOSEK solver parameters
MOSEK time limit set to 180s
Adding objective function for Lan
Initializing variables...
CALLBACK num variables : 790564
Adding ReLU constraints for layer 1
Adding ReLU constraints for layer 2
Adding ReLU constraints for layer 3
Adding ReLU constraints for layer 4
Adding ReLU constraints for layer 5
Adding ReLU constraints for layer 6
Adding ReLU constraints for layer 7
Adding ReLU constraints for layer 8
Adding ReLU constraints for layer 9
Adding quadratic bounds constraint
Adding quadratic bounds constraint for layer 0
Adding quadratic bounds constraint for layer 1
Adding quadratic bounds constraint for layer 2
Adding quadratic bounds constraint for layer 3
Adding quadratic bounds constraint for layer 4
Adding quadratic bounds constraint for layer 5
Adding quadratic bounds constraint for layer 6
Adding quadratic bounds constraint for layer 7
Adding quadratic bounds constraint for layer 8
Adding quadratic bounds constraint for layer 9
Adding RLT constraint (compact)
Indexes pruned for layer 1 : []
Indexes pruned for layer 2 : [2, 4, 7, 11, 14, 19, 24, 25, 28, 30, 32, 34, 36, 38, 39, 41, 42, 43, 44, 45, 46, 47, 50, 51, 53, 54, 57, 58, 59, 62, 64, 65, 66, 68, 70, 74, 75, 77, 78, 79, 83, 85, 88, 89, 90, 91, 92, 95, 96, 99]
Indexes pruned for layer 3 : [2, 5, 7, 17, 18, 21, 24, 35, 36, 44, 47, 48, 50, 52, 53, 54, 55, 62, 64, 70, 71, 72, 74, 75, 82, 84, 85, 88, 90, 92, 93, 96, 99]
Indexes pruned for layer 4 : [0, 1, 3, 5, 6, 7, 8, 9, 11, 12, 13, 14, 15, 16, 17, 22, 25, 27, 28, 30, 32, 34, 37, 39, 41, 42, 43, 44, 47, 49, 50, 52, 53, 54, 55, 56, 60, 61, 63, 65, 66, 69, 70, 72, 74, 75, 76, 80, 84, 86, 88, 90, 93, 95, 99]
Indexes pruned for layer 5 : [0, 1, 2, 3, 5, 6, 7, 8, 9, 11, 12, 13, 16, 18, 20, 23, 24, 26, 30, 31, 32, 34, 39, 40, 43, 44, 45, 47, 49, 50, 53, 55, 56, 57, 58, 59, 61, 64, 68, 70, 73, 74, 75, 76, 78, 79, 80, 81, 86, 88, 89, 92, 98, 99]
Indexes pruned for layer 6 : [0, 1, 2, 3, 4, 6, 8, 9, 11, 12, 13, 15, 17, 21, 22, 26, 27, 31, 33, 34, 35, 36, 37, 39, 40, 41, 42, 46, 48, 51, 54, 55, 57, 58, 61, 62, 65, 66, 67, 68, 72, 73, 74, 76, 77, 79, 80, 81, 82, 83, 84, 85, 86, 87, 88, 90, 95, 97]
Indexes pruned for layer 7 : [0, 2, 3, 4, 6, 7, 8, 11, 12, 13, 14, 21, 23, 28, 30, 31, 34, 35, 36, 38, 39, 41, 42, 45, 48, 50, 53, 55, 57, 58, 67, 68, 72, 73, 75, 76, 78, 79, 82, 83, 85, 86, 89, 92, 93, 95, 96, 97]
Indexes pruned for layer 8 : [2, 3, 4, 6, 9, 13, 15, 17, 18, 20, 22, 24, 26, 28, 29, 32, 33, 35, 36, 37, 43, 49, 55, 56, 57, 62, 63, 64, 65, 66, 74, 75, 77, 78, 79, 83, 84, 85, 92, 95, 96, 97, 98]
Indexes pruned for layer 9 : [0, 2, 5, 6, 7, 9, 10, 13, 16, 17, 19, 25, 27, 28, 31, 32, 33, 36, 43, 44, 45, 48, 51, 53, 55, 56, 58, 59, 62, 64, 65, 67, 68, 70, 71, 74, 75, 78, 82, 84, 88, 91, 93, 94, 95, 96]
CALLBACK : RLT (compact) = 61033 (dont 0 en repli chemin lent)
Adding rec matrices constraint
Number of constraints for the matrix by layers: 413 for 10 layers, [784 100 100 100 100 100 100 100 100 100  10] neurons, boundary layers: [1, 2, 3, 4, 5, 6, 7, 8]
Adding first term equal zero constraint
CALLBACK : Ending constraints. Total number of constraints :  186670
Cuts in _write_presolve_row:  ['RLT', 'triangularization']
Number of constraints before optimization:  186670
Number of variables before optimization:  790564
All possible cuts:  ['RLT', 'triangularization', 'McCormick_beta_z', 'beta_logits_comparaison', 'beta_logits_comparaison_big_M', 'sum_beta_logits_equal_logit']
Cuts added to dic for _write_presolve_row:  {'RLT': True, 'triangularization': True, 'McCormick_beta_z': False, 'beta_logits_comparaison': False, 'beta_logits_comparaison_big_M': False, 'sum_beta_logits_equal_logit': False}
Writing pre-solve row to results.csv with data_index: 7 target: 3
Pre-solve row written to results.csv with data_index: 7 target: 3
Pre-solve row written to results.csv with 186670 constraints and 790564 variables.
INFO     00:51:08     [objective_classic.py:97] Adding Objective to the task
CALLBACK : Number of constraints : 186670
[conic bundle] factor=0.01 x 183099 contraintes dualisables candidates => 1831 reellement dualisees (les 181268 autres relachees mais jamais penalisees)
  [cb_native dynamic calibration] h(0)=1.683474 pool_initial=50/1831
[cb_native dynamic] h(0)=1.683474 > positivity_threshold=1e-06 -- arret immediat (stop_when_positive).
[conic bundle] data_index=7 target=3 optimal_value=1.6834737650862681 n_iter=0 (44.16s)
Initializing TargetedSDP...
Creating list of ytargets...
K :  10
self.n :  [784 100 100 100 100 100 100 100 100 100  10]
Getting to compute bounds...
STUDY : use active neurons:  True use inactive neurons:  False
STUDY : Nb Stable neurons :  427
Number of cuts to test: 1
Cuts to test: [['RLT', 'triangularization']]
Initializing MosekClassicHandler

 
 folder name dans handler:  /lustre/fswork/projects/rech/llc/uvq13au/FastSDPCertification/results/benchmark/9x100-0.026/2026_10_02_00h37_33s_battery-targeted-rlt-notcert
LAST_LAYER in resolve_layer_groups :  False
K :  10
CHORDAL_DECOMPOSITION  in resolve layer groups:  True
INPUT_IN_VARIABLES in resolve_layer_groups :  True
Taille de la matrice pour le groupe 0 [0, 1] : 834
Taille de la matrice pour le groupe 1 [1, 2] : 117
Taille de la matrice pour le groupe 2 [2, 3] : 112
Taille de la matrice pour le groupe 3 [3, 4] : 91
Taille de la matrice pour le groupe 4 [4, 5] : 88
Taille de la matrice pour le groupe 5 [5, 6] : 94
Taille de la matrice pour le groupe 6 [6, 7] : 109
Taille de la matrice pour le groupe 7 [7, 8] : 111
Taille de la matrice pour le groupe 8 [8, 9] : 114
Neurones stables actives:  set()
Neurones stables inactives:  {(7, 17), (1, 95), (7, 26), (7, 35), (8, 0), (5, 65), (8, 9), (5, 74), (9, 72), (5, 83), (6, 48), (6, 57), (9, 90), (6, 75), (4, 2), (3, 6), (2, 50), (3, 15), (3, 42), (7, 3), (1, 90), (1, 99), (6, 34), (9, 67), (5, 87), (2, 36), (3, 1), (2, 54), (3, 28), (3, 37), (1, 85), (5, 46), (9, 44), (5, 55), (9, 53), (5, 73), (6, 38), (5, 82), (8, 84), (8, 93), (3, 5), (3, 14), (4, 68), (1, 53), (4, 86), (1, 62), (7, 2), (5, 41), (1, 89), (9, 39), (5, 68), (5, 77), (6, 42), (7, 96), (8, 70), (8, 88), (2, 17), (2, 35), (3, 0), (3, 9), (4, 81), (1, 57), (1, 66), (4, 99), (5, 27), (1, 75), (9, 25), (5, 36), (5, 54), (9, 52), (6, 28), (8, 65), (8, 74), (2, 21), (4, 49), (4, 58), (1, 34), (1, 43), (4, 76), (9, 11), (5, 22), (1, 70), (5, 31), (5, 40), (9, 38), (6, 14), (9, 47), (5, 58), (6, 23), (7, 77), (8, 51), (7, 95), (8, 78), (2, 7), (4, 44), (4, 53), (1, 38), (1, 47), (4, 80), (5, 8), (9, 6), (5, 17), (1, 65), (3, 84), (9, 15), (5, 26), (3, 93), (5, 35), (6, 0), (9, 33), (7, 63), (8, 55), (8, 64), (2, 2), (8, 82), (4, 30), (4, 39), (1, 24), (4, 57), (1, 42), (2, 96), (5, 3), (1, 51), (3, 70), (5, 12), (5, 21), (3, 88), (9, 19), (5, 39), (6, 4), (6, 13), (8, 32), (7, 85), (8, 59), (8, 68), (4, 34), (4, 43), (1, 19), (1, 28), (4, 61), (1, 46), (3, 65), (3, 74), (7, 62), (8, 27), (8, 36), (8, 45), (4, 11), (6, 93), (4, 20), (1, 14), (4, 47), (1, 32), (3, 60), (5, 2), (3, 69), (5, 11), (8, 13), (7, 57), (7, 66), (8, 31), (7, 75), (6, 79), (4, 6), (6, 97), (4, 24), (2, 72), (2, 90), (3, 55), (2, 99), (5, 6), (7, 43), (8, 17), (8, 44), (9, 98), (4, 1), (6, 83), (6, 92), (1, 4), (3, 32), (3, 41), (2, 85), (3, 50), (7, 20), (7, 29), (7, 56), (9, 75), (5, 86), (5, 95), (9, 93), (6, 78), (4, 5), (6, 96), (2, 44), (2, 53), (2, 62), (3, 27), (2, 71), (7, 6), (3, 54), (7, 15), (3, 63), (7, 24), (7, 33), (8, 7), (5, 72), (8, 16), (9, 70), (5, 81), (9, 79), (5, 90), (6, 55), (6, 73), (4, 0), (6, 82), (4, 9), (2, 48), (3, 13), (3, 22), (2, 75), (3, 49), (1, 79), (1, 88), (7, 28), (7, 37), (8, 2), (9, 56), (5, 67), (9, 65), (5, 76), (6, 41), (5, 85), (6, 50), (9, 83), (6, 68), (8, 96), (3, 8), (2, 52), (3, 17), (4, 89), (3, 44), (4, 98), (1, 74), (1, 83), (1, 92), (5, 62), (6, 36), (5, 80), (6, 45), (8, 91), (3, 3), (2, 47), (3, 12), (4, 75), (3, 30), (1, 78), (7, 9), (9, 37), (5, 48), (1, 96), (9, 46), (5, 57), (5, 66), (6, 31), (5, 84), (6, 58), (8, 95), (2, 24), (3, 7), (3, 16), (4, 70), (3, 25), (4, 79), (4, 88), (1, 64), (7, 4), (5, 34), (1, 91), (6, 8), (5, 61), (9, 59), (6, 35), (7, 98), (4, 56), (3, 11), (1, 41), (4, 74), (1, 50), (1, 59), (4, 92), (1, 68), (1, 77), (9, 27), (6, 3), (9, 36), (6, 12), (6, 21), (9, 54), (6, 30), (7, 84), (6, 39), (8, 58), (8, 67), (2, 5), (8, 94), (1, 36), (1, 45), (4, 78), (1, 54), (9, 4), (5, 15), (5, 33), (5, 42), (6, 7), (9, 40), (5, 51), (7, 79), (8, 53), (7, 97), (8, 62), (8, 71), (2, 18), (4, 55), (4, 64), (4, 73), (5, 1), (1, 58), (3, 86), (3, 95), (9, 26), (5, 37), (6, 2), (9, 35), (6, 11), (7, 65), (7, 74), (7, 83), (8, 48), (7, 92), (8, 75), (4, 23), (4, 32), (4, 50), (4, 59), (1, 44), (3, 72), (3, 90), (3, 99), (6, 6), (8, 25), (7, 78), (8, 43), (4, 18), (4, 45), (1, 30), (2, 84), (1, 39), (2, 93), (5, 0), (5, 9), (3, 76), (9, 7), (7, 55), (7, 64), (8, 56), (6, 86), (4, 13), (6, 95), (4, 31), (1, 7), (4, 40), (2, 70), (1, 25), (2, 88), (3, 53), (5, 4), (5, 13), (7, 32), (3, 80), (8, 6), (8, 33), (9, 87), (6, 72), (4, 8), (4, 26), (1, 2), (1, 11), (2, 74), (3, 39), (2, 92), (7, 18), (3, 66), (3, 75), (7, 36), (8, 10), (8, 19), (8, 28), (9, 82), (9, 91), (6, 67), (6, 76), (4, 3), (6, 85), (4, 12), (3, 34), (3, 43), (3, 52), (7, 13), (3, 61), (7, 22), (8, 5), (7, 49), (9, 68), (5, 79), (5, 88), (6, 53), (9, 86), (5, 97), (9, 95), (4, 7), (6, 89), (4, 16), (2, 55), (2, 64), (2, 82), (3, 47), (3, 56)}
Adjusting MOSEK solver parameters
MOSEK time limit set to 180s
Adding objective function for Lan
Initializing variables...
CALLBACK num variables : 790564
Adding ReLU constraints for layer 1
Adding ReLU constraints for layer 2
Adding ReLU constraints for layer 3
Adding ReLU constraints for layer 4
Adding ReLU constraints for layer 5
Adding ReLU constraints for layer 6
Adding ReLU constraints for layer 7
Adding ReLU constraints for layer 8
Adding ReLU constraints for layer 9
Adding quadratic bounds constraint
Adding quadratic bounds constraint for layer 0
Adding quadratic bounds constraint for layer 1
Adding quadratic bounds constraint for layer 2
Adding quadratic bounds constraint for layer 3
Adding quadratic bounds constraint for layer 4
Adding quadratic bounds constraint for layer 5
Adding quadratic bounds constraint for layer 6
Adding quadratic bounds constraint for layer 7
Adding quadratic bounds constraint for layer 8
Adding quadratic bounds constraint for layer 9
Adding RLT constraint (compact)
Indexes pruned for layer 1 : []
Indexes pruned for layer 2 : [2, 4, 7, 11, 14, 19, 24, 25, 28, 30, 32, 34, 36, 38, 39, 41, 42, 43, 44, 45, 46, 47, 50, 51, 53, 54, 57, 58, 59, 62, 64, 65, 66, 68, 70, 74, 75, 77, 78, 79, 83, 85, 88, 89, 90, 91, 92, 95, 96, 99]
Indexes pruned for layer 3 : [2, 5, 7, 17, 18, 21, 24, 35, 36, 44, 47, 48, 50, 52, 53, 54, 55, 62, 64, 70, 71, 72, 74, 75, 82, 84, 85, 88, 90, 92, 93, 96, 99]
Indexes pruned for layer 4 : [0, 1, 3, 5, 6, 7, 8, 9, 11, 12, 13, 14, 15, 16, 17, 22, 25, 27, 28, 30, 32, 34, 37, 39, 41, 42, 43, 44, 47, 49, 50, 52, 53, 54, 55, 56, 60, 61, 63, 65, 66, 69, 70, 72, 74, 75, 76, 80, 84, 86, 88, 90, 93, 95, 99]
Indexes pruned for layer 5 : [0, 1, 2, 3, 5, 6, 7, 8, 9, 11, 12, 13, 16, 18, 20, 23, 24, 26, 30, 31, 32, 34, 39, 40, 43, 44, 45, 47, 49, 50, 53, 55, 56, 57, 58, 59, 61, 64, 68, 70, 73, 74, 75, 76, 78, 79, 80, 81, 86, 88, 89, 92, 98, 99]
Indexes pruned for layer 6 : [0, 1, 2, 3, 4, 6, 8, 9, 11, 12, 13, 15, 17, 21, 22, 26, 27, 31, 33, 34, 35, 36, 37, 39, 40, 41, 42, 46, 48, 51, 54, 55, 57, 58, 61, 62, 65, 66, 67, 68, 72, 73, 74, 76, 77, 79, 80, 81, 82, 83, 84, 85, 86, 87, 88, 90, 95, 97]
Indexes pruned for layer 7 : [0, 2, 3, 4, 6, 7, 8, 11, 12, 13, 14, 21, 23, 28, 30, 31, 34, 35, 36, 38, 39, 41, 42, 45, 48, 50, 53, 55, 57, 58, 67, 68, 72, 73, 75, 76, 78, 79, 82, 83, 85, 86, 89, 92, 93, 95, 96, 97]
Indexes pruned for layer 8 : [2, 3, 4, 6, 9, 13, 15, 17, 18, 20, 22, 24, 26, 28, 29, 32, 33, 35, 36, 37, 43, 49, 55, 56, 57, 62, 63, 64, 65, 66, 74, 75, 77, 78, 79, 83, 84, 85, 92, 95, 96, 97, 98]
Indexes pruned for layer 9 : [0, 2, 5, 6, 7, 9, 10, 13, 16, 17, 19, 25, 27, 28, 31, 32, 33, 36, 43, 44, 45, 48, 51, 53, 55, 56, 58, 59, 62, 64, 65, 67, 68, 70, 71, 74, 75, 78, 82, 84, 88, 91, 93, 94, 95, 96]
CALLBACK : RLT (compact) = 61033 (dont 0 en repli chemin lent)
Adding rec matrices constraint
Number of constraints for the matrix by layers: 413 for 10 layers, [784 100 100 100 100 100 100 100 100 100  10] neurons, boundary layers: [1, 2, 3, 4, 5, 6, 7, 8]
Adding first term equal zero constraint
CALLBACK : Ending constraints. Total number of constraints :  186670
Cuts in _write_presolve_row:  ['RLT', 'triangularization']
Number of constraints before optimization:  186670
Number of variables before optimization:  790564
All possible cuts:  ['RLT', 'triangularization', 'McCormick_beta_z', 'beta_logits_comparaison', 'beta_logits_comparaison_big_M', 'sum_beta_logits_equal_logit']
Cuts added to dic for _write_presolve_row:  {'RLT': True, 'triangularization': True, 'McCormick_beta_z': False, 'beta_logits_comparaison': False, 'beta_logits_comparaison_big_M': False, 'sum_beta_logits_equal_logit': False}
Writing pre-solve row to results.csv with data_index: 7 target: 4
Pre-solve row written to results.csv with data_index: 7 target: 4
Pre-solve row written to results.csv with 186670 constraints and 790564 variables.
INFO     00:51:54     [objective_classic.py:97] Adding Objective to the task
CALLBACK : Number of constraints : 186670
[conic bundle] factor=0.01 x 183099 contraintes dualisables candidates => 1831 reellement dualisees (les 181268 autres relachees mais jamais penalisees)
  [cb_native dynamic calibration] h(0)=2.324581 pool_initial=50/1831
[cb_native dynamic] h(0)=2.324581 > positivity_threshold=1e-06 -- arret immediat (stop_when_positive).
[conic bundle] data_index=7 target=4 optimal_value=2.3245808440859235 n_iter=0 (42.43s)
Initializing TargetedSDP...
Creating list of ytargets...
K :  10
self.n :  [784 100 100 100 100 100 100 100 100 100  10]
Getting to compute bounds...
STUDY : use active neurons:  True use inactive neurons:  False
STUDY : Nb Stable neurons :  427
Number of cuts to test: 1
Cuts to test: [['RLT', 'triangularization']]
Initializing MosekClassicHandler

 
 folder name dans handler:  /lustre/fswork/projects/rech/llc/uvq13au/FastSDPCertification/results/benchmark/9x100-0.026/2026_10_02_00h37_33s_battery-targeted-rlt-notcert
LAST_LAYER in resolve_layer_groups :  False
K :  10
CHORDAL_DECOMPOSITION  in resolve layer groups:  True
INPUT_IN_VARIABLES in resolve_layer_groups :  True
Taille de la matrice pour le groupe 0 [0, 1] : 834
Taille de la matrice pour le groupe 1 [1, 2] : 117
Taille de la matrice pour le groupe 2 [2, 3] : 112
Taille de la matrice pour le groupe 3 [3, 4] : 91
Taille de la matrice pour le groupe 4 [4, 5] : 88
Taille de la matrice pour le groupe 5 [5, 6] : 94
Taille de la matrice pour le groupe 6 [6, 7] : 109
Taille de la matrice pour le groupe 7 [7, 8] : 111
Taille de la matrice pour le groupe 8 [8, 9] : 114
Neurones stables actives:  set()
Neurones stables inactives:  {(7, 17), (1, 95), (7, 26), (7, 35), (8, 0), (5, 65), (8, 9), (5, 74), (9, 72), (5, 83), (6, 48), (6, 57), (9, 90), (6, 75), (4, 2), (3, 6), (2, 50), (3, 15), (3, 42), (7, 3), (1, 90), (1, 99), (6, 34), (9, 67), (5, 87), (2, 36), (3, 1), (2, 54), (3, 28), (3, 37), (1, 85), (5, 46), (9, 44), (5, 55), (9, 53), (5, 73), (6, 38), (5, 82), (8, 84), (8, 93), (3, 5), (3, 14), (4, 68), (1, 53), (4, 86), (1, 62), (7, 2), (5, 41), (1, 89), (9, 39), (5, 68), (5, 77), (6, 42), (7, 96), (8, 70), (8, 88), (2, 17), (2, 35), (3, 0), (3, 9), (4, 81), (1, 57), (1, 66), (4, 99), (5, 27), (1, 75), (9, 25), (5, 36), (5, 54), (9, 52), (6, 28), (8, 65), (8, 74), (2, 21), (4, 49), (4, 58), (1, 34), (1, 43), (4, 76), (9, 11), (5, 22), (1, 70), (5, 31), (5, 40), (9, 38), (6, 14), (9, 47), (5, 58), (6, 23), (7, 77), (8, 51), (7, 95), (8, 78), (2, 7), (4, 44), (4, 53), (1, 38), (1, 47), (4, 80), (5, 8), (9, 6), (5, 17), (1, 65), (3, 84), (9, 15), (5, 26), (3, 93), (5, 35), (6, 0), (9, 33), (7, 63), (8, 55), (8, 64), (2, 2), (8, 82), (4, 30), (4, 39), (1, 24), (4, 57), (1, 42), (2, 96), (5, 3), (1, 51), (3, 70), (5, 12), (5, 21), (3, 88), (9, 19), (5, 39), (6, 4), (6, 13), (8, 32), (7, 85), (8, 59), (8, 68), (4, 34), (4, 43), (1, 19), (1, 28), (4, 61), (1, 46), (3, 65), (3, 74), (7, 62), (8, 27), (8, 36), (8, 45), (4, 11), (6, 93), (4, 20), (1, 14), (4, 47), (1, 32), (3, 60), (5, 2), (3, 69), (5, 11), (8, 13), (7, 57), (7, 66), (8, 31), (7, 75), (6, 79), (4, 6), (6, 97), (4, 24), (2, 72), (2, 90), (3, 55), (2, 99), (5, 6), (7, 43), (8, 17), (8, 44), (9, 98), (4, 1), (6, 83), (6, 92), (1, 4), (3, 32), (3, 41), (2, 85), (3, 50), (7, 20), (7, 29), (7, 56), (9, 75), (5, 86), (5, 95), (9, 93), (6, 78), (4, 5), (6, 96), (2, 44), (2, 53), (2, 62), (3, 27), (2, 71), (7, 6), (3, 54), (7, 15), (3, 63), (7, 24), (7, 33), (8, 7), (5, 72), (8, 16), (9, 70), (5, 81), (9, 79), (5, 90), (6, 55), (6, 73), (4, 0), (6, 82), (4, 9), (2, 48), (3, 13), (3, 22), (2, 75), (3, 49), (1, 79), (1, 88), (7, 28), (7, 37), (8, 2), (9, 56), (5, 67), (9, 65), (5, 76), (6, 41), (5, 85), (6, 50), (9, 83), (6, 68), (8, 96), (3, 8), (2, 52), (3, 17), (4, 89), (3, 44), (4, 98), (1, 74), (1, 83), (1, 92), (5, 62), (6, 36), (5, 80), (6, 45), (8, 91), (3, 3), (2, 47), (3, 12), (4, 75), (3, 30), (1, 78), (7, 9), (9, 37), (5, 48), (1, 96), (9, 46), (5, 57), (5, 66), (6, 31), (5, 84), (6, 58), (8, 95), (2, 24), (3, 7), (3, 16), (4, 70), (3, 25), (4, 79), (4, 88), (1, 64), (7, 4), (5, 34), (1, 91), (6, 8), (5, 61), (9, 59), (6, 35), (7, 98), (4, 56), (3, 11), (1, 41), (4, 74), (1, 50), (1, 59), (4, 92), (1, 68), (1, 77), (9, 27), (6, 3), (9, 36), (6, 12), (6, 21), (9, 54), (6, 30), (7, 84), (6, 39), (8, 58), (8, 67), (2, 5), (8, 94), (1, 36), (1, 45), (4, 78), (1, 54), (9, 4), (5, 15), (5, 33), (5, 42), (6, 7), (9, 40), (5, 51), (7, 79), (8, 53), (7, 97), (8, 62), (8, 71), (2, 18), (4, 55), (4, 64), (4, 73), (5, 1), (1, 58), (3, 86), (3, 95), (9, 26), (5, 37), (6, 2), (9, 35), (6, 11), (7, 65), (7, 74), (7, 83), (8, 48), (7, 92), (8, 75), (4, 23), (4, 32), (4, 50), (4, 59), (1, 44), (3, 72), (3, 90), (3, 99), (6, 6), (8, 25), (7, 78), (8, 43), (4, 18), (4, 45), (1, 30), (2, 84), (1, 39), (2, 93), (5, 0), (5, 9), (3, 76), (9, 7), (7, 55), (7, 64), (8, 56), (6, 86), (4, 13), (6, 95), (4, 31), (1, 7), (4, 40), (2, 70), (1, 25), (2, 88), (3, 53), (5, 4), (5, 13), (7, 32), (3, 80), (8, 6), (8, 33), (9, 87), (6, 72), (4, 8), (4, 26), (1, 2), (1, 11), (2, 74), (3, 39), (2, 92), (7, 18), (3, 66), (3, 75), (7, 36), (8, 10), (8, 19), (8, 28), (9, 82), (9, 91), (6, 67), (6, 76), (4, 3), (6, 85), (4, 12), (3, 34), (3, 43), (3, 52), (7, 13), (3, 61), (7, 22), (8, 5), (7, 49), (9, 68), (5, 79), (5, 88), (6, 53), (9, 86), (5, 97), (9, 95), (4, 7), (6, 89), (4, 16), (2, 55), (2, 64), (2, 82), (3, 47), (3, 56)}
Adjusting MOSEK solver parameters
MOSEK time limit set to 180s
Adding objective function for Lan
Initializing variables...
CALLBACK num variables : 790564
Adding ReLU constraints for layer 1
Adding ReLU constraints for layer 2
Adding ReLU constraints for layer 3
Adding ReLU constraints for layer 4
Adding ReLU constraints for layer 5
Adding ReLU constraints for layer 6
Adding ReLU constraints for layer 7
Adding ReLU constraints for layer 8
Adding ReLU constraints for layer 9
Adding quadratic bounds constraint
Adding quadratic bounds constraint for layer 0
Adding quadratic bounds constraint for layer 1
Adding quadratic bounds constraint for layer 2
Adding quadratic bounds constraint for layer 3
Adding quadratic bounds constraint for layer 4
Adding quadratic bounds constraint for layer 5
Adding quadratic bounds constraint for layer 6
Adding quadratic bounds constraint for layer 7
Adding quadratic bounds constraint for layer 8
Adding quadratic bounds constraint for layer 9
Adding RLT constraint (compact)
Indexes pruned for layer 1 : []
Indexes pruned for layer 2 : [2, 4, 7, 11, 14, 19, 24, 25, 28, 30, 32, 34, 36, 38, 39, 41, 42, 43, 44, 45, 46, 47, 50, 51, 53, 54, 57, 58, 59, 62, 64, 65, 66, 68, 70, 74, 75, 77, 78, 79, 83, 85, 88, 89, 90, 91, 92, 95, 96, 99]
Indexes pruned for layer 3 : [2, 5, 7, 17, 18, 21, 24, 35, 36, 44, 47, 48, 50, 52, 53, 54, 55, 62, 64, 70, 71, 72, 74, 75, 82, 84, 85, 88, 90, 92, 93, 96, 99]
Indexes pruned for layer 4 : [0, 1, 3, 5, 6, 7, 8, 9, 11, 12, 13, 14, 15, 16, 17, 22, 25, 27, 28, 30, 32, 34, 37, 39, 41, 42, 43, 44, 47, 49, 50, 52, 53, 54, 55, 56, 60, 61, 63, 65, 66, 69, 70, 72, 74, 75, 76, 80, 84, 86, 88, 90, 93, 95, 99]
Indexes pruned for layer 5 : [0, 1, 2, 3, 5, 6, 7, 8, 9, 11, 12, 13, 16, 18, 20, 23, 24, 26, 30, 31, 32, 34, 39, 40, 43, 44, 45, 47, 49, 50, 53, 55, 56, 57, 58, 59, 61, 64, 68, 70, 73, 74, 75, 76, 78, 79, 80, 81, 86, 88, 89, 92, 98, 99]
Indexes pruned for layer 6 : [0, 1, 2, 3, 4, 6, 8, 9, 11, 12, 13, 15, 17, 21, 22, 26, 27, 31, 33, 34, 35, 36, 37, 39, 40, 41, 42, 46, 48, 51, 54, 55, 57, 58, 61, 62, 65, 66, 67, 68, 72, 73, 74, 76, 77, 79, 80, 81, 82, 83, 84, 85, 86, 87, 88, 90, 95, 97]
Indexes pruned for layer 7 : [0, 2, 3, 4, 6, 7, 8, 11, 12, 13, 14, 21, 23, 28, 30, 31, 34, 35, 36, 38, 39, 41, 42, 45, 48, 50, 53, 55, 57, 58, 67, 68, 72, 73, 75, 76, 78, 79, 82, 83, 85, 86, 89, 92, 93, 95, 96, 97]
Indexes pruned for layer 8 : [2, 3, 4, 6, 9, 13, 15, 17, 18, 20, 22, 24, 26, 28, 29, 32, 33, 35, 36, 37, 43, 49, 55, 56, 57, 62, 63, 64, 65, 66, 74, 75, 77, 78, 79, 83, 84, 85, 92, 95, 96, 97, 98]
Indexes pruned for layer 9 : [0, 2, 5, 6, 7, 9, 10, 13, 16, 17, 19, 25, 27, 28, 31, 32, 33, 36, 43, 44, 45, 48, 51, 53, 55, 56, 58, 59, 62, 64, 65, 67, 68, 70, 71, 74, 75, 78, 82, 84, 88, 91, 93, 94, 95, 96]
CALLBACK : RLT (compact) = 61033 (dont 0 en repli chemin lent)
Adding rec matrices constraint
Number of constraints for the matrix by layers: 413 for 10 layers, [784 100 100 100 100 100 100 100 100 100  10] neurons, boundary layers: [1, 2, 3, 4, 5, 6, 7, 8]
Adding first term equal zero constraint
CALLBACK : Ending constraints. Total number of constraints :  186670
Cuts in _write_presolve_row:  ['RLT', 'triangularization']
Number of constraints before optimization:  186670
Number of variables before optimization:  790564
All possible cuts:  ['RLT', 'triangularization', 'McCormick_beta_z', 'beta_logits_comparaison', 'beta_logits_comparaison_big_M', 'sum_beta_logits_equal_logit']
Cuts added to dic for _write_presolve_row:  {'RLT': True, 'triangularization': True, 'McCormick_beta_z': False, 'beta_logits_comparaison': False, 'beta_logits_comparaison_big_M': False, 'sum_beta_logits_equal_logit': False}
Writing pre-solve row to results.csv with data_index: 7 target: 5
Pre-solve row written to results.csv with data_index: 7 target: 5
Pre-solve row written to results.csv with 186670 constraints and 790564 variables.
INFO     00:52:38     [objective_classic.py:97] Adding Objective to the task
CALLBACK : Number of constraints : 186670
[conic bundle] factor=0.01 x 183099 contraintes dualisables candidates => 1831 reellement dualisees (les 181268 autres relachees mais jamais penalisees)
  [cb_native dynamic calibration] h(0)=0.682872 pool_initial=50/1831
[cb_native dynamic] h(0)=0.682872 > positivity_threshold=1e-06 -- arret immediat (stop_when_positive).
[conic bundle] data_index=7 target=5 optimal_value=0.6828719531848886 n_iter=0 (45.31s)
Initializing TargetedSDP...
Creating list of ytargets...
K :  10
self.n :  [784 100 100 100 100 100 100 100 100 100  10]
Getting to compute bounds...
STUDY : use active neurons:  True use inactive neurons:  False
STUDY : Nb Stable neurons :  427
Number of cuts to test: 1
Cuts to test: [['RLT', 'triangularization']]
Initializing MosekClassicHandler

 
 folder name dans handler:  /lustre/fswork/projects/rech/llc/uvq13au/FastSDPCertification/results/benchmark/9x100-0.026/2026_10_02_00h37_33s_battery-targeted-rlt-notcert
LAST_LAYER in resolve_layer_groups :  False
K :  10
CHORDAL_DECOMPOSITION  in resolve layer groups:  True
INPUT_IN_VARIABLES in resolve_layer_groups :  True
Taille de la matrice pour le groupe 0 [0, 1] : 834
Taille de la matrice pour le groupe 1 [1, 2] : 117
Taille de la matrice pour le groupe 2 [2, 3] : 112
Taille de la matrice pour le groupe 3 [3, 4] : 91
Taille de la matrice pour le groupe 4 [4, 5] : 88
Taille de la matrice pour le groupe 5 [5, 6] : 94
Taille de la matrice pour le groupe 6 [6, 7] : 109
Taille de la matrice pour le groupe 7 [7, 8] : 111
Taille de la matrice pour le groupe 8 [8, 9] : 114
Neurones stables actives:  set()
Neurones stables inactives:  {(7, 17), (1, 95), (7, 26), (7, 35), (8, 0), (5, 65), (8, 9), (5, 74), (9, 72), (5, 83), (6, 48), (6, 57), (9, 90), (6, 75), (4, 2), (3, 6), (2, 50), (3, 15), (3, 42), (7, 3), (1, 90), (1, 99), (6, 34), (9, 67), (5, 87), (2, 36), (3, 1), (2, 54), (3, 28), (3, 37), (1, 85), (5, 46), (9, 44), (5, 55), (9, 53), (5, 73), (6, 38), (5, 82), (8, 84), (8, 93), (3, 5), (3, 14), (4, 68), (1, 53), (4, 86), (1, 62), (7, 2), (5, 41), (1, 89), (9, 39), (5, 68), (5, 77), (6, 42), (7, 96), (8, 70), (8, 88), (2, 17), (2, 35), (3, 0), (3, 9), (4, 81), (1, 57), (1, 66), (4, 99), (5, 27), (1, 75), (9, 25), (5, 36), (5, 54), (9, 52), (6, 28), (8, 65), (8, 74), (2, 21), (4, 49), (4, 58), (1, 34), (1, 43), (4, 76), (9, 11), (5, 22), (1, 70), (5, 31), (5, 40), (9, 38), (6, 14), (9, 47), (5, 58), (6, 23), (7, 77), (8, 51), (7, 95), (8, 78), (2, 7), (4, 44), (4, 53), (1, 38), (1, 47), (4, 80), (5, 8), (9, 6), (5, 17), (1, 65), (3, 84), (9, 15), (5, 26), (3, 93), (5, 35), (6, 0), (9, 33), (7, 63), (8, 55), (8, 64), (2, 2), (8, 82), (4, 30), (4, 39), (1, 24), (4, 57), (1, 42), (2, 96), (5, 3), (1, 51), (3, 70), (5, 12), (5, 21), (3, 88), (9, 19), (5, 39), (6, 4), (6, 13), (8, 32), (7, 85), (8, 59), (8, 68), (4, 34), (4, 43), (1, 19), (1, 28), (4, 61), (1, 46), (3, 65), (3, 74), (7, 62), (8, 27), (8, 36), (8, 45), (4, 11), (6, 93), (4, 20), (1, 14), (4, 47), (1, 32), (3, 60), (5, 2), (3, 69), (5, 11), (8, 13), (7, 57), (7, 66), (8, 31), (7, 75), (6, 79), (4, 6), (6, 97), (4, 24), (2, 72), (2, 90), (3, 55), (2, 99), (5, 6), (7, 43), (8, 17), (8, 44), (9, 98), (4, 1), (6, 83), (6, 92), (1, 4), (3, 32), (3, 41), (2, 85), (3, 50), (7, 20), (7, 29), (7, 56), (9, 75), (5, 86), (5, 95), (9, 93), (6, 78), (4, 5), (6, 96), (2, 44), (2, 53), (2, 62), (3, 27), (2, 71), (7, 6), (3, 54), (7, 15), (3, 63), (7, 24), (7, 33), (8, 7), (5, 72), (8, 16), (9, 70), (5, 81), (9, 79), (5, 90), (6, 55), (6, 73), (4, 0), (6, 82), (4, 9), (2, 48), (3, 13), (3, 22), (2, 75), (3, 49), (1, 79), (1, 88), (7, 28), (7, 37), (8, 2), (9, 56), (5, 67), (9, 65), (5, 76), (6, 41), (5, 85), (6, 50), (9, 83), (6, 68), (8, 96), (3, 8), (2, 52), (3, 17), (4, 89), (3, 44), (4, 98), (1, 74), (1, 83), (1, 92), (5, 62), (6, 36), (5, 80), (6, 45), (8, 91), (3, 3), (2, 47), (3, 12), (4, 75), (3, 30), (1, 78), (7, 9), (9, 37), (5, 48), (1, 96), (9, 46), (5, 57), (5, 66), (6, 31), (5, 84), (6, 58), (8, 95), (2, 24), (3, 7), (3, 16), (4, 70), (3, 25), (4, 79), (4, 88), (1, 64), (7, 4), (5, 34), (1, 91), (6, 8), (5, 61), (9, 59), (6, 35), (7, 98), (4, 56), (3, 11), (1, 41), (4, 74), (1, 50), (1, 59), (4, 92), (1, 68), (1, 77), (9, 27), (6, 3), (9, 36), (6, 12), (6, 21), (9, 54), (6, 30), (7, 84), (6, 39), (8, 58), (8, 67), (2, 5), (8, 94), (1, 36), (1, 45), (4, 78), (1, 54), (9, 4), (5, 15), (5, 33), (5, 42), (6, 7), (9, 40), (5, 51), (7, 79), (8, 53), (7, 97), (8, 62), (8, 71), (2, 18), (4, 55), (4, 64), (4, 73), (5, 1), (1, 58), (3, 86), (3, 95), (9, 26), (5, 37), (6, 2), (9, 35), (6, 11), (7, 65), (7, 74), (7, 83), (8, 48), (7, 92), (8, 75), (4, 23), (4, 32), (4, 50), (4, 59), (1, 44), (3, 72), (3, 90), (3, 99), (6, 6), (8, 25), (7, 78), (8, 43), (4, 18), (4, 45), (1, 30), (2, 84), (1, 39), (2, 93), (5, 0), (5, 9), (3, 76), (9, 7), (7, 55), (7, 64), (8, 56), (6, 86), (4, 13), (6, 95), (4, 31), (1, 7), (4, 40), (2, 70), (1, 25), (2, 88), (3, 53), (5, 4), (5, 13), (7, 32), (3, 80), (8, 6), (8, 33), (9, 87), (6, 72), (4, 8), (4, 26), (1, 2), (1, 11), (2, 74), (3, 39), (2, 92), (7, 18), (3, 66), (3, 75), (7, 36), (8, 10), (8, 19), (8, 28), (9, 82), (9, 91), (6, 67), (6, 76), (4, 3), (6, 85), (4, 12), (3, 34), (3, 43), (3, 52), (7, 13), (3, 61), (7, 22), (8, 5), (7, 49), (9, 68), (5, 79), (5, 88), (6, 53), (9, 86), (5, 97), (9, 95), (4, 7), (6, 89), (4, 16), (2, 55), (2, 64), (2, 82), (3, 47), (3, 56)}
Adjusting MOSEK solver parameters
MOSEK time limit set to 180s
Adding objective function for Lan
Initializing variables...
CALLBACK num variables : 790564
Adding ReLU constraints for layer 1
Adding ReLU constraints for layer 2
Adding ReLU constraints for layer 3
Adding ReLU constraints for layer 4
Adding ReLU constraints for layer 5
Adding ReLU constraints for layer 6
Adding ReLU constraints for layer 7
Adding ReLU constraints for layer 8
Adding ReLU constraints for layer 9
Adding quadratic bounds constraint
Adding quadratic bounds constraint for layer 0
Adding quadratic bounds constraint for layer 1
Adding quadratic bounds constraint for layer 2
Adding quadratic bounds constraint for layer 3
Adding quadratic bounds constraint for layer 4
Adding quadratic bounds constraint for layer 5
Adding quadratic bounds constraint for layer 6
Adding quadratic bounds constraint for layer 7
Adding quadratic bounds constraint for layer 8
Adding quadratic bounds constraint for layer 9
Adding RLT constraint (compact)
Indexes pruned for layer 1 : []
Indexes pruned for layer 2 : [2, 4, 7, 11, 14, 19, 24, 25, 28, 30, 32, 34, 36, 38, 39, 41, 42, 43, 44, 45, 46, 47, 50, 51, 53, 54, 57, 58, 59, 62, 64, 65, 66, 68, 70, 74, 75, 77, 78, 79, 83, 85, 88, 89, 90, 91, 92, 95, 96, 99]
Indexes pruned for layer 3 : [2, 5, 7, 17, 18, 21, 24, 35, 36, 44, 47, 48, 50, 52, 53, 54, 55, 62, 64, 70, 71, 72, 74, 75, 82, 84, 85, 88, 90, 92, 93, 96, 99]
Indexes pruned for layer 4 : [0, 1, 3, 5, 6, 7, 8, 9, 11, 12, 13, 14, 15, 16, 17, 22, 25, 27, 28, 30, 32, 34, 37, 39, 41, 42, 43, 44, 47, 49, 50, 52, 53, 54, 55, 56, 60, 61, 63, 65, 66, 69, 70, 72, 74, 75, 76, 80, 84, 86, 88, 90, 93, 95, 99]
Indexes pruned for layer 5 : [0, 1, 2, 3, 5, 6, 7, 8, 9, 11, 12, 13, 16, 18, 20, 23, 24, 26, 30, 31, 32, 34, 39, 40, 43, 44, 45, 47, 49, 50, 53, 55, 56, 57, 58, 59, 61, 64, 68, 70, 73, 74, 75, 76, 78, 79, 80, 81, 86, 88, 89, 92, 98, 99]
Indexes pruned for layer 6 : [0, 1, 2, 3, 4, 6, 8, 9, 11, 12, 13, 15, 17, 21, 22, 26, 27, 31, 33, 34, 35, 36, 37, 39, 40, 41, 42, 46, 48, 51, 54, 55, 57, 58, 61, 62, 65, 66, 67, 68, 72, 73, 74, 76, 77, 79, 80, 81, 82, 83, 84, 85, 86, 87, 88, 90, 95, 97]
Indexes pruned for layer 7 : [0, 2, 3, 4, 6, 7, 8, 11, 12, 13, 14, 21, 23, 28, 30, 31, 34, 35, 36, 38, 39, 41, 42, 45, 48, 50, 53, 55, 57, 58, 67, 68, 72, 73, 75, 76, 78, 79, 82, 83, 85, 86, 89, 92, 93, 95, 96, 97]
Indexes pruned for layer 8 : [2, 3, 4, 6, 9, 13, 15, 17, 18, 20, 22, 24, 26, 28, 29, 32, 33, 35, 36, 37, 43, 49, 55, 56, 57, 62, 63, 64, 65, 66, 74, 75, 77, 78, 79, 83, 84, 85, 92, 95, 96, 97, 98]
Indexes pruned for layer 9 : [0, 2, 5, 6, 7, 9, 10, 13, 16, 17, 19, 25, 27, 28, 31, 32, 33, 36, 43, 44, 45, 48, 51, 53, 55, 56, 58, 59, 62, 64, 65, 67, 68, 70, 71, 74, 75, 78, 82, 84, 88, 91, 93, 94, 95, 96]
CALLBACK : RLT (compact) = 61033 (dont 0 en repli chemin lent)
Adding rec matrices constraint
Number of constraints for the matrix by layers: 413 for 10 layers, [784 100 100 100 100 100 100 100 100 100  10] neurons, boundary layers: [1, 2, 3, 4, 5, 6, 7, 8]
Adding first term equal zero constraint
CALLBACK : Ending constraints. Total number of constraints :  186670
Cuts in _write_presolve_row:  ['RLT', 'triangularization']
Number of constraints before optimization:  186670
Number of variables before optimization:  790564
All possible cuts:  ['RLT', 'triangularization', 'McCormick_beta_z', 'beta_logits_comparaison', 'beta_logits_comparaison_big_M', 'sum_beta_logits_equal_logit']
Cuts added to dic for _write_presolve_row:  {'RLT': True, 'triangularization': True, 'McCormick_beta_z': False, 'beta_logits_comparaison': False, 'beta_logits_comparaison_big_M': False, 'sum_beta_logits_equal_logit': False}
Writing pre-solve row to results.csv with data_index: 7 target: 6
Pre-solve row written to results.csv with data_index: 7 target: 6
Pre-solve row written to results.csv with 186670 constraints and 790564 variables.
INFO     00:53:25     [objective_classic.py:97] Adding Objective to the task
CALLBACK : Number of constraints : 186670
[conic bundle] factor=0.01 x 183099 contraintes dualisables candidates => 1831 reellement dualisees (les 181268 autres relachees mais jamais penalisees)
  [cb_native dynamic calibration] h(0)=-0.179548 pool_initial=50/1831
  [cb_native dynamic oracle #5] h=-0.181936 best=-0.179548 pool=50/1831
  [cb_native dynamic oracle #10] h=-0.179549 best=-0.179548 pool=50/1831
*** WARNING: Bundle::inner_loop(): new subgradient yields greater objective value =0.179548 in center (oldval=0.179548),
***          maybe the old evaluation in the center was not computed to sufficient precision
***          or the sugbradient information provided by the last oracle call was wrong.
***          Trying a function reevaluation in the center with higher precision...
***          reevaluation in center yields no better value (0.179548)
**** WARNING: FunctionProblem::add_variable(): subgradient extension failed
[cb_native dynamic] round 1: +50 -50 (pool=50/1831)
  [cb_native dynamic oracle #15] h=-0.179583 best=-0.179548 pool=50/1831
*** WARNING: Bundle::inner_loop(): new subgradient yields greater objective value =0.179548 in center (oldval=0.179548),
***          maybe the old evaluation in the center was not computed to sufficient precision
***          or the sugbradient information provided by the last oracle call was wrong.
***          Trying a function reevaluation in the center with higher precision...
***          reevaluation in center yields no better value (0.179548)
*** WARNING: Bundle::inner_loop(): new subgradient yields greater objective value =0.179548 in center (oldval=0.179548),
***          maybe the old evaluation in the center was not computed to sufficient precision
***          or the sugbradient information provided by the last oracle call was wrong.
***          Trying a function reevaluation in the center with higher precision...
***          reevaluation in center yields no better value (0.179548)
[cb_native dynamic] cycle detecte : le pool resultant de ce round (+50 -50) a deja ete visite -- arret pour eviter une oscillation infinie, n_iter=2, pool avant maj=50/1831.
[cb_native dynamic] n_iter=2 n_oracle_calls=19 n_pool_updates=1 pool_final=50/1831 termination_code=1 h_center=-0.179548 best_h=-0.179548 stop_reason=None
[conic bundle] data_index=7 target=6 optimal_value=-0.17954767340867694 n_iter=2 (387.72s)
Initializing TargetedSDP...
Creating list of ytargets...
K :  10
self.n :  [784 100 100 100 100 100 100 100 100 100  10]
Getting to compute bounds...
STUDY : use active neurons:  True use inactive neurons:  False
STUDY : Nb Stable neurons :  427
Number of cuts to test: 1
Cuts to test: [['RLT', 'triangularization']]
Initializing MosekClassicHandler

 
 folder name dans handler:  /lustre/fswork/projects/rech/llc/uvq13au/FastSDPCertification/results/benchmark/9x100-0.026/2026_10_02_00h37_33s_battery-targeted-rlt-notcert
LAST_LAYER in resolve_layer_groups :  False
K :  10
CHORDAL_DECOMPOSITION  in resolve layer groups:  True
INPUT_IN_VARIABLES in resolve_layer_groups :  True
Taille de la matrice pour le groupe 0 [0, 1] : 834
Taille de la matrice pour le groupe 1 [1, 2] : 117
Taille de la matrice pour le groupe 2 [2, 3] : 112
Taille de la matrice pour le groupe 3 [3, 4] : 91
Taille de la matrice pour le groupe 4 [4, 5] : 88
Taille de la matrice pour le groupe 5 [5, 6] : 94
Taille de la matrice pour le groupe 6 [6, 7] : 109
Taille de la matrice pour le groupe 7 [7, 8] : 111
Taille de la matrice pour le groupe 8 [8, 9] : 114
Neurones stables actives:  set()
Neurones stables inactives:  {(7, 17), (1, 95), (7, 26), (7, 35), (8, 0), (5, 65), (8, 9), (5, 74), (9, 72), (5, 83), (6, 48), (6, 57), (9, 90), (6, 75), (4, 2), (3, 6), (2, 50), (3, 15), (3, 42), (7, 3), (1, 90), (1, 99), (6, 34), (9, 67), (5, 87), (2, 36), (3, 1), (2, 54), (3, 28), (3, 37), (1, 85), (5, 46), (9, 44), (5, 55), (9, 53), (5, 73), (6, 38), (5, 82), (8, 84), (8, 93), (3, 5), (3, 14), (4, 68), (1, 53), (4, 86), (1, 62), (7, 2), (5, 41), (1, 89), (9, 39), (5, 68), (5, 77), (6, 42), (7, 96), (8, 70), (8, 88), (2, 17), (2, 35), (3, 0), (3, 9), (4, 81), (1, 57), (1, 66), (4, 99), (5, 27), (1, 75), (9, 25), (5, 36), (5, 54), (9, 52), (6, 28), (8, 65), (8, 74), (2, 21), (4, 49), (4, 58), (1, 34), (1, 43), (4, 76), (9, 11), (5, 22), (1, 70), (5, 31), (5, 40), (9, 38), (6, 14), (9, 47), (5, 58), (6, 23), (7, 77), (8, 51), (7, 95), (8, 78), (2, 7), (4, 44), (4, 53), (1, 38), (1, 47), (4, 80), (5, 8), (9, 6), (5, 17), (1, 65), (3, 84), (9, 15), (5, 26), (3, 93), (5, 35), (6, 0), (9, 33), (7, 63), (8, 55), (8, 64), (2, 2), (8, 82), (4, 30), (4, 39), (1, 24), (4, 57), (1, 42), (2, 96), (5, 3), (1, 51), (3, 70), (5, 12), (5, 21), (3, 88), (9, 19), (5, 39), (6, 4), (6, 13), (8, 32), (7, 85), (8, 59), (8, 68), (4, 34), (4, 43), (1, 19), (1, 28), (4, 61), (1, 46), (3, 65), (3, 74), (7, 62), (8, 27), (8, 36), (8, 45), (4, 11), (6, 93), (4, 20), (1, 14), (4, 47), (1, 32), (3, 60), (5, 2), (3, 69), (5, 11), (8, 13), (7, 57), (7, 66), (8, 31), (7, 75), (6, 79), (4, 6), (6, 97), (4, 24), (2, 72), (2, 90), (3, 55), (2, 99), (5, 6), (7, 43), (8, 17), (8, 44), (9, 98), (4, 1), (6, 83), (6, 92), (1, 4), (3, 32), (3, 41), (2, 85), (3, 50), (7, 20), (7, 29), (7, 56), (9, 75), (5, 86), (5, 95), (9, 93), (6, 78), (4, 5), (6, 96), (2, 44), (2, 53), (2, 62), (3, 27), (2, 71), (7, 6), (3, 54), (7, 15), (3, 63), (7, 24), (7, 33), (8, 7), (5, 72), (8, 16), (9, 70), (5, 81), (9, 79), (5, 90), (6, 55), (6, 73), (4, 0), (6, 82), (4, 9), (2, 48), (3, 13), (3, 22), (2, 75), (3, 49), (1, 79), (1, 88), (7, 28), (7, 37), (8, 2), (9, 56), (5, 67), (9, 65), (5, 76), (6, 41), (5, 85), (6, 50), (9, 83), (6, 68), (8, 96), (3, 8), (2, 52), (3, 17), (4, 89), (3, 44), (4, 98), (1, 74), (1, 83), (1, 92), (5, 62), (6, 36), (5, 80), (6, 45), (8, 91), (3, 3), (2, 47), (3, 12), (4, 75), (3, 30), (1, 78), (7, 9), (9, 37), (5, 48), (1, 96), (9, 46), (5, 57), (5, 66), (6, 31), (5, 84), (6, 58), (8, 95), (2, 24), (3, 7), (3, 16), (4, 70), (3, 25), (4, 79), (4, 88), (1, 64), (7, 4), (5, 34), (1, 91), (6, 8), (5, 61), (9, 59), (6, 35), (7, 98), (4, 56), (3, 11), (1, 41), (4, 74), (1, 50), (1, 59), (4, 92), (1, 68), (1, 77), (9, 27), (6, 3), (9, 36), (6, 12), (6, 21), (9, 54), (6, 30), (7, 84), (6, 39), (8, 58), (8, 67), (2, 5), (8, 94), (1, 36), (1, 45), (4, 78), (1, 54), (9, 4), (5, 15), (5, 33), (5, 42), (6, 7), (9, 40), (5, 51), (7, 79), (8, 53), (7, 97), (8, 62), (8, 71), (2, 18), (4, 55), (4, 64), (4, 73), (5, 1), (1, 58), (3, 86), (3, 95), (9, 26), (5, 37), (6, 2), (9, 35), (6, 11), (7, 65), (7, 74), (7, 83), (8, 48), (7, 92), (8, 75), (4, 23), (4, 32), (4, 50), (4, 59), (1, 44), (3, 72), (3, 90), (3, 99), (6, 6), (8, 25), (7, 78), (8, 43), (4, 18), (4, 45), (1, 30), (2, 84), (1, 39), (2, 93), (5, 0), (5, 9), (3, 76), (9, 7), (7, 55), (7, 64), (8, 56), (6, 86), (4, 13), (6, 95), (4, 31), (1, 7), (4, 40), (2, 70), (1, 25), (2, 88), (3, 53), (5, 4), (5, 13), (7, 32), (3, 80), (8, 6), (8, 33), (9, 87), (6, 72), (4, 8), (4, 26), (1, 2), (1, 11), (2, 74), (3, 39), (2, 92), (7, 18), (3, 66), (3, 75), (7, 36), (8, 10), (8, 19), (8, 28), (9, 82), (9, 91), (6, 67), (6, 76), (4, 3), (6, 85), (4, 12), (3, 34), (3, 43), (3, 52), (7, 13), (3, 61), (7, 22), (8, 5), (7, 49), (9, 68), (5, 79), (5, 88), (6, 53), (9, 86), (5, 97), (9, 95), (4, 7), (6, 89), (4, 16), (2, 55), (2, 64), (2, 82), (3, 47), (3, 56)}
Adjusting MOSEK solver parameters
MOSEK time limit set to 180s
Adding objective function for Lan
Initializing variables...
CALLBACK num variables : 790564
Adding ReLU constraints for layer 1
Adding ReLU constraints for layer 2
Adding ReLU constraints for layer 3
Adding ReLU constraints for layer 4
Adding ReLU constraints for layer 5
Adding ReLU constraints for layer 6
Adding ReLU constraints for layer 7
Adding ReLU constraints for layer 8
Adding ReLU constraints for layer 9
Adding quadratic bounds constraint
Adding quadratic bounds constraint for layer 0
Adding quadratic bounds constraint for layer 1
Adding quadratic bounds constraint for layer 2
Adding quadratic bounds constraint for layer 3
Adding quadratic bounds constraint for layer 4
Adding quadratic bounds constraint for layer 5
Adding quadratic bounds constraint for layer 6
Adding quadratic bounds constraint for layer 7
Adding quadratic bounds constraint for layer 8
Adding quadratic bounds constraint for layer 9
Adding RLT constraint (compact)
Indexes pruned for layer 1 : []
Indexes pruned for layer 2 : [2, 4, 7, 11, 14, 19, 24, 25, 28, 30, 32, 34, 36, 38, 39, 41, 42, 43, 44, 45, 46, 47, 50, 51, 53, 54, 57, 58, 59, 62, 64, 65, 66, 68, 70, 74, 75, 77, 78, 79, 83, 85, 88, 89, 90, 91, 92, 95, 96, 99]
Indexes pruned for layer 3 : [2, 5, 7, 17, 18, 21, 24, 35, 36, 44, 47, 48, 50, 52, 53, 54, 55, 62, 64, 70, 71, 72, 74, 75, 82, 84, 85, 88, 90, 92, 93, 96, 99]
Indexes pruned for layer 4 : [0, 1, 3, 5, 6, 7, 8, 9, 11, 12, 13, 14, 15, 16, 17, 22, 25, 27, 28, 30, 32, 34, 37, 39, 41, 42, 43, 44, 47, 49, 50, 52, 53, 54, 55, 56, 60, 61, 63, 65, 66, 69, 70, 72, 74, 75, 76, 80, 84, 86, 88, 90, 93, 95, 99]
Indexes pruned for layer 5 : [0, 1, 2, 3, 5, 6, 7, 8, 9, 11, 12, 13, 16, 18, 20, 23, 24, 26, 30, 31, 32, 34, 39, 40, 43, 44, 45, 47, 49, 50, 53, 55, 56, 57, 58, 59, 61, 64, 68, 70, 73, 74, 75, 76, 78, 79, 80, 81, 86, 88, 89, 92, 98, 99]
Indexes pruned for layer 6 : [0, 1, 2, 3, 4, 6, 8, 9, 11, 12, 13, 15, 17, 21, 22, 26, 27, 31, 33, 34, 35, 36, 37, 39, 40, 41, 42, 46, 48, 51, 54, 55, 57, 58, 61, 62, 65, 66, 67, 68, 72, 73, 74, 76, 77, 79, 80, 81, 82, 83, 84, 85, 86, 87, 88, 90, 95, 97]
Indexes pruned for layer 7 : [0, 2, 3, 4, 6, 7, 8, 11, 12, 13, 14, 21, 23, 28, 30, 31, 34, 35, 36, 38, 39, 41, 42, 45, 48, 50, 53, 55, 57, 58, 67, 68, 72, 73, 75, 76, 78, 79, 82, 83, 85, 86, 89, 92, 93, 95, 96, 97]
Indexes pruned for layer 8 : [2, 3, 4, 6, 9, 13, 15, 17, 18, 20, 22, 24, 26, 28, 29, 32, 33, 35, 36, 37, 43, 49, 55, 56, 57, 62, 63, 64, 65, 66, 74, 75, 77, 78, 79, 83, 84, 85, 92, 95, 96, 97, 98]
Indexes pruned for layer 9 : [0, 2, 5, 6, 7, 9, 10, 13, 16, 17, 19, 25, 27, 28, 31, 32, 33, 36, 43, 44, 45, 48, 51, 53, 55, 56, 58, 59, 62, 64, 65, 67, 68, 70, 71, 74, 75, 78, 82, 84, 88, 91, 93, 94, 95, 96]
CALLBACK : RLT (compact) = 61033 (dont 0 en repli chemin lent)
Adding rec matrices constraint
Number of constraints for the matrix by layers: 413 for 10 layers, [784 100 100 100 100 100 100 100 100 100  10] neurons, boundary layers: [1, 2, 3, 4, 5, 6, 7, 8]
Adding first term equal zero constraint
CALLBACK : Ending constraints. Total number of constraints :  186670
Cuts in _write_presolve_row:  ['RLT', 'triangularization']
Number of constraints before optimization:  186670
Number of variables before optimization:  790564
All possible cuts:  ['RLT', 'triangularization', 'McCormick_beta_z', 'beta_logits_comparaison', 'beta_logits_comparaison_big_M', 'sum_beta_logits_equal_logit']
Cuts added to dic for _write_presolve_row:  {'RLT': True, 'triangularization': True, 'McCormick_beta_z': False, 'beta_logits_comparaison': False, 'beta_logits_comparaison_big_M': False, 'sum_beta_logits_equal_logit': False}
Writing pre-solve row to results.csv with data_index: 7 target: 7
Pre-solve row written to results.csv with data_index: 7 target: 7
Pre-solve row written to results.csv with 186670 constraints and 790564 variables.
INFO     00:59:55     [objective_classic.py:97] Adding Objective to the task
CALLBACK : Number of constraints : 186670
[conic bundle] factor=0.01 x 183099 contraintes dualisables candidates => 1831 reellement dualisees (les 181268 autres relachees mais jamais penalisees)
  [cb_native dynamic calibration] h(0)=1.165338 pool_initial=50/1831
[cb_native dynamic] h(0)=1.165338 > positivity_threshold=1e-06 -- arret immediat (stop_when_positive).
[conic bundle] data_index=7 target=7 optimal_value=1.1653379543753664 n_iter=0 (42.24s)
Initializing TargetedSDP...
Creating list of ytargets...
K :  10
self.n :  [784 100 100 100 100 100 100 100 100 100  10]
Getting to compute bounds...
STUDY : use active neurons:  True use inactive neurons:  False
STUDY : Nb Stable neurons :  427
Number of cuts to test: 1
Cuts to test: [['RLT', 'triangularization']]
Initializing MosekClassicHandler

 
 folder name dans handler:  /lustre/fswork/projects/rech/llc/uvq13au/FastSDPCertification/results/benchmark/9x100-0.026/2026_10_02_00h37_33s_battery-targeted-rlt-notcert
LAST_LAYER in resolve_layer_groups :  False
K :  10
CHORDAL_DECOMPOSITION  in resolve layer groups:  True
INPUT_IN_VARIABLES in resolve_layer_groups :  True
Taille de la matrice pour le groupe 0 [0, 1] : 834
Taille de la matrice pour le groupe 1 [1, 2] : 117
Taille de la matrice pour le groupe 2 [2, 3] : 112
Taille de la matrice pour le groupe 3 [3, 4] : 91
Taille de la matrice pour le groupe 4 [4, 5] : 88
Taille de la matrice pour le groupe 5 [5, 6] : 94
Taille de la matrice pour le groupe 6 [6, 7] : 109
Taille de la matrice pour le groupe 7 [7, 8] : 111
Taille de la matrice pour le groupe 8 [8, 9] : 114
Neurones stables actives:  set()
Neurones stables inactives:  {(7, 17), (1, 95), (7, 26), (7, 35), (8, 0), (5, 65), (8, 9), (5, 74), (9, 72), (5, 83), (6, 48), (6, 57), (9, 90), (6, 75), (4, 2), (3, 6), (2, 50), (3, 15), (3, 42), (7, 3), (1, 90), (1, 99), (6, 34), (9, 67), (5, 87), (2, 36), (3, 1), (2, 54), (3, 28), (3, 37), (1, 85), (5, 46), (9, 44), (5, 55), (9, 53), (5, 73), (6, 38), (5, 82), (8, 84), (8, 93), (3, 5), (3, 14), (4, 68), (1, 53), (4, 86), (1, 62), (7, 2), (5, 41), (1, 89), (9, 39), (5, 68), (5, 77), (6, 42), (7, 96), (8, 70), (8, 88), (2, 17), (2, 35), (3, 0), (3, 9), (4, 81), (1, 57), (1, 66), (4, 99), (5, 27), (1, 75), (9, 25), (5, 36), (5, 54), (9, 52), (6, 28), (8, 65), (8, 74), (2, 21), (4, 49), (4, 58), (1, 34), (1, 43), (4, 76), (9, 11), (5, 22), (1, 70), (5, 31), (5, 40), (9, 38), (6, 14), (9, 47), (5, 58), (6, 23), (7, 77), (8, 51), (7, 95), (8, 78), (2, 7), (4, 44), (4, 53), (1, 38), (1, 47), (4, 80), (5, 8), (9, 6), (5, 17), (1, 65), (3, 84), (9, 15), (5, 26), (3, 93), (5, 35), (6, 0), (9, 33), (7, 63), (8, 55), (8, 64), (2, 2), (8, 82), (4, 30), (4, 39), (1, 24), (4, 57), (1, 42), (2, 96), (5, 3), (1, 51), (3, 70), (5, 12), (5, 21), (3, 88), (9, 19), (5, 39), (6, 4), (6, 13), (8, 32), (7, 85), (8, 59), (8, 68), (4, 34), (4, 43), (1, 19), (1, 28), (4, 61), (1, 46), (3, 65), (3, 74), (7, 62), (8, 27), (8, 36), (8, 45), (4, 11), (6, 93), (4, 20), (1, 14), (4, 47), (1, 32), (3, 60), (5, 2), (3, 69), (5, 11), (8, 13), (7, 57), (7, 66), (8, 31), (7, 75), (6, 79), (4, 6), (6, 97), (4, 24), (2, 72), (2, 90), (3, 55), (2, 99), (5, 6), (7, 43), (8, 17), (8, 44), (9, 98), (4, 1), (6, 83), (6, 92), (1, 4), (3, 32), (3, 41), (2, 85), (3, 50), (7, 20), (7, 29), (7, 56), (9, 75), (5, 86), (5, 95), (9, 93), (6, 78), (4, 5), (6, 96), (2, 44), (2, 53), (2, 62), (3, 27), (2, 71), (7, 6), (3, 54), (7, 15), (3, 63), (7, 24), (7, 33), (8, 7), (5, 72), (8, 16), (9, 70), (5, 81), (9, 79), (5, 90), (6, 55), (6, 73), (4, 0), (6, 82), (4, 9), (2, 48), (3, 13), (3, 22), (2, 75), (3, 49), (1, 79), (1, 88), (7, 28), (7, 37), (8, 2), (9, 56), (5, 67), (9, 65), (5, 76), (6, 41), (5, 85), (6, 50), (9, 83), (6, 68), (8, 96), (3, 8), (2, 52), (3, 17), (4, 89), (3, 44), (4, 98), (1, 74), (1, 83), (1, 92), (5, 62), (6, 36), (5, 80), (6, 45), (8, 91), (3, 3), (2, 47), (3, 12), (4, 75), (3, 30), (1, 78), (7, 9), (9, 37), (5, 48), (1, 96), (9, 46), (5, 57), (5, 66), (6, 31), (5, 84), (6, 58), (8, 95), (2, 24), (3, 7), (3, 16), (4, 70), (3, 25), (4, 79), (4, 88), (1, 64), (7, 4), (5, 34), (1, 91), (6, 8), (5, 61), (9, 59), (6, 35), (7, 98), (4, 56), (3, 11), (1, 41), (4, 74), (1, 50), (1, 59), (4, 92), (1, 68), (1, 77), (9, 27), (6, 3), (9, 36), (6, 12), (6, 21), (9, 54), (6, 30), (7, 84), (6, 39), (8, 58), (8, 67), (2, 5), (8, 94), (1, 36), (1, 45), (4, 78), (1, 54), (9, 4), (5, 15), (5, 33), (5, 42), (6, 7), (9, 40), (5, 51), (7, 79), (8, 53), (7, 97), (8, 62), (8, 71), (2, 18), (4, 55), (4, 64), (4, 73), (5, 1), (1, 58), (3, 86), (3, 95), (9, 26), (5, 37), (6, 2), (9, 35), (6, 11), (7, 65), (7, 74), (7, 83), (8, 48), (7, 92), (8, 75), (4, 23), (4, 32), (4, 50), (4, 59), (1, 44), (3, 72), (3, 90), (3, 99), (6, 6), (8, 25), (7, 78), (8, 43), (4, 18), (4, 45), (1, 30), (2, 84), (1, 39), (2, 93), (5, 0), (5, 9), (3, 76), (9, 7), (7, 55), (7, 64), (8, 56), (6, 86), (4, 13), (6, 95), (4, 31), (1, 7), (4, 40), (2, 70), (1, 25), (2, 88), (3, 53), (5, 4), (5, 13), (7, 32), (3, 80), (8, 6), (8, 33), (9, 87), (6, 72), (4, 8), (4, 26), (1, 2), (1, 11), (2, 74), (3, 39), (2, 92), (7, 18), (3, 66), (3, 75), (7, 36), (8, 10), (8, 19), (8, 28), (9, 82), (9, 91), (6, 67), (6, 76), (4, 3), (6, 85), (4, 12), (3, 34), (3, 43), (3, 52), (7, 13), (3, 61), (7, 22), (8, 5), (7, 49), (9, 68), (5, 79), (5, 88), (6, 53), (9, 86), (5, 97), (9, 95), (4, 7), (6, 89), (4, 16), (2, 55), (2, 64), (2, 82), (3, 47), (3, 56)}
Adjusting MOSEK solver parameters
MOSEK time limit set to 180s
Adding objective function for Lan
Initializing variables...
CALLBACK num variables : 790564
Adding ReLU constraints for layer 1
Adding ReLU constraints for layer 2
Adding ReLU constraints for layer 3
Adding ReLU constraints for layer 4
Adding ReLU constraints for layer 5
Adding ReLU constraints for layer 6
Adding ReLU constraints for layer 7
Adding ReLU constraints for layer 8
Adding ReLU constraints for layer 9
Adding quadratic bounds constraint
Adding quadratic bounds constraint for layer 0
Adding quadratic bounds constraint for layer 1
Adding quadratic bounds constraint for layer 2
Adding quadratic bounds constraint for layer 3
Adding quadratic bounds constraint for layer 4
Adding quadratic bounds constraint for layer 5
Adding quadratic bounds constraint for layer 6
Adding quadratic bounds constraint for layer 7
Adding quadratic bounds constraint for layer 8
Adding quadratic bounds constraint for layer 9
Adding RLT constraint (compact)
Indexes pruned for layer 1 : []
Indexes pruned for layer 2 : [2, 4, 7, 11, 14, 19, 24, 25, 28, 30, 32, 34, 36, 38, 39, 41, 42, 43, 44, 45, 46, 47, 50, 51, 53, 54, 57, 58, 59, 62, 64, 65, 66, 68, 70, 74, 75, 77, 78, 79, 83, 85, 88, 89, 90, 91, 92, 95, 96, 99]
Indexes pruned for layer 3 : [2, 5, 7, 17, 18, 21, 24, 35, 36, 44, 47, 48, 50, 52, 53, 54, 55, 62, 64, 70, 71, 72, 74, 75, 82, 84, 85, 88, 90, 92, 93, 96, 99]
Indexes pruned for layer 4 : [0, 1, 3, 5, 6, 7, 8, 9, 11, 12, 13, 14, 15, 16, 17, 22, 25, 27, 28, 30, 32, 34, 37, 39, 41, 42, 43, 44, 47, 49, 50, 52, 53, 54, 55, 56, 60, 61, 63, 65, 66, 69, 70, 72, 74, 75, 76, 80, 84, 86, 88, 90, 93, 95, 99]
Indexes pruned for layer 5 : [0, 1, 2, 3, 5, 6, 7, 8, 9, 11, 12, 13, 16, 18, 20, 23, 24, 26, 30, 31, 32, 34, 39, 40, 43, 44, 45, 47, 49, 50, 53, 55, 56, 57, 58, 59, 61, 64, 68, 70, 73, 74, 75, 76, 78, 79, 80, 81, 86, 88, 89, 92, 98, 99]
Indexes pruned for layer 6 : [0, 1, 2, 3, 4, 6, 8, 9, 11, 12, 13, 15, 17, 21, 22, 26, 27, 31, 33, 34, 35, 36, 37, 39, 40, 41, 42, 46, 48, 51, 54, 55, 57, 58, 61, 62, 65, 66, 67, 68, 72, 73, 74, 76, 77, 79, 80, 81, 82, 83, 84, 85, 86, 87, 88, 90, 95, 97]
Indexes pruned for layer 7 : [0, 2, 3, 4, 6, 7, 8, 11, 12, 13, 14, 21, 23, 28, 30, 31, 34, 35, 36, 38, 39, 41, 42, 45, 48, 50, 53, 55, 57, 58, 67, 68, 72, 73, 75, 76, 78, 79, 82, 83, 85, 86, 89, 92, 93, 95, 96, 97]
Indexes pruned for layer 8 : [2, 3, 4, 6, 9, 13, 15, 17, 18, 20, 22, 24, 26, 28, 29, 32, 33, 35, 36, 37, 43, 49, 55, 56, 57, 62, 63, 64, 65, 66, 74, 75, 77, 78, 79, 83, 84, 85, 92, 95, 96, 97, 98]
Indexes pruned for layer 9 : [0, 2, 5, 6, 7, 9, 10, 13, 16, 17, 19, 25, 27, 28, 31, 32, 33, 36, 43, 44, 45, 48, 51, 53, 55, 56, 58, 59, 62, 64, 65, 67, 68, 70, 71, 74, 75, 78, 82, 84, 88, 91, 93, 94, 95, 96]
CALLBACK : RLT (compact) = 61033 (dont 0 en repli chemin lent)
Adding rec matrices constraint
Number of constraints for the matrix by layers: 413 for 10 layers, [784 100 100 100 100 100 100 100 100 100  10] neurons, boundary layers: [1, 2, 3, 4, 5, 6, 7, 8]
Adding first term equal zero constraint
CALLBACK : Ending constraints. Total number of constraints :  186670
Cuts in _write_presolve_row:  ['RLT', 'triangularization']
Number of constraints before optimization:  186670
Number of variables before optimization:  790564
All possible cuts:  ['RLT', 'triangularization', 'McCormick_beta_z', 'beta_logits_comparaison', 'beta_logits_comparaison_big_M', 'sum_beta_logits_equal_logit']
Cuts added to dic for _write_presolve_row:  {'RLT': True, 'triangularization': True, 'McCormick_beta_z': False, 'beta_logits_comparaison': False, 'beta_logits_comparaison_big_M': False, 'sum_beta_logits_equal_logit': False}
Writing pre-solve row to results.csv with data_index: 7 target: 8
Pre-solve row written to results.csv with data_index: 7 target: 8
Pre-solve row written to results.csv with 186670 constraints and 790564 variables.
INFO     01:00:39     [objective_classic.py:97] Adding Objective to the task
CALLBACK : Number of constraints : 186670
[conic bundle] factor=0.01 x 183099 contraintes dualisables candidates => 1831 reellement dualisees (les 181268 autres relachees mais jamais penalisees)
  [cb_native dynamic calibration] h(0)=2.282873 pool_initial=50/1831
[cb_native dynamic] h(0)=2.282873 > positivity_threshold=1e-06 -- arret immediat (stop_when_positive).
[conic bundle] data_index=7 target=8 optimal_value=2.282872893807552 n_iter=0 (40.99s)
Initializing TargetedSDP...
Creating list of ytargets...
K :  10
self.n :  [784 100 100 100 100 100 100 100 100 100  10]
Getting to compute bounds...
STUDY : use active neurons:  True use inactive neurons:  False
STUDY : Nb Stable neurons :  427
Number of cuts to test: 1
Cuts to test: [['RLT', 'triangularization']]
Initializing MosekClassicHandler

 
 folder name dans handler:  /lustre/fswork/projects/rech/llc/uvq13au/FastSDPCertification/results/benchmark/9x100-0.026/2026_10_02_00h37_33s_battery-targeted-rlt-notcert
LAST_LAYER in resolve_layer_groups :  False
K :  10
CHORDAL_DECOMPOSITION  in resolve layer groups:  True
INPUT_IN_VARIABLES in resolve_layer_groups :  True
Taille de la matrice pour le groupe 0 [0, 1] : 834
Taille de la matrice pour le groupe 1 [1, 2] : 117
Taille de la matrice pour le groupe 2 [2, 3] : 112
Taille de la matrice pour le groupe 3 [3, 4] : 91
Taille de la matrice pour le groupe 4 [4, 5] : 88
Taille de la matrice pour le groupe 5 [5, 6] : 94
Taille de la matrice pour le groupe 6 [6, 7] : 109
Taille de la matrice pour le groupe 7 [7, 8] : 111
Taille de la matrice pour le groupe 8 [8, 9] : 114
Neurones stables actives:  set()
Neurones stables inactives:  {(7, 17), (1, 95), (7, 26), (7, 35), (8, 0), (5, 65), (8, 9), (5, 74), (9, 72), (5, 83), (6, 48), (6, 57), (9, 90), (6, 75), (4, 2), (3, 6), (2, 50), (3, 15), (3, 42), (7, 3), (1, 90), (1, 99), (6, 34), (9, 67), (5, 87), (2, 36), (3, 1), (2, 54), (3, 28), (3, 37), (1, 85), (5, 46), (9, 44), (5, 55), (9, 53), (5, 73), (6, 38), (5, 82), (8, 84), (8, 93), (3, 5), (3, 14), (4, 68), (1, 53), (4, 86), (1, 62), (7, 2), (5, 41), (1, 89), (9, 39), (5, 68), (5, 77), (6, 42), (7, 96), (8, 70), (8, 88), (2, 17), (2, 35), (3, 0), (3, 9), (4, 81), (1, 57), (1, 66), (4, 99), (5, 27), (1, 75), (9, 25), (5, 36), (5, 54), (9, 52), (6, 28), (8, 65), (8, 74), (2, 21), (4, 49), (4, 58), (1, 34), (1, 43), (4, 76), (9, 11), (5, 22), (1, 70), (5, 31), (5, 40), (9, 38), (6, 14), (9, 47), (5, 58), (6, 23), (7, 77), (8, 51), (7, 95), (8, 78), (2, 7), (4, 44), (4, 53), (1, 38), (1, 47), (4, 80), (5, 8), (9, 6), (5, 17), (1, 65), (3, 84), (9, 15), (5, 26), (3, 93), (5, 35), (6, 0), (9, 33), (7, 63), (8, 55), (8, 64), (2, 2), (8, 82), (4, 30), (4, 39), (1, 24), (4, 57), (1, 42), (2, 96), (5, 3), (1, 51), (3, 70), (5, 12), (5, 21), (3, 88), (9, 19), (5, 39), (6, 4), (6, 13), (8, 32), (7, 85), (8, 59), (8, 68), (4, 34), (4, 43), (1, 19), (1, 28), (4, 61), (1, 46), (3, 65), (3, 74), (7, 62), (8, 27), (8, 36), (8, 45), (4, 11), (6, 93), (4, 20), (1, 14), (4, 47), (1, 32), (3, 60), (5, 2), (3, 69), (5, 11), (8, 13), (7, 57), (7, 66), (8, 31), (7, 75), (6, 79), (4, 6), (6, 97), (4, 24), (2, 72), (2, 90), (3, 55), (2, 99), (5, 6), (7, 43), (8, 17), (8, 44), (9, 98), (4, 1), (6, 83), (6, 92), (1, 4), (3, 32), (3, 41), (2, 85), (3, 50), (7, 20), (7, 29), (7, 56), (9, 75), (5, 86), (5, 95), (9, 93), (6, 78), (4, 5), (6, 96), (2, 44), (2, 53), (2, 62), (3, 27), (2, 71), (7, 6), (3, 54), (7, 15), (3, 63), (7, 24), (7, 33), (8, 7), (5, 72), (8, 16), (9, 70), (5, 81), (9, 79), (5, 90), (6, 55), (6, 73), (4, 0), (6, 82), (4, 9), (2, 48), (3, 13), (3, 22), (2, 75), (3, 49), (1, 79), (1, 88), (7, 28), (7, 37), (8, 2), (9, 56), (5, 67), (9, 65), (5, 76), (6, 41), (5, 85), (6, 50), (9, 83), (6, 68), (8, 96), (3, 8), (2, 52), (3, 17), (4, 89), (3, 44), (4, 98), (1, 74), (1, 83), (1, 92), (5, 62), (6, 36), (5, 80), (6, 45), (8, 91), (3, 3), (2, 47), (3, 12), (4, 75), (3, 30), (1, 78), (7, 9), (9, 37), (5, 48), (1, 96), (9, 46), (5, 57), (5, 66), (6, 31), (5, 84), (6, 58), (8, 95), (2, 24), (3, 7), (3, 16), (4, 70), (3, 25), (4, 79), (4, 88), (1, 64), (7, 4), (5, 34), (1, 91), (6, 8), (5, 61), (9, 59), (6, 35), (7, 98), (4, 56), (3, 11), (1, 41), (4, 74), (1, 50), (1, 59), (4, 92), (1, 68), (1, 77), (9, 27), (6, 3), (9, 36), (6, 12), (6, 21), (9, 54), (6, 30), (7, 84), (6, 39), (8, 58), (8, 67), (2, 5), (8, 94), (1, 36), (1, 45), (4, 78), (1, 54), (9, 4), (5, 15), (5, 33), (5, 42), (6, 7), (9, 40), (5, 51), (7, 79), (8, 53), (7, 97), (8, 62), (8, 71), (2, 18), (4, 55), (4, 64), (4, 73), (5, 1), (1, 58), (3, 86), (3, 95), (9, 26), (5, 37), (6, 2), (9, 35), (6, 11), (7, 65), (7, 74), (7, 83), (8, 48), (7, 92), (8, 75), (4, 23), (4, 32), (4, 50), (4, 59), (1, 44), (3, 72), (3, 90), (3, 99), (6, 6), (8, 25), (7, 78), (8, 43), (4, 18), (4, 45), (1, 30), (2, 84), (1, 39), (2, 93), (5, 0), (5, 9), (3, 76), (9, 7), (7, 55), (7, 64), (8, 56), (6, 86), (4, 13), (6, 95), (4, 31), (1, 7), (4, 40), (2, 70), (1, 25), (2, 88), (3, 53), (5, 4), (5, 13), (7, 32), (3, 80), (8, 6), (8, 33), (9, 87), (6, 72), (4, 8), (4, 26), (1, 2), (1, 11), (2, 74), (3, 39), (2, 92), (7, 18), (3, 66), (3, 75), (7, 36), (8, 10), (8, 19), (8, 28), (9, 82), (9, 91), (6, 67), (6, 76), (4, 3), (6, 85), (4, 12), (3, 34), (3, 43), (3, 52), (7, 13), (3, 61), (7, 22), (8, 5), (7, 49), (9, 68), (5, 79), (5, 88), (6, 53), (9, 86), (5, 97), (9, 95), (4, 7), (6, 89), (4, 16), (2, 55), (2, 64), (2, 82), (3, 47), (3, 56)}
Adjusting MOSEK solver parameters
MOSEK time limit set to 180s
Adding objective function for Lan
Initializing variables...
CALLBACK num variables : 790564
Adding ReLU constraints for layer 1
Adding ReLU constraints for layer 2
Adding ReLU constraints for layer 3
Adding ReLU constraints for layer 4
Adding ReLU constraints for layer 5
Adding ReLU constraints for layer 6
Adding ReLU constraints for layer 7
Adding ReLU constraints for layer 8
Adding ReLU constraints for layer 9
Adding quadratic bounds constraint
Adding quadratic bounds constraint for layer 0
Adding quadratic bounds constraint for layer 1
Adding quadratic bounds constraint for layer 2
Adding quadratic bounds constraint for layer 3
Adding quadratic bounds constraint for layer 4
Adding quadratic bounds constraint for layer 5
Adding quadratic bounds constraint for layer 6
Adding quadratic bounds constraint for layer 7
Adding quadratic bounds constraint for layer 8
Adding quadratic bounds constraint for layer 9
Adding RLT constraint (compact)
Indexes pruned for layer 1 : []
Indexes pruned for layer 2 : [2, 4, 7, 11, 14, 19, 24, 25, 28, 30, 32, 34, 36, 38, 39, 41, 42, 43, 44, 45, 46, 47, 50, 51, 53, 54, 57, 58, 59, 62, 64, 65, 66, 68, 70, 74, 75, 77, 78, 79, 83, 85, 88, 89, 90, 91, 92, 95, 96, 99]
Indexes pruned for layer 3 : [2, 5, 7, 17, 18, 21, 24, 35, 36, 44, 47, 48, 50, 52, 53, 54, 55, 62, 64, 70, 71, 72, 74, 75, 82, 84, 85, 88, 90, 92, 93, 96, 99]
Indexes pruned for layer 4 : [0, 1, 3, 5, 6, 7, 8, 9, 11, 12, 13, 14, 15, 16, 17, 22, 25, 27, 28, 30, 32, 34, 37, 39, 41, 42, 43, 44, 47, 49, 50, 52, 53, 54, 55, 56, 60, 61, 63, 65, 66, 69, 70, 72, 74, 75, 76, 80, 84, 86, 88, 90, 93, 95, 99]
Indexes pruned for layer 5 : [0, 1, 2, 3, 5, 6, 7, 8, 9, 11, 12, 13, 16, 18, 20, 23, 24, 26, 30, 31, 32, 34, 39, 40, 43, 44, 45, 47, 49, 50, 53, 55, 56, 57, 58, 59, 61, 64, 68, 70, 73, 74, 75, 76, 78, 79, 80, 81, 86, 88, 89, 92, 98, 99]
Indexes pruned for layer 6 : [0, 1, 2, 3, 4, 6, 8, 9, 11, 12, 13, 15, 17, 21, 22, 26, 27, 31, 33, 34, 35, 36, 37, 39, 40, 41, 42, 46, 48, 51, 54, 55, 57, 58, 61, 62, 65, 66, 67, 68, 72, 73, 74, 76, 77, 79, 80, 81, 82, 83, 84, 85, 86, 87, 88, 90, 95, 97]
Indexes pruned for layer 7 : [0, 2, 3, 4, 6, 7, 8, 11, 12, 13, 14, 21, 23, 28, 30, 31, 34, 35, 36, 38, 39, 41, 42, 45, 48, 50, 53, 55, 57, 58, 67, 68, 72, 73, 75, 76, 78, 79, 82, 83, 85, 86, 89, 92, 93, 95, 96, 97]
Indexes pruned for layer 8 : [2, 3, 4, 6, 9, 13, 15, 17, 18, 20, 22, 24, 26, 28, 29, 32, 33, 35, 36, 37, 43, 49, 55, 56, 57, 62, 63, 64, 65, 66, 74, 75, 77, 78, 79, 83, 84, 85, 92, 95, 96, 97, 98]
Indexes pruned for layer 9 : [0, 2, 5, 6, 7, 9, 10, 13, 16, 17, 19, 25, 27, 28, 31, 32, 33, 36, 43, 44, 45, 48, 51, 53, 55, 56, 58, 59, 62, 64, 65, 67, 68, 70, 71, 74, 75, 78, 82, 84, 88, 91, 93, 94, 95, 96]
CALLBACK : RLT (compact) = 61033 (dont 0 en repli chemin lent)
Adding rec matrices constraint
Number of constraints for the matrix by layers: 413 for 10 layers, [784 100 100 100 100 100 100 100 100 100  10] neurons, boundary layers: [1, 2, 3, 4, 5, 6, 7, 8]
Adding first term equal zero constraint
CALLBACK : Ending constraints. Total number of constraints :  186670
Cuts in _write_presolve_row:  ['RLT', 'triangularization']
Number of constraints before optimization:  186670
Number of variables before optimization:  790564
All possible cuts:  ['RLT', 'triangularization', 'McCormick_beta_z', 'beta_logits_comparaison', 'beta_logits_comparaison_big_M', 'sum_beta_logits_equal_logit']
Cuts added to dic for _write_presolve_row:  {'RLT': True, 'triangularization': True, 'McCormick_beta_z': False, 'beta_logits_comparaison': False, 'beta_logits_comparaison_big_M': False, 'sum_beta_logits_equal_logit': False}
Writing pre-solve row to results.csv with data_index: 7 target: 9
Pre-solve row written to results.csv with data_index: 7 target: 9
Pre-solve row written to results.csv with 186670 constraints and 790564 variables.
INFO     01:01:21     [objective_classic.py:97] Adding Objective to the task
CALLBACK : Number of constraints : 186670
[conic bundle] factor=0.01 x 183099 contraintes dualisables candidates => 1831 reellement dualisees (les 181268 autres relachees mais jamais penalisees)
  [cb_native dynamic calibration] h(0)=0.816582 pool_initial=50/1831
[cb_native dynamic] h(0)=0.816582 > positivity_threshold=1e-06 -- arret immediat (stop_when_positive).
[conic bundle] data_index=7 target=9 optimal_value=0.8165819749173591 n_iter=0 (42.17s)
Initializing TargetedSDP...
Creating list of ytargets...
K :  10
self.n :  [784 100 100 100 100 100 100 100 100 100  10]
Getting to compute bounds...
STUDY : use active neurons:  True use inactive neurons:  False
STUDY : Nb Stable neurons :  490
Number of cuts to test: 1
Cuts to test: [['RLT', 'triangularization']]
Initializing MosekClassicHandler

 
 folder name dans handler:  /lustre/fswork/projects/rech/llc/uvq13au/FastSDPCertification/results/benchmark/9x100-0.026/2026_10_02_00h37_33s_battery-targeted-rlt-notcert
LAST_LAYER in resolve_layer_groups :  False
K :  10
CHORDAL_DECOMPOSITION  in resolve layer groups:  True
INPUT_IN_VARIABLES in resolve_layer_groups :  True
Taille de la matrice pour le groupe 0 [0, 1] : 818
Taille de la matrice pour le groupe 1 [1, 2] : 102
Taille de la matrice pour le groupe 2 [2, 3] : 111
Taille de la matrice pour le groupe 3 [3, 4] : 93
Taille de la matrice pour le groupe 4 [4, 5] : 91
Taille de la matrice pour le groupe 5 [5, 6] : 81
Taille de la matrice pour le groupe 6 [6, 7] : 85
Taille de la matrice pour le groupe 7 [7, 8] : 87
Taille de la matrice pour le groupe 8 [8, 9] : 89
Neurones stables actives:  set()
Neurones stables inactives:  {(7, 17), (1, 95), (7, 26), (7, 35), (5, 65), (8, 9), (5, 74), (8, 18), (9, 72), (6, 48), (5, 92), (6, 57), (9, 90), (6, 66), (6, 75), (6, 84), (3, 6), (2, 50), (3, 15), (4, 87), (3, 42), (4, 96), (7, 3), (1, 90), (7, 21), (1, 99), (5, 60), (9, 58), (5, 69), (6, 34), (9, 67), (6, 43), (9, 76), (5, 87), (9, 85), (5, 96), (6, 61), (3, 1), (2, 45), (2, 54), (3, 19), (3, 28), (3, 37), (1, 76), (1, 85), (5, 46), (9, 44), (6, 38), (8, 84), (2, 13), (8, 93), (2, 31), (3, 5), (3, 14), (4, 68), (1, 53), (4, 86), (1, 71), (7, 2), (1, 80), (7, 11), (5, 41), (1, 89), (9, 39), (6, 24), (5, 68), (9, 66), (5, 77), (6, 42), (7, 96), (8, 70), (8, 79), (8, 88), (2, 17), (8, 97), (3, 0), (3, 9), (4, 81), (1, 57), (4, 90), (4, 99), (5, 27), (1, 75), (9, 25), (5, 36), (9, 34), (5, 54), (6, 19), (9, 52), (5, 63), (6, 37), (8, 65), (8, 74), (8, 83), (2, 21), (4, 49), (4, 58), (1, 34), (4, 76), (1, 61), (9, 11), (5, 22), (1, 70), (9, 20), (5, 31), (9, 29), (5, 40), (9, 38), (6, 14), (9, 47), (5, 58), (6, 23), (8, 51), (7, 95), (8, 78), (2, 7), (8, 87), (4, 44), (4, 53), (1, 38), (1, 47), (4, 80), (5, 8), (1, 56), (9, 6), (5, 17), (1, 65), (3, 84), (9, 15), (5, 26), (3, 93), (5, 35), (9, 33), (5, 44), (7, 63), (7, 72), (7, 90), (8, 55), (8, 82), (4, 30), (4, 39), (1, 24), (1, 42), (5, 3), (1, 51), (3, 70), (5, 21), (3, 88), (9, 19), (6, 4), (7, 67), (8, 32), (7, 85), (8, 50), (8, 59), (8, 68), (4, 43), (1, 19), (1, 28), (4, 61), (1, 46), (3, 65), (7, 62), (8, 27), (8, 36), (8, 54), (4, 11), (6, 93), (4, 20), (4, 38), (1, 14), (4, 47), (1, 32), (2, 86), (2, 95), (3, 60), (5, 2), (3, 69), (9, 0), (5, 11), (7, 39), (8, 13), (7, 57), (7, 66), (8, 31), (7, 75), (8, 40), (9, 94), (8, 49), (6, 79), (4, 6), (6, 97), (4, 24), (1, 0), (1, 9), (1, 18), (3, 55), (5, 6), (7, 34), (3, 82), (7, 43), (8, 17), (7, 61), (5, 91), (8, 44), (9, 98), (6, 74), (4, 1), (6, 83), (6, 92), (1, 4), (2, 67), (3, 32), (3, 41), (2, 85), (3, 50), (2, 94), (7, 29), (7, 56), (9, 75), (5, 86), (6, 60), (9, 93), (6, 69), (6, 78), (4, 5), (6, 96), (2, 44), (2, 53), (2, 62), (3, 27), (2, 71), (2, 80), (7, 6), (3, 54), (7, 15), (7, 24), (7, 33), (8, 7), (5, 72), (8, 16), (9, 70), (5, 81), (9, 79), (5, 90), (6, 55), (6, 64), (9, 97), (6, 73), (4, 0), (6, 82), (4, 9), (3, 13), (3, 22), (2, 75), (3, 40), (3, 49), (7, 19), (7, 37), (8, 2), (9, 56), (5, 67), (9, 65), (5, 76), (6, 41), (5, 85), (6, 50), (9, 83), (6, 68), (8, 96), (3, 8), (3, 17), (2, 61), (3, 35), (4, 98), (1, 74), (1, 83), (1, 92), (7, 23), (9, 60), (6, 36), (5, 80), (6, 45), (8, 91), (2, 20), (3, 3), (2, 47), (3, 12), (3, 30), (4, 84), (1, 60), (1, 78), (7, 9), (1, 87), (9, 37), (5, 48), (9, 46), (5, 57), (6, 22), (5, 66), (6, 31), (9, 64), (6, 40), (5, 84), (8, 95), (2, 24), (3, 7), (3, 16), (4, 70), (3, 25), (4, 79), (1, 55), (4, 88), (1, 64), (4, 97), (7, 4), (5, 34), (1, 82), (1, 91), (6, 8), (5, 52), (5, 61), (9, 59), (5, 70), (6, 35), (7, 89), (6, 44), (7, 98), (8, 72), (2, 10), (3, 11), (4, 65), (1, 41), (4, 74), (1, 50), (4, 83), (1, 59), (4, 92), (1, 68), (9, 18), (1, 77), (9, 27), (6, 3), (9, 36), (6, 12), (6, 21), (9, 54), (6, 30), (6, 39), (8, 58), (8, 67), (8, 76), (2, 5), (8, 85), (8, 94), (1, 36), (1, 45), (4, 78), (1, 54), (9, 4), (1, 63), (3, 91), (5, 33), (5, 42), (6, 7), (9, 40), (5, 51), (7, 79), (8, 53), (7, 97), (8, 62), (8, 71), (8, 89), (1, 22), (1, 31), (4, 64), (4, 73), (5, 1), (1, 49), (5, 10), (1, 58), (3, 86), (3, 95), (9, 26), (5, 37), (6, 2), (9, 35), (6, 11), (7, 65), (6, 20), (7, 74), (7, 83), (8, 48), (7, 92), (8, 75), (4, 23), (1, 8), (4, 41), (1, 17), (4, 50), (1, 26), (4, 59), (1, 44), (3, 72), (5, 14), (9, 12), (3, 90), (3, 99), (6, 6), (7, 60), (8, 25), (7, 78), (8, 43), (8, 52), (8, 61), (4, 18), (4, 45), (1, 30), (1, 39), (3, 58), (5, 0), (5, 9), (3, 76), (9, 7), (7, 46), (7, 55), (7, 64), (8, 29), (7, 73), (8, 56), (6, 86), (4, 13), (6, 95), (1, 7), (4, 40), (1, 16), (2, 70), (1, 25), (2, 79), (2, 88), (3, 53), (5, 4), (3, 71), (5, 13), (7, 32), (3, 80), (8, 6), (8, 33), (9, 87), (6, 72), (6, 99), (1, 2), (1, 11), (3, 39), (3, 48), (2, 92), (7, 18), (3, 66), (7, 27), (7, 36), (8, 10), (7, 54), (8, 19), (9, 82), (9, 91), (6, 76), (4, 3), (6, 85), (6, 94), (1, 6), (2, 69), (3, 34), (2, 78), (3, 43), (3, 52), (7, 22), (7, 40), (8, 5), (7, 49), (9, 68), (5, 79), (5, 88), (9, 86), (9, 95), (6, 80), (6, 89), (4, 16), (1, 1), (2, 64), (3, 56)}
Initializing TargetedSDP...
Creating list of ytargets...
K :  10
self.n :  [784 100 100 100 100 100 100 100 100 100  10]
Getting to compute bounds...
STUDY : use active neurons:  True use inactive neurons:  False
STUDY : Nb Stable neurons :  490
Number of cuts to test: 1
Cuts to test: [['RLT', 'triangularization']]
Initializing MosekClassicHandler

 
 folder name dans handler:  /lustre/fswork/projects/rech/llc/uvq13au/FastSDPCertification/results/benchmark/9x100-0.026/2026_10_02_00h37_33s_battery-targeted-rlt-notcert
LAST_LAYER in resolve_layer_groups :  False
K :  10
CHORDAL_DECOMPOSITION  in resolve layer groups:  True
INPUT_IN_VARIABLES in resolve_layer_groups :  True
Taille de la matrice pour le groupe 0 [0, 1] : 818
Taille de la matrice pour le groupe 1 [1, 2] : 102
Taille de la matrice pour le groupe 2 [2, 3] : 111
Taille de la matrice pour le groupe 3 [3, 4] : 93
Taille de la matrice pour le groupe 4 [4, 5] : 91
Taille de la matrice pour le groupe 5 [5, 6] : 81
Taille de la matrice pour le groupe 6 [6, 7] : 85
Taille de la matrice pour le groupe 7 [7, 8] : 87
Taille de la matrice pour le groupe 8 [8, 9] : 89
Neurones stables actives:  set()
Neurones stables inactives:  {(7, 17), (1, 95), (7, 26), (7, 35), (5, 65), (8, 9), (5, 74), (8, 18), (9, 72), (6, 48), (5, 92), (6, 57), (9, 90), (6, 66), (6, 75), (6, 84), (3, 6), (2, 50), (3, 15), (4, 87), (3, 42), (4, 96), (7, 3), (1, 90), (7, 21), (1, 99), (5, 60), (9, 58), (5, 69), (6, 34), (9, 67), (6, 43), (9, 76), (5, 87), (9, 85), (5, 96), (6, 61), (3, 1), (2, 45), (2, 54), (3, 19), (3, 28), (3, 37), (1, 76), (1, 85), (5, 46), (9, 44), (6, 38), (8, 84), (2, 13), (8, 93), (2, 31), (3, 5), (3, 14), (4, 68), (1, 53), (4, 86), (1, 71), (7, 2), (1, 80), (7, 11), (5, 41), (1, 89), (9, 39), (6, 24), (5, 68), (9, 66), (5, 77), (6, 42), (7, 96), (8, 70), (8, 79), (8, 88), (2, 17), (8, 97), (3, 0), (3, 9), (4, 81), (1, 57), (4, 90), (4, 99), (5, 27), (1, 75), (9, 25), (5, 36), (9, 34), (5, 54), (6, 19), (9, 52), (5, 63), (6, 37), (8, 65), (8, 74), (8, 83), (2, 21), (4, 49), (4, 58), (1, 34), (4, 76), (1, 61), (9, 11), (5, 22), (1, 70), (9, 20), (5, 31), (9, 29), (5, 40), (9, 38), (6, 14), (9, 47), (5, 58), (6, 23), (8, 51), (7, 95), (8, 78), (2, 7), (8, 87), (4, 44), (4, 53), (1, 38), (1, 47), (4, 80), (5, 8), (1, 56), (9, 6), (5, 17), (1, 65), (3, 84), (9, 15), (5, 26), (3, 93), (5, 35), (9, 33), (5, 44), (7, 63), (7, 72), (7, 90), (8, 55), (8, 82), (4, 30), (4, 39), (1, 24), (1, 42), (5, 3), (1, 51), (3, 70), (5, 21), (3, 88), (9, 19), (6, 4), (7, 67), (8, 32), (7, 85), (8, 50), (8, 59), (8, 68), (4, 43), (1, 19), (1, 28), (4, 61), (1, 46), (3, 65), (7, 62), (8, 27), (8, 36), (8, 54), (4, 11), (6, 93), (4, 20), (4, 38), (1, 14), (4, 47), (1, 32), (2, 86), (2, 95), (3, 60), (5, 2), (3, 69), (9, 0), (5, 11), (7, 39), (8, 13), (7, 57), (7, 66), (8, 31), (7, 75), (8, 40), (9, 94), (8, 49), (6, 79), (4, 6), (6, 97), (4, 24), (1, 0), (1, 9), (1, 18), (3, 55), (5, 6), (7, 34), (3, 82), (7, 43), (8, 17), (7, 61), (5, 91), (8, 44), (9, 98), (6, 74), (4, 1), (6, 83), (6, 92), (1, 4), (2, 67), (3, 32), (3, 41), (2, 85), (3, 50), (2, 94), (7, 29), (7, 56), (9, 75), (5, 86), (6, 60), (9, 93), (6, 69), (6, 78), (4, 5), (6, 96), (2, 44), (2, 53), (2, 62), (3, 27), (2, 71), (2, 80), (7, 6), (3, 54), (7, 15), (7, 24), (7, 33), (8, 7), (5, 72), (8, 16), (9, 70), (5, 81), (9, 79), (5, 90), (6, 55), (6, 64), (9, 97), (6, 73), (4, 0), (6, 82), (4, 9), (3, 13), (3, 22), (2, 75), (3, 40), (3, 49), (7, 19), (7, 37), (8, 2), (9, 56), (5, 67), (9, 65), (5, 76), (6, 41), (5, 85), (6, 50), (9, 83), (6, 68), (8, 96), (3, 8), (3, 17), (2, 61), (3, 35), (4, 98), (1, 74), (1, 83), (1, 92), (7, 23), (9, 60), (6, 36), (5, 80), (6, 45), (8, 91), (2, 20), (3, 3), (2, 47), (3, 12), (3, 30), (4, 84), (1, 60), (1, 78), (7, 9), (1, 87), (9, 37), (5, 48), (9, 46), (5, 57), (6, 22), (5, 66), (6, 31), (9, 64), (6, 40), (5, 84), (8, 95), (2, 24), (3, 7), (3, 16), (4, 70), (3, 25), (4, 79), (1, 55), (4, 88), (1, 64), (4, 97), (7, 4), (5, 34), (1, 82), (1, 91), (6, 8), (5, 52), (5, 61), (9, 59), (5, 70), (6, 35), (7, 89), (6, 44), (7, 98), (8, 72), (2, 10), (3, 11), (4, 65), (1, 41), (4, 74), (1, 50), (4, 83), (1, 59), (4, 92), (1, 68), (9, 18), (1, 77), (9, 27), (6, 3), (9, 36), (6, 12), (6, 21), (9, 54), (6, 30), (6, 39), (8, 58), (8, 67), (8, 76), (2, 5), (8, 85), (8, 94), (1, 36), (1, 45), (4, 78), (1, 54), (9, 4), (1, 63), (3, 91), (5, 33), (5, 42), (6, 7), (9, 40), (5, 51), (7, 79), (8, 53), (7, 97), (8, 62), (8, 71), (8, 89), (1, 22), (1, 31), (4, 64), (4, 73), (5, 1), (1, 49), (5, 10), (1, 58), (3, 86), (3, 95), (9, 26), (5, 37), (6, 2), (9, 35), (6, 11), (7, 65), (6, 20), (7, 74), (7, 83), (8, 48), (7, 92), (8, 75), (4, 23), (1, 8), (4, 41), (1, 17), (4, 50), (1, 26), (4, 59), (1, 44), (3, 72), (5, 14), (9, 12), (3, 90), (3, 99), (6, 6), (7, 60), (8, 25), (7, 78), (8, 43), (8, 52), (8, 61), (4, 18), (4, 45), (1, 30), (1, 39), (3, 58), (5, 0), (5, 9), (3, 76), (9, 7), (7, 46), (7, 55), (7, 64), (8, 29), (7, 73), (8, 56), (6, 86), (4, 13), (6, 95), (1, 7), (4, 40), (1, 16), (2, 70), (1, 25), (2, 79), (2, 88), (3, 53), (5, 4), (3, 71), (5, 13), (7, 32), (3, 80), (8, 6), (8, 33), (9, 87), (6, 72), (6, 99), (1, 2), (1, 11), (3, 39), (3, 48), (2, 92), (7, 18), (3, 66), (7, 27), (7, 36), (8, 10), (7, 54), (8, 19), (9, 82), (9, 91), (6, 76), (4, 3), (6, 85), (6, 94), (1, 6), (2, 69), (3, 34), (2, 78), (3, 43), (3, 52), (7, 22), (7, 40), (8, 5), (7, 49), (9, 68), (5, 79), (5, 88), (9, 86), (9, 95), (6, 80), (6, 89), (4, 16), (1, 1), (2, 64), (3, 56)}
Adjusting MOSEK solver parameters
MOSEK time limit set to 180s
Adding objective function for Lan
Initializing variables...
CALLBACK num variables : 744319
Adding ReLU constraints for layer 1
Adding ReLU constraints for layer 2
Adding ReLU constraints for layer 3
Adding ReLU constraints for layer 4
Adding ReLU constraints for layer 5
Adding ReLU constraints for layer 6
Adding ReLU constraints for layer 7
Adding ReLU constraints for layer 8
Adding ReLU constraints for layer 9
Adding quadratic bounds constraint
Adding quadratic bounds constraint for layer 0
Adding quadratic bounds constraint for layer 1
Adding quadratic bounds constraint for layer 2
Adding quadratic bounds constraint for layer 3
Adding quadratic bounds constraint for layer 4
Adding quadratic bounds constraint for layer 5
Adding quadratic bounds constraint for layer 6
Adding quadratic bounds constraint for layer 7
Adding quadratic bounds constraint for layer 8
Adding quadratic bounds constraint for layer 9
Adding RLT constraint (compact)
Indexes pruned for layer 1 : []
Indexes pruned for layer 2 : [0, 1, 2, 4, 6, 7, 8, 9, 11, 14, 16, 17, 18, 19, 22, 24, 25, 26, 28, 30, 31, 32, 34, 36, 38, 39, 41, 42, 44, 45, 46, 47, 49, 50, 51, 53, 54, 55, 56, 57, 58, 59, 60, 61, 63, 64, 65, 68, 70, 71, 74, 75, 76, 77, 78, 80, 82, 83, 85, 87, 89, 90, 91, 92, 95, 99]
Indexes pruned for layer 3 : [5, 7, 10, 13, 17, 20, 21, 24, 31, 44, 45, 47, 50, 53, 54, 61, 62, 64, 67, 69, 70, 71, 75, 78, 79, 80, 85, 86, 88, 92, 94, 95]
Indexes pruned for layer 4 : [0, 1, 3, 5, 6, 7, 8, 9, 11, 12, 13, 14, 15, 16, 17, 19, 22, 25, 27, 28, 30, 32, 34, 35, 37, 39, 40, 41, 42, 43, 48, 49, 50, 52, 53, 54, 55, 56, 58, 60, 65, 66, 69, 70, 71, 72, 76, 80, 82, 84, 86, 88, 90, 91, 93, 95, 99]
Indexes pruned for layer 5 : [0, 1, 3, 5, 6, 9, 11, 13, 16, 18, 20, 23, 24, 30, 38, 39, 40, 41, 43, 44, 45, 47, 49, 50, 53, 58, 59, 61, 64, 65, 68, 70, 73, 74, 76, 78, 79, 80, 81, 83, 84, 86, 87, 88, 90, 92, 96, 97, 98, 99]
Indexes pruned for layer 6 : [0, 1, 2, 3, 4, 6, 8, 9, 10, 11, 13, 14, 17, 21, 22, 26, 27, 31, 33, 34, 35, 36, 37, 40, 41, 42, 44, 46, 48, 51, 52, 54, 57, 58, 60, 61, 63, 65, 66, 67, 68, 69, 70, 72, 74, 76, 77, 79, 80, 81, 84, 85, 86, 87, 88, 90, 91, 92, 96]
Indexes pruned for layer 7 : [2, 3, 4, 6, 7, 8, 11, 12, 14, 19, 20, 21, 22, 23, 24, 30, 31, 34, 35, 36, 37, 38, 39, 40, 41, 42, 43, 44, 45, 48, 50, 55, 57, 60, 61, 64, 66, 68, 69, 72, 73, 74, 75, 76, 78, 79, 80, 82, 83, 84, 85, 86, 89, 92, 93, 94, 95, 96, 97, 99]
Indexes pruned for layer 8 : [2, 3, 4, 6, 9, 11, 15, 17, 18, 19, 21, 22, 23, 24, 26, 27, 29, 32, 33, 34, 35, 36, 37, 39, 40, 43, 46, 49, 54, 55, 56, 57, 60, 61, 62, 63, 64, 65, 66, 67, 72, 73, 74, 75, 78, 79, 83, 85, 89, 90, 92, 95, 96, 97, 98]
Indexes pruned for layer 9 : [2, 5, 6, 7, 9, 10, 13, 16, 17, 18, 19, 25, 27, 29, 31, 32, 33, 36, 40, 43, 44, 48, 49, 50, 51, 52, 53, 54, 55, 56, 58, 59, 61, 62, 65, 67, 68, 70, 71, 72, 74, 75, 76, 78, 79, 82, 83, 84, 85, 87, 88, 89, 91, 93, 94, 95, 96, 97]
CALLBACK : RLT (compact) = 43396 (dont 0 en repli chemin lent)
Adding rec matrices constraint
Number of constraints for the matrix by layers: 363 for 10 layers, [784 100 100 100 100 100 100 100 100 100  10] neurons, boundary layers: [1, 2, 3, 4, 5, 6, 7, 8]
Adding first term equal zero constraint
CALLBACK : Ending constraints. Total number of constraints :  133394
Cuts in _write_presolve_row:  ['RLT', 'triangularization']
Number of constraints before optimization:  133394
Number of variables before optimization:  744319
All possible cuts:  ['RLT', 'triangularization', 'McCormick_beta_z', 'beta_logits_comparaison', 'beta_logits_comparaison_big_M', 'sum_beta_logits_equal_logit']
Cuts added to dic for _write_presolve_row:  {'RLT': True, 'triangularization': True, 'McCormick_beta_z': False, 'beta_logits_comparaison': False, 'beta_logits_comparaison_big_M': False, 'sum_beta_logits_equal_logit': False}
Writing pre-solve row to results.csv with data_index: 23 target: 0
Pre-solve row written to results.csv with data_index: 23 target: 0
Pre-solve row written to results.csv with 133394 constraints and 744319 variables.
INFO     01:02:06     [objective_classic.py:97] Adding Objective to the task
CALLBACK : Number of constraints : 133394
[conic bundle] factor=0.01 x 130188 contraintes dualisables candidates => 1302 reellement dualisees (les 128886 autres relachees mais jamais penalisees)
  [cb_native dynamic calibration] h(0)=5.424712 pool_initial=50/1302
[cb_native dynamic] h(0)=5.424712 > positivity_threshold=1e-06 -- arret immediat (stop_when_positive).
[conic bundle] data_index=23 target=0 optimal_value=5.424711669428137 n_iter=0 (53.01s)
Initializing TargetedSDP...
Creating list of ytargets...
K :  10
self.n :  [784 100 100 100 100 100 100 100 100 100  10]
Getting to compute bounds...
STUDY : use active neurons:  True use inactive neurons:  False
STUDY : Nb Stable neurons :  490
Number of cuts to test: 1
Cuts to test: [['RLT', 'triangularization']]
Initializing MosekClassicHandler

 
 folder name dans handler:  /lustre/fswork/projects/rech/llc/uvq13au/FastSDPCertification/results/benchmark/9x100-0.026/2026_10_02_00h37_33s_battery-targeted-rlt-notcert
LAST_LAYER in resolve_layer_groups :  False
K :  10
CHORDAL_DECOMPOSITION  in resolve layer groups:  True
INPUT_IN_VARIABLES in resolve_layer_groups :  True
Taille de la matrice pour le groupe 0 [0, 1] : 818
Taille de la matrice pour le groupe 1 [1, 2] : 102
Taille de la matrice pour le groupe 2 [2, 3] : 111
Taille de la matrice pour le groupe 3 [3, 4] : 93
Taille de la matrice pour le groupe 4 [4, 5] : 91
Taille de la matrice pour le groupe 5 [5, 6] : 81
Taille de la matrice pour le groupe 6 [6, 7] : 85
Taille de la matrice pour le groupe 7 [7, 8] : 87
Taille de la matrice pour le groupe 8 [8, 9] : 89
Neurones stables actives:  set()
Neurones stables inactives:  {(7, 17), (1, 95), (7, 26), (7, 35), (5, 65), (8, 9), (5, 74), (8, 18), (9, 72), (6, 48), (5, 92), (6, 57), (9, 90), (6, 66), (6, 75), (6, 84), (3, 6), (2, 50), (3, 15), (4, 87), (3, 42), (4, 96), (7, 3), (1, 90), (7, 21), (1, 99), (5, 60), (9, 58), (5, 69), (6, 34), (9, 67), (6, 43), (9, 76), (5, 87), (9, 85), (5, 96), (6, 61), (3, 1), (2, 45), (2, 54), (3, 19), (3, 28), (3, 37), (1, 76), (1, 85), (5, 46), (9, 44), (6, 38), (8, 84), (2, 13), (8, 93), (2, 31), (3, 5), (3, 14), (4, 68), (1, 53), (4, 86), (1, 71), (7, 2), (1, 80), (7, 11), (5, 41), (1, 89), (9, 39), (6, 24), (5, 68), (9, 66), (5, 77), (6, 42), (7, 96), (8, 70), (8, 79), (8, 88), (2, 17), (8, 97), (3, 0), (3, 9), (4, 81), (1, 57), (4, 90), (4, 99), (5, 27), (1, 75), (9, 25), (5, 36), (9, 34), (5, 54), (6, 19), (9, 52), (5, 63), (6, 37), (8, 65), (8, 74), (8, 83), (2, 21), (4, 49), (4, 58), (1, 34), (4, 76), (1, 61), (9, 11), (5, 22), (1, 70), (9, 20), (5, 31), (9, 29), (5, 40), (9, 38), (6, 14), (9, 47), (5, 58), (6, 23), (8, 51), (7, 95), (8, 78), (2, 7), (8, 87), (4, 44), (4, 53), (1, 38), (1, 47), (4, 80), (5, 8), (1, 56), (9, 6), (5, 17), (1, 65), (3, 84), (9, 15), (5, 26), (3, 93), (5, 35), (9, 33), (5, 44), (7, 63), (7, 72), (7, 90), (8, 55), (8, 82), (4, 30), (4, 39), (1, 24), (1, 42), (5, 3), (1, 51), (3, 70), (5, 21), (3, 88), (9, 19), (6, 4), (7, 67), (8, 32), (7, 85), (8, 50), (8, 59), (8, 68), (4, 43), (1, 19), (1, 28), (4, 61), (1, 46), (3, 65), (7, 62), (8, 27), (8, 36), (8, 54), (4, 11), (6, 93), (4, 20), (4, 38), (1, 14), (4, 47), (1, 32), (2, 86), (2, 95), (3, 60), (5, 2), (3, 69), (9, 0), (5, 11), (7, 39), (8, 13), (7, 57), (7, 66), (8, 31), (7, 75), (8, 40), (9, 94), (8, 49), (6, 79), (4, 6), (6, 97), (4, 24), (1, 0), (1, 9), (1, 18), (3, 55), (5, 6), (7, 34), (3, 82), (7, 43), (8, 17), (7, 61), (5, 91), (8, 44), (9, 98), (6, 74), (4, 1), (6, 83), (6, 92), (1, 4), (2, 67), (3, 32), (3, 41), (2, 85), (3, 50), (2, 94), (7, 29), (7, 56), (9, 75), (5, 86), (6, 60), (9, 93), (6, 69), (6, 78), (4, 5), (6, 96), (2, 44), (2, 53), (2, 62), (3, 27), (2, 71), (2, 80), (7, 6), (3, 54), (7, 15), (7, 24), (7, 33), (8, 7), (5, 72), (8, 16), (9, 70), (5, 81), (9, 79), (5, 90), (6, 55), (6, 64), (9, 97), (6, 73), (4, 0), (6, 82), (4, 9), (3, 13), (3, 22), (2, 75), (3, 40), (3, 49), (7, 19), (7, 37), (8, 2), (9, 56), (5, 67), (9, 65), (5, 76), (6, 41), (5, 85), (6, 50), (9, 83), (6, 68), (8, 96), (3, 8), (3, 17), (2, 61), (3, 35), (4, 98), (1, 74), (1, 83), (1, 92), (7, 23), (9, 60), (6, 36), (5, 80), (6, 45), (8, 91), (2, 20), (3, 3), (2, 47), (3, 12), (3, 30), (4, 84), (1, 60), (1, 78), (7, 9), (1, 87), (9, 37), (5, 48), (9, 46), (5, 57), (6, 22), (5, 66), (6, 31), (9, 64), (6, 40), (5, 84), (8, 95), (2, 24), (3, 7), (3, 16), (4, 70), (3, 25), (4, 79), (1, 55), (4, 88), (1, 64), (4, 97), (7, 4), (5, 34), (1, 82), (1, 91), (6, 8), (5, 52), (5, 61), (9, 59), (5, 70), (6, 35), (7, 89), (6, 44), (7, 98), (8, 72), (2, 10), (3, 11), (4, 65), (1, 41), (4, 74), (1, 50), (4, 83), (1, 59), (4, 92), (1, 68), (9, 18), (1, 77), (9, 27), (6, 3), (9, 36), (6, 12), (6, 21), (9, 54), (6, 30), (6, 39), (8, 58), (8, 67), (8, 76), (2, 5), (8, 85), (8, 94), (1, 36), (1, 45), (4, 78), (1, 54), (9, 4), (1, 63), (3, 91), (5, 33), (5, 42), (6, 7), (9, 40), (5, 51), (7, 79), (8, 53), (7, 97), (8, 62), (8, 71), (8, 89), (1, 22), (1, 31), (4, 64), (4, 73), (5, 1), (1, 49), (5, 10), (1, 58), (3, 86), (3, 95), (9, 26), (5, 37), (6, 2), (9, 35), (6, 11), (7, 65), (6, 20), (7, 74), (7, 83), (8, 48), (7, 92), (8, 75), (4, 23), (1, 8), (4, 41), (1, 17), (4, 50), (1, 26), (4, 59), (1, 44), (3, 72), (5, 14), (9, 12), (3, 90), (3, 99), (6, 6), (7, 60), (8, 25), (7, 78), (8, 43), (8, 52), (8, 61), (4, 18), (4, 45), (1, 30), (1, 39), (3, 58), (5, 0), (5, 9), (3, 76), (9, 7), (7, 46), (7, 55), (7, 64), (8, 29), (7, 73), (8, 56), (6, 86), (4, 13), (6, 95), (1, 7), (4, 40), (1, 16), (2, 70), (1, 25), (2, 79), (2, 88), (3, 53), (5, 4), (3, 71), (5, 13), (7, 32), (3, 80), (8, 6), (8, 33), (9, 87), (6, 72), (6, 99), (1, 2), (1, 11), (3, 39), (3, 48), (2, 92), (7, 18), (3, 66), (7, 27), (7, 36), (8, 10), (7, 54), (8, 19), (9, 82), (9, 91), (6, 76), (4, 3), (6, 85), (6, 94), (1, 6), (2, 69), (3, 34), (2, 78), (3, 43), (3, 52), (7, 22), (7, 40), (8, 5), (7, 49), (9, 68), (5, 79), (5, 88), (9, 86), (9, 95), (6, 80), (6, 89), (4, 16), (1, 1), (2, 64), (3, 56)}
Adjusting MOSEK solver parameters
MOSEK time limit set to 180s
Adding objective function for Lan
Initializing variables...
CALLBACK num variables : 744319
Adding ReLU constraints for layer 1
Adding ReLU constraints for layer 2
Adding ReLU constraints for layer 3
Adding ReLU constraints for layer 4
Adding ReLU constraints for layer 5
Adding ReLU constraints for layer 6
Adding ReLU constraints for layer 7
Adding ReLU constraints for layer 8
Adding ReLU constraints for layer 9
Adding quadratic bounds constraint
Adding quadratic bounds constraint for layer 0
Adding quadratic bounds constraint for layer 1
Adding quadratic bounds constraint for layer 2
Adding quadratic bounds constraint for layer 3
Adding quadratic bounds constraint for layer 4
Adding quadratic bounds constraint for layer 5
Adding quadratic bounds constraint for layer 6
Adding quadratic bounds constraint for layer 7
Adding quadratic bounds constraint for layer 8
Adding quadratic bounds constraint for layer 9
Adding RLT constraint (compact)
Indexes pruned for layer 1 : []
Indexes pruned for layer 2 : [0, 1, 2, 4, 6, 7, 8, 9, 11, 14, 16, 17, 18, 19, 22, 24, 25, 26, 28, 30, 31, 32, 34, 36, 38, 39, 41, 42, 44, 45, 46, 47, 49, 50, 51, 53, 54, 55, 56, 57, 58, 59, 60, 61, 63, 64, 65, 68, 70, 71, 74, 75, 76, 77, 78, 80, 82, 83, 85, 87, 89, 90, 91, 92, 95, 99]
Indexes pruned for layer 3 : [5, 7, 10, 13, 17, 20, 21, 24, 31, 44, 45, 47, 50, 53, 54, 61, 62, 64, 67, 69, 70, 71, 75, 78, 79, 80, 85, 86, 88, 92, 94, 95]
Indexes pruned for layer 4 : [0, 1, 3, 5, 6, 7, 8, 9, 11, 12, 13, 14, 15, 16, 17, 19, 22, 25, 27, 28, 30, 32, 34, 35, 37, 39, 40, 41, 42, 43, 48, 49, 50, 52, 53, 54, 55, 56, 58, 60, 65, 66, 69, 70, 71, 72, 76, 80, 82, 84, 86, 88, 90, 91, 93, 95, 99]
Indexes pruned for layer 5 : [0, 1, 3, 5, 6, 9, 11, 13, 16, 18, 20, 23, 24, 30, 38, 39, 40, 41, 43, 44, 45, 47, 49, 50, 53, 58, 59, 61, 64, 65, 68, 70, 73, 74, 76, 78, 79, 80, 81, 83, 84, 86, 87, 88, 90, 92, 96, 97, 98, 99]
Indexes pruned for layer 6 : [0, 1, 2, 3, 4, 6, 8, 9, 10, 11, 13, 14, 17, 21, 22, 26, 27, 31, 33, 34, 35, 36, 37, 40, 41, 42, 44, 46, 48, 51, 52, 54, 57, 58, 60, 61, 63, 65, 66, 67, 68, 69, 70, 72, 74, 76, 77, 79, 80, 81, 84, 85, 86, 87, 88, 90, 91, 92, 96]
Indexes pruned for layer 7 : [2, 3, 4, 6, 7, 8, 11, 12, 14, 19, 20, 21, 22, 23, 24, 30, 31, 34, 35, 36, 37, 38, 39, 40, 41, 42, 43, 44, 45, 48, 50, 55, 57, 60, 61, 64, 66, 68, 69, 72, 73, 74, 75, 76, 78, 79, 80, 82, 83, 84, 85, 86, 89, 92, 93, 94, 95, 96, 97, 99]
Indexes pruned for layer 8 : [2, 3, 4, 6, 9, 11, 15, 17, 18, 19, 21, 22, 23, 24, 26, 27, 29, 32, 33, 34, 35, 36, 37, 39, 40, 43, 46, 49, 54, 55, 56, 57, 60, 61, 62, 63, 64, 65, 66, 67, 72, 73, 74, 75, 78, 79, 83, 85, 89, 90, 92, 95, 96, 97, 98]
Indexes pruned for layer 9 : [2, 5, 6, 7, 9, 10, 13, 16, 17, 18, 19, 25, 27, 29, 31, 32, 33, 36, 40, 43, 44, 48, 49, 50, 51, 52, 53, 54, 55, 56, 58, 59, 61, 62, 65, 67, 68, 70, 71, 72, 74, 75, 76, 78, 79, 82, 83, 84, 85, 87, 88, 89, 91, 93, 94, 95, 96, 97]
CALLBACK : RLT (compact) = 43396 (dont 0 en repli chemin lent)
Adding rec matrices constraint
Number of constraints for the matrix by layers: 363 for 10 layers, [784 100 100 100 100 100 100 100 100 100  10] neurons, boundary layers: [1, 2, 3, 4, 5, 6, 7, 8]
Adding first term equal zero constraint
CALLBACK : Ending constraints. Total number of constraints :  133394
Cuts in _write_presolve_row:  ['RLT', 'triangularization']
Number of constraints before optimization:  133394
Number of variables before optimization:  744319
All possible cuts:  ['RLT', 'triangularization', 'McCormick_beta_z', 'beta_logits_comparaison', 'beta_logits_comparaison_big_M', 'sum_beta_logits_equal_logit']
Cuts added to dic for _write_presolve_row:  {'RLT': True, 'triangularization': True, 'McCormick_beta_z': False, 'beta_logits_comparaison': False, 'beta_logits_comparaison_big_M': False, 'sum_beta_logits_equal_logit': False}
Writing pre-solve row to results.csv with data_index: 23 target: 1
Pre-solve row written to results.csv with data_index: 23 target: 1
Pre-solve row written to results.csv with 133394 constraints and 744319 variables.
INFO     01:03:01     [objective_classic.py:97] Adding Objective to the task
CALLBACK : Number of constraints : 133394
[conic bundle] factor=0.01 x 130188 contraintes dualisables candidates => 1302 reellement dualisees (les 128886 autres relachees mais jamais penalisees)
  [cb_native dynamic calibration] h(0)=7.585703 pool_initial=50/1302
[cb_native dynamic] h(0)=7.585703 > positivity_threshold=1e-06 -- arret immediat (stop_when_positive).
[conic bundle] data_index=23 target=1 optimal_value=7.5857034134507 n_iter=0 (52.31s)
Initializing TargetedSDP...
Creating list of ytargets...
K :  10
self.n :  [784 100 100 100 100 100 100 100 100 100  10]
Getting to compute bounds...
STUDY : use active neurons:  True use inactive neurons:  False
STUDY : Nb Stable neurons :  490
Number of cuts to test: 1
Cuts to test: [['RLT', 'triangularization']]
Initializing MosekClassicHandler

 
 folder name dans handler:  /lustre/fswork/projects/rech/llc/uvq13au/FastSDPCertification/results/benchmark/9x100-0.026/2026_10_02_00h37_33s_battery-targeted-rlt-notcert
LAST_LAYER in resolve_layer_groups :  False
K :  10
CHORDAL_DECOMPOSITION  in resolve layer groups:  True
INPUT_IN_VARIABLES in resolve_layer_groups :  True
Taille de la matrice pour le groupe 0 [0, 1] : 818
Taille de la matrice pour le groupe 1 [1, 2] : 102
Taille de la matrice pour le groupe 2 [2, 3] : 111
Taille de la matrice pour le groupe 3 [3, 4] : 93
Taille de la matrice pour le groupe 4 [4, 5] : 91
Taille de la matrice pour le groupe 5 [5, 6] : 81
Taille de la matrice pour le groupe 6 [6, 7] : 85
Taille de la matrice pour le groupe 7 [7, 8] : 87
Taille de la matrice pour le groupe 8 [8, 9] : 89
Neurones stables actives:  set()
Neurones stables inactives:  {(7, 17), (1, 95), (7, 26), (7, 35), (5, 65), (8, 9), (5, 74), (8, 18), (9, 72), (6, 48), (5, 92), (6, 57), (9, 90), (6, 66), (6, 75), (6, 84), (3, 6), (2, 50), (3, 15), (4, 87), (3, 42), (4, 96), (7, 3), (1, 90), (7, 21), (1, 99), (5, 60), (9, 58), (5, 69), (6, 34), (9, 67), (6, 43), (9, 76), (5, 87), (9, 85), (5, 96), (6, 61), (3, 1), (2, 45), (2, 54), (3, 19), (3, 28), (3, 37), (1, 76), (1, 85), (5, 46), (9, 44), (6, 38), (8, 84), (2, 13), (8, 93), (2, 31), (3, 5), (3, 14), (4, 68), (1, 53), (4, 86), (1, 71), (7, 2), (1, 80), (7, 11), (5, 41), (1, 89), (9, 39), (6, 24), (5, 68), (9, 66), (5, 77), (6, 42), (7, 96), (8, 70), (8, 79), (8, 88), (2, 17), (8, 97), (3, 0), (3, 9), (4, 81), (1, 57), (4, 90), (4, 99), (5, 27), (1, 75), (9, 25), (5, 36), (9, 34), (5, 54), (6, 19), (9, 52), (5, 63), (6, 37), (8, 65), (8, 74), (8, 83), (2, 21), (4, 49), (4, 58), (1, 34), (4, 76), (1, 61), (9, 11), (5, 22), (1, 70), (9, 20), (5, 31), (9, 29), (5, 40), (9, 38), (6, 14), (9, 47), (5, 58), (6, 23), (8, 51), (7, 95), (8, 78), (2, 7), (8, 87), (4, 44), (4, 53), (1, 38), (1, 47), (4, 80), (5, 8), (1, 56), (9, 6), (5, 17), (1, 65), (3, 84), (9, 15), (5, 26), (3, 93), (5, 35), (9, 33), (5, 44), (7, 63), (7, 72), (7, 90), (8, 55), (8, 82), (4, 30), (4, 39), (1, 24), (1, 42), (5, 3), (1, 51), (3, 70), (5, 21), (3, 88), (9, 19), (6, 4), (7, 67), (8, 32), (7, 85), (8, 50), (8, 59), (8, 68), (4, 43), (1, 19), (1, 28), (4, 61), (1, 46), (3, 65), (7, 62), (8, 27), (8, 36), (8, 54), (4, 11), (6, 93), (4, 20), (4, 38), (1, 14), (4, 47), (1, 32), (2, 86), (2, 95), (3, 60), (5, 2), (3, 69), (9, 0), (5, 11), (7, 39), (8, 13), (7, 57), (7, 66), (8, 31), (7, 75), (8, 40), (9, 94), (8, 49), (6, 79), (4, 6), (6, 97), (4, 24), (1, 0), (1, 9), (1, 18), (3, 55), (5, 6), (7, 34), (3, 82), (7, 43), (8, 17), (7, 61), (5, 91), (8, 44), (9, 98), (6, 74), (4, 1), (6, 83), (6, 92), (1, 4), (2, 67), (3, 32), (3, 41), (2, 85), (3, 50), (2, 94), (7, 29), (7, 56), (9, 75), (5, 86), (6, 60), (9, 93), (6, 69), (6, 78), (4, 5), (6, 96), (2, 44), (2, 53), (2, 62), (3, 27), (2, 71), (2, 80), (7, 6), (3, 54), (7, 15), (7, 24), (7, 33), (8, 7), (5, 72), (8, 16), (9, 70), (5, 81), (9, 79), (5, 90), (6, 55), (6, 64), (9, 97), (6, 73), (4, 0), (6, 82), (4, 9), (3, 13), (3, 22), (2, 75), (3, 40), (3, 49), (7, 19), (7, 37), (8, 2), (9, 56), (5, 67), (9, 65), (5, 76), (6, 41), (5, 85), (6, 50), (9, 83), (6, 68), (8, 96), (3, 8), (3, 17), (2, 61), (3, 35), (4, 98), (1, 74), (1, 83), (1, 92), (7, 23), (9, 60), (6, 36), (5, 80), (6, 45), (8, 91), (2, 20), (3, 3), (2, 47), (3, 12), (3, 30), (4, 84), (1, 60), (1, 78), (7, 9), (1, 87), (9, 37), (5, 48), (9, 46), (5, 57), (6, 22), (5, 66), (6, 31), (9, 64), (6, 40), (5, 84), (8, 95), (2, 24), (3, 7), (3, 16), (4, 70), (3, 25), (4, 79), (1, 55), (4, 88), (1, 64), (4, 97), (7, 4), (5, 34), (1, 82), (1, 91), (6, 8), (5, 52), (5, 61), (9, 59), (5, 70), (6, 35), (7, 89), (6, 44), (7, 98), (8, 72), (2, 10), (3, 11), (4, 65), (1, 41), (4, 74), (1, 50), (4, 83), (1, 59), (4, 92), (1, 68), (9, 18), (1, 77), (9, 27), (6, 3), (9, 36), (6, 12), (6, 21), (9, 54), (6, 30), (6, 39), (8, 58), (8, 67), (8, 76), (2, 5), (8, 85), (8, 94), (1, 36), (1, 45), (4, 78), (1, 54), (9, 4), (1, 63), (3, 91), (5, 33), (5, 42), (6, 7), (9, 40), (5, 51), (7, 79), (8, 53), (7, 97), (8, 62), (8, 71), (8, 89), (1, 22), (1, 31), (4, 64), (4, 73), (5, 1), (1, 49), (5, 10), (1, 58), (3, 86), (3, 95), (9, 26), (5, 37), (6, 2), (9, 35), (6, 11), (7, 65), (6, 20), (7, 74), (7, 83), (8, 48), (7, 92), (8, 75), (4, 23), (1, 8), (4, 41), (1, 17), (4, 50), (1, 26), (4, 59), (1, 44), (3, 72), (5, 14), (9, 12), (3, 90), (3, 99), (6, 6), (7, 60), (8, 25), (7, 78), (8, 43), (8, 52), (8, 61), (4, 18), (4, 45), (1, 30), (1, 39), (3, 58), (5, 0), (5, 9), (3, 76), (9, 7), (7, 46), (7, 55), (7, 64), (8, 29), (7, 73), (8, 56), (6, 86), (4, 13), (6, 95), (1, 7), (4, 40), (1, 16), (2, 70), (1, 25), (2, 79), (2, 88), (3, 53), (5, 4), (3, 71), (5, 13), (7, 32), (3, 80), (8, 6), (8, 33), (9, 87), (6, 72), (6, 99), (1, 2), (1, 11), (3, 39), (3, 48), (2, 92), (7, 18), (3, 66), (7, 27), (7, 36), (8, 10), (7, 54), (8, 19), (9, 82), (9, 91), (6, 76), (4, 3), (6, 85), (6, 94), (1, 6), (2, 69), (3, 34), (2, 78), (3, 43), (3, 52), (7, 22), (7, 40), (8, 5), (7, 49), (9, 68), (5, 79), (5, 88), (9, 86), (9, 95), (6, 80), (6, 89), (4, 16), (1, 1), (2, 64), (3, 56)}
Adjusting MOSEK solver parameters
MOSEK time limit set to 180s
Adding objective function for Lan
Initializing variables...
CALLBACK num variables : 744319
Adding ReLU constraints for layer 1
Adding ReLU constraints for layer 2
Adding ReLU constraints for layer 3
Adding ReLU constraints for layer 4
Adding ReLU constraints for layer 5
Adding ReLU constraints for layer 6
Adding ReLU constraints for layer 7
Adding ReLU constraints for layer 8
Adding ReLU constraints for layer 9
Adding quadratic bounds constraint
Adding quadratic bounds constraint for layer 0
Adding quadratic bounds constraint for layer 1
Adding quadratic bounds constraint for layer 2
Adding quadratic bounds constraint for layer 3
Adding quadratic bounds constraint for layer 4
Adding quadratic bounds constraint for layer 5
Adding quadratic bounds constraint for layer 6
Adding quadratic bounds constraint for layer 7
Adding quadratic bounds constraint for layer 8
Adding quadratic bounds constraint for layer 9
Adding RLT constraint (compact)
Indexes pruned for layer 1 : []
Indexes pruned for layer 2 : [0, 1, 2, 4, 6, 7, 8, 9, 11, 14, 16, 17, 18, 19, 22, 24, 25, 26, 28, 30, 31, 32, 34, 36, 38, 39, 41, 42, 44, 45, 46, 47, 49, 50, 51, 53, 54, 55, 56, 57, 58, 59, 60, 61, 63, 64, 65, 68, 70, 71, 74, 75, 76, 77, 78, 80, 82, 83, 85, 87, 89, 90, 91, 92, 95, 99]
Indexes pruned for layer 3 : [5, 7, 10, 13, 17, 20, 21, 24, 31, 44, 45, 47, 50, 53, 54, 61, 62, 64, 67, 69, 70, 71, 75, 78, 79, 80, 85, 86, 88, 92, 94, 95]
Indexes pruned for layer 4 : [0, 1, 3, 5, 6, 7, 8, 9, 11, 12, 13, 14, 15, 16, 17, 19, 22, 25, 27, 28, 30, 32, 34, 35, 37, 39, 40, 41, 42, 43, 48, 49, 50, 52, 53, 54, 55, 56, 58, 60, 65, 66, 69, 70, 71, 72, 76, 80, 82, 84, 86, 88, 90, 91, 93, 95, 99]
Indexes pruned for layer 5 : [0, 1, 3, 5, 6, 9, 11, 13, 16, 18, 20, 23, 24, 30, 38, 39, 40, 41, 43, 44, 45, 47, 49, 50, 53, 58, 59, 61, 64, 65, 68, 70, 73, 74, 76, 78, 79, 80, 81, 83, 84, 86, 87, 88, 90, 92, 96, 97, 98, 99]
Indexes pruned for layer 6 : [0, 1, 2, 3, 4, 6, 8, 9, 10, 11, 13, 14, 17, 21, 22, 26, 27, 31, 33, 34, 35, 36, 37, 40, 41, 42, 44, 46, 48, 51, 52, 54, 57, 58, 60, 61, 63, 65, 66, 67, 68, 69, 70, 72, 74, 76, 77, 79, 80, 81, 84, 85, 86, 87, 88, 90, 91, 92, 96]
Indexes pruned for layer 7 : [2, 3, 4, 6, 7, 8, 11, 12, 14, 19, 20, 21, 22, 23, 24, 30, 31, 34, 35, 36, 37, 38, 39, 40, 41, 42, 43, 44, 45, 48, 50, 55, 57, 60, 61, 64, 66, 68, 69, 72, 73, 74, 75, 76, 78, 79, 80, 82, 83, 84, 85, 86, 89, 92, 93, 94, 95, 96, 97, 99]
Indexes pruned for layer 8 : [2, 3, 4, 6, 9, 11, 15, 17, 18, 19, 21, 22, 23, 24, 26, 27, 29, 32, 33, 34, 35, 36, 37, 39, 40, 43, 46, 49, 54, 55, 56, 57, 60, 61, 62, 63, 64, 65, 66, 67, 72, 73, 74, 75, 78, 79, 83, 85, 89, 90, 92, 95, 96, 97, 98]
Indexes pruned for layer 9 : [2, 5, 6, 7, 9, 10, 13, 16, 17, 18, 19, 25, 27, 29, 31, 32, 33, 36, 40, 43, 44, 48, 49, 50, 51, 52, 53, 54, 55, 56, 58, 59, 61, 62, 65, 67, 68, 70, 71, 72, 74, 75, 76, 78, 79, 82, 83, 84, 85, 87, 88, 89, 91, 93, 94, 95, 96, 97]
CALLBACK : RLT (compact) = 43396 (dont 0 en repli chemin lent)
Adding rec matrices constraint
Number of constraints for the matrix by layers: 363 for 10 layers, [784 100 100 100 100 100 100 100 100 100  10] neurons, boundary layers: [1, 2, 3, 4, 5, 6, 7, 8]
Adding first term equal zero constraint
CALLBACK : Ending constraints. Total number of constraints :  133394
Cuts in _write_presolve_row:  ['RLT', 'triangularization']
Number of constraints before optimization:  133394
Number of variables before optimization:  744319
All possible cuts:  ['RLT', 'triangularization', 'McCormick_beta_z', 'beta_logits_comparaison', 'beta_logits_comparaison_big_M', 'sum_beta_logits_equal_logit']
Cuts added to dic for _write_presolve_row:  {'RLT': True, 'triangularization': True, 'McCormick_beta_z': False, 'beta_logits_comparaison': False, 'beta_logits_comparaison_big_M': False, 'sum_beta_logits_equal_logit': False}
Writing pre-solve row to results.csv with data_index: 23 target: 3
Pre-solve row written to results.csv with data_index: 23 target: 3
Pre-solve row written to results.csv with 133394 constraints and 744319 variables.
INFO     01:03:56     [objective_classic.py:97] Adding Objective to the task
CALLBACK : Number of constraints : 133394
[conic bundle] factor=0.01 x 130188 contraintes dualisables candidates => 1302 reellement dualisees (les 128886 autres relachees mais jamais penalisees)
  [cb_native dynamic calibration] h(0)=3.212872 pool_initial=39/1302
[cb_native dynamic] h(0)=3.212872 > positivity_threshold=1e-06 -- arret immediat (stop_when_positive).
[conic bundle] data_index=23 target=3 optimal_value=3.212871631083511 n_iter=0 (39.28s)
Initializing TargetedSDP...
Creating list of ytargets...
K :  10
self.n :  [784 100 100 100 100 100 100 100 100 100  10]
Getting to compute bounds...
STUDY : use active neurons:  True use inactive neurons:  False
STUDY : Nb Stable neurons :  490
Number of cuts to test: 1
Cuts to test: [['RLT', 'triangularization']]
Initializing MosekClassicHandler

 
 folder name dans handler:  /lustre/fswork/projects/rech/llc/uvq13au/FastSDPCertification/results/benchmark/9x100-0.026/2026_10_02_00h37_33s_battery-targeted-rlt-notcert
LAST_LAYER in resolve_layer_groups :  False
K :  10
CHORDAL_DECOMPOSITION  in resolve layer groups:  True
INPUT_IN_VARIABLES in resolve_layer_groups :  True
Taille de la matrice pour le groupe 0 [0, 1] : 818
Taille de la matrice pour le groupe 1 [1, 2] : 102
Taille de la matrice pour le groupe 2 [2, 3] : 111
Taille de la matrice pour le groupe 3 [3, 4] : 93
Taille de la matrice pour le groupe 4 [4, 5] : 91
Taille de la matrice pour le groupe 5 [5, 6] : 81
Taille de la matrice pour le groupe 6 [6, 7] : 85
Taille de la matrice pour le groupe 7 [7, 8] : 87
Taille de la matrice pour le groupe 8 [8, 9] : 89
Neurones stables actives:  set()
Neurones stables inactives:  {(7, 17), (1, 95), (7, 26), (7, 35), (5, 65), (8, 9), (5, 74), (8, 18), (9, 72), (6, 48), (5, 92), (6, 57), (9, 90), (6, 66), (6, 75), (6, 84), (3, 6), (2, 50), (3, 15), (4, 87), (3, 42), (4, 96), (7, 3), (1, 90), (7, 21), (1, 99), (5, 60), (9, 58), (5, 69), (6, 34), (9, 67), (6, 43), (9, 76), (5, 87), (9, 85), (5, 96), (6, 61), (3, 1), (2, 45), (2, 54), (3, 19), (3, 28), (3, 37), (1, 76), (1, 85), (5, 46), (9, 44), (6, 38), (8, 84), (2, 13), (8, 93), (2, 31), (3, 5), (3, 14), (4, 68), (1, 53), (4, 86), (1, 71), (7, 2), (1, 80), (7, 11), (5, 41), (1, 89), (9, 39), (6, 24), (5, 68), (9, 66), (5, 77), (6, 42), (7, 96), (8, 70), (8, 79), (8, 88), (2, 17), (8, 97), (3, 0), (3, 9), (4, 81), (1, 57), (4, 90), (4, 99), (5, 27), (1, 75), (9, 25), (5, 36), (9, 34), (5, 54), (6, 19), (9, 52), (5, 63), (6, 37), (8, 65), (8, 74), (8, 83), (2, 21), (4, 49), (4, 58), (1, 34), (4, 76), (1, 61), (9, 11), (5, 22), (1, 70), (9, 20), (5, 31), (9, 29), (5, 40), (9, 38), (6, 14), (9, 47), (5, 58), (6, 23), (8, 51), (7, 95), (8, 78), (2, 7), (8, 87), (4, 44), (4, 53), (1, 38), (1, 47), (4, 80), (5, 8), (1, 56), (9, 6), (5, 17), (1, 65), (3, 84), (9, 15), (5, 26), (3, 93), (5, 35), (9, 33), (5, 44), (7, 63), (7, 72), (7, 90), (8, 55), (8, 82), (4, 30), (4, 39), (1, 24), (1, 42), (5, 3), (1, 51), (3, 70), (5, 21), (3, 88), (9, 19), (6, 4), (7, 67), (8, 32), (7, 85), (8, 50), (8, 59), (8, 68), (4, 43), (1, 19), (1, 28), (4, 61), (1, 46), (3, 65), (7, 62), (8, 27), (8, 36), (8, 54), (4, 11), (6, 93), (4, 20), (4, 38), (1, 14), (4, 47), (1, 32), (2, 86), (2, 95), (3, 60), (5, 2), (3, 69), (9, 0), (5, 11), (7, 39), (8, 13), (7, 57), (7, 66), (8, 31), (7, 75), (8, 40), (9, 94), (8, 49), (6, 79), (4, 6), (6, 97), (4, 24), (1, 0), (1, 9), (1, 18), (3, 55), (5, 6), (7, 34), (3, 82), (7, 43), (8, 17), (7, 61), (5, 91), (8, 44), (9, 98), (6, 74), (4, 1), (6, 83), (6, 92), (1, 4), (2, 67), (3, 32), (3, 41), (2, 85), (3, 50), (2, 94), (7, 29), (7, 56), (9, 75), (5, 86), (6, 60), (9, 93), (6, 69), (6, 78), (4, 5), (6, 96), (2, 44), (2, 53), (2, 62), (3, 27), (2, 71), (2, 80), (7, 6), (3, 54), (7, 15), (7, 24), (7, 33), (8, 7), (5, 72), (8, 16), (9, 70), (5, 81), (9, 79), (5, 90), (6, 55), (6, 64), (9, 97), (6, 73), (4, 0), (6, 82), (4, 9), (3, 13), (3, 22), (2, 75), (3, 40), (3, 49), (7, 19), (7, 37), (8, 2), (9, 56), (5, 67), (9, 65), (5, 76), (6, 41), (5, 85), (6, 50), (9, 83), (6, 68), (8, 96), (3, 8), (3, 17), (2, 61), (3, 35), (4, 98), (1, 74), (1, 83), (1, 92), (7, 23), (9, 60), (6, 36), (5, 80), (6, 45), (8, 91), (2, 20), (3, 3), (2, 47), (3, 12), (3, 30), (4, 84), (1, 60), (1, 78), (7, 9), (1, 87), (9, 37), (5, 48), (9, 46), (5, 57), (6, 22), (5, 66), (6, 31), (9, 64), (6, 40), (5, 84), (8, 95), (2, 24), (3, 7), (3, 16), (4, 70), (3, 25), (4, 79), (1, 55), (4, 88), (1, 64), (4, 97), (7, 4), (5, 34), (1, 82), (1, 91), (6, 8), (5, 52), (5, 61), (9, 59), (5, 70), (6, 35), (7, 89), (6, 44), (7, 98), (8, 72), (2, 10), (3, 11), (4, 65), (1, 41), (4, 74), (1, 50), (4, 83), (1, 59), (4, 92), (1, 68), (9, 18), (1, 77), (9, 27), (6, 3), (9, 36), (6, 12), (6, 21), (9, 54), (6, 30), (6, 39), (8, 58), (8, 67), (8, 76), (2, 5), (8, 85), (8, 94), (1, 36), (1, 45), (4, 78), (1, 54), (9, 4), (1, 63), (3, 91), (5, 33), (5, 42), (6, 7), (9, 40), (5, 51), (7, 79), (8, 53), (7, 97), (8, 62), (8, 71), (8, 89), (1, 22), (1, 31), (4, 64), (4, 73), (5, 1), (1, 49), (5, 10), (1, 58), (3, 86), (3, 95), (9, 26), (5, 37), (6, 2), (9, 35), (6, 11), (7, 65), (6, 20), (7, 74), (7, 83), (8, 48), (7, 92), (8, 75), (4, 23), (1, 8), (4, 41), (1, 17), (4, 50), (1, 26), (4, 59), (1, 44), (3, 72), (5, 14), (9, 12), (3, 90), (3, 99), (6, 6), (7, 60), (8, 25), (7, 78), (8, 43), (8, 52), (8, 61), (4, 18), (4, 45), (1, 30), (1, 39), (3, 58), (5, 0), (5, 9), (3, 76), (9, 7), (7, 46), (7, 55), (7, 64), (8, 29), (7, 73), (8, 56), (6, 86), (4, 13), (6, 95), (1, 7), (4, 40), (1, 16), (2, 70), (1, 25), (2, 79), (2, 88), (3, 53), (5, 4), (3, 71), (5, 13), (7, 32), (3, 80), (8, 6), (8, 33), (9, 87), (6, 72), (6, 99), (1, 2), (1, 11), (3, 39), (3, 48), (2, 92), (7, 18), (3, 66), (7, 27), (7, 36), (8, 10), (7, 54), (8, 19), (9, 82), (9, 91), (6, 76), (4, 3), (6, 85), (6, 94), (1, 6), (2, 69), (3, 34), (2, 78), (3, 43), (3, 52), (7, 22), (7, 40), (8, 5), (7, 49), (9, 68), (5, 79), (5, 88), (9, 86), (9, 95), (6, 80), (6, 89), (4, 16), (1, 1), (2, 64), (3, 56)}
Adjusting MOSEK solver parameters
MOSEK time limit set to 180s
Adding objective function for Lan
Initializing variables...
CALLBACK num variables : 744319
Adding ReLU constraints for layer 1
Adding ReLU constraints for layer 2
Adding ReLU constraints for layer 3
Adding ReLU constraints for layer 4
Adding ReLU constraints for layer 5
Adding ReLU constraints for layer 6
Adding ReLU constraints for layer 7
Adding ReLU constraints for layer 8
Adding ReLU constraints for layer 9
Adding quadratic bounds constraint
Adding quadratic bounds constraint for layer 0
Adding quadratic bounds constraint for layer 1
Adding quadratic bounds constraint for layer 2
Adding quadratic bounds constraint for layer 3
Adding quadratic bounds constraint for layer 4
Adding quadratic bounds constraint for layer 5
Adding quadratic bounds constraint for layer 6
Adding quadratic bounds constraint for layer 7
Adding quadratic bounds constraint for layer 8
Adding quadratic bounds constraint for layer 9
Adding RLT constraint (compact)
Indexes pruned for layer 1 : []
Indexes pruned for layer 2 : [0, 1, 2, 4, 6, 7, 8, 9, 11, 14, 16, 17, 18, 19, 22, 24, 25, 26, 28, 30, 31, 32, 34, 36, 38, 39, 41, 42, 44, 45, 46, 47, 49, 50, 51, 53, 54, 55, 56, 57, 58, 59, 60, 61, 63, 64, 65, 68, 70, 71, 74, 75, 76, 77, 78, 80, 82, 83, 85, 87, 89, 90, 91, 92, 95, 99]
Indexes pruned for layer 3 : [5, 7, 10, 13, 17, 20, 21, 24, 31, 44, 45, 47, 50, 53, 54, 61, 62, 64, 67, 69, 70, 71, 75, 78, 79, 80, 85, 86, 88, 92, 94, 95]
Indexes pruned for layer 4 : [0, 1, 3, 5, 6, 7, 8, 9, 11, 12, 13, 14, 15, 16, 17, 19, 22, 25, 27, 28, 30, 32, 34, 35, 37, 39, 40, 41, 42, 43, 48, 49, 50, 52, 53, 54, 55, 56, 58, 60, 65, 66, 69, 70, 71, 72, 76, 80, 82, 84, 86, 88, 90, 91, 93, 95, 99]
Indexes pruned for layer 5 : [0, 1, 3, 5, 6, 9, 11, 13, 16, 18, 20, 23, 24, 30, 38, 39, 40, 41, 43, 44, 45, 47, 49, 50, 53, 58, 59, 61, 64, 65, 68, 70, 73, 74, 76, 78, 79, 80, 81, 83, 84, 86, 87, 88, 90, 92, 96, 97, 98, 99]
Indexes pruned for layer 6 : [0, 1, 2, 3, 4, 6, 8, 9, 10, 11, 13, 14, 17, 21, 22, 26, 27, 31, 33, 34, 35, 36, 37, 40, 41, 42, 44, 46, 48, 51, 52, 54, 57, 58, 60, 61, 63, 65, 66, 67, 68, 69, 70, 72, 74, 76, 77, 79, 80, 81, 84, 85, 86, 87, 88, 90, 91, 92, 96]
Indexes pruned for layer 7 : [2, 3, 4, 6, 7, 8, 11, 12, 14, 19, 20, 21, 22, 23, 24, 30, 31, 34, 35, 36, 37, 38, 39, 40, 41, 42, 43, 44, 45, 48, 50, 55, 57, 60, 61, 64, 66, 68, 69, 72, 73, 74, 75, 76, 78, 79, 80, 82, 83, 84, 85, 86, 89, 92, 93, 94, 95, 96, 97, 99]
Indexes pruned for layer 8 : [2, 3, 4, 6, 9, 11, 15, 17, 18, 19, 21, 22, 23, 24, 26, 27, 29, 32, 33, 34, 35, 36, 37, 39, 40, 43, 46, 49, 54, 55, 56, 57, 60, 61, 62, 63, 64, 65, 66, 67, 72, 73, 74, 75, 78, 79, 83, 85, 89, 90, 92, 95, 96, 97, 98]
Indexes pruned for layer 9 : [2, 5, 6, 7, 9, 10, 13, 16, 17, 18, 19, 25, 27, 29, 31, 32, 33, 36, 40, 43, 44, 48, 49, 50, 51, 52, 53, 54, 55, 56, 58, 59, 61, 62, 65, 67, 68, 70, 71, 72, 74, 75, 76, 78, 79, 82, 83, 84, 85, 87, 88, 89, 91, 93, 94, 95, 96, 97]
CALLBACK : RLT (compact) = 43396 (dont 0 en repli chemin lent)
Adding rec matrices constraint
Number of constraints for the matrix by layers: 363 for 10 layers, [784 100 100 100 100 100 100 100 100 100  10] neurons, boundary layers: [1, 2, 3, 4, 5, 6, 7, 8]
Adding first term equal zero constraint
CALLBACK : Ending constraints. Total number of constraints :  133394
Cuts in _write_presolve_row:  ['RLT', 'triangularization']
Number of constraints before optimization:  133394
Number of variables before optimization:  744319
All possible cuts:  ['RLT', 'triangularization', 'McCormick_beta_z', 'beta_logits_comparaison', 'beta_logits_comparaison_big_M', 'sum_beta_logits_equal_logit']
Cuts added to dic for _write_presolve_row:  {'RLT': True, 'triangularization': True, 'McCormick_beta_z': False, 'beta_logits_comparaison': False, 'beta_logits_comparaison_big_M': False, 'sum_beta_logits_equal_logit': False}
Writing pre-solve row to results.csv with data_index: 23 target: 4
Pre-solve row written to results.csv with data_index: 23 target: 4
Pre-solve row written to results.csv with 133394 constraints and 744319 variables.
INFO     01:04:37     [objective_classic.py:97] Adding Objective to the task
CALLBACK : Number of constraints : 133394
[conic bundle] factor=0.01 x 130188 contraintes dualisables candidates => 1302 reellement dualisees (les 128886 autres relachees mais jamais penalisees)
  [cb_native dynamic calibration] h(0)=10.081691 pool_initial=40/1302
[cb_native dynamic] h(0)=10.081691 > positivity_threshold=1e-06 -- arret immediat (stop_when_positive).
[conic bundle] data_index=23 target=4 optimal_value=10.081690786927075 n_iter=0 (68.37s)
Initializing TargetedSDP...
Creating list of ytargets...
K :  10
self.n :  [784 100 100 100 100 100 100 100 100 100  10]
Getting to compute bounds...
STUDY : use active neurons:  True use inactive neurons:  False
STUDY : Nb Stable neurons :  490
Number of cuts to test: 1
Cuts to test: [['RLT', 'triangularization']]
Initializing MosekClassicHandler

 
 folder name dans handler:  /lustre/fswork/projects/rech/llc/uvq13au/FastSDPCertification/results/benchmark/9x100-0.026/2026_10_02_00h37_33s_battery-targeted-rlt-notcert
LAST_LAYER in resolve_layer_groups :  False
K :  10
CHORDAL_DECOMPOSITION  in resolve layer groups:  True
INPUT_IN_VARIABLES in resolve_layer_groups :  True
Taille de la matrice pour le groupe 0 [0, 1] : 818
Taille de la matrice pour le groupe 1 [1, 2] : 102
Taille de la matrice pour le groupe 2 [2, 3] : 111
Taille de la matrice pour le groupe 3 [3, 4] : 93
Taille de la matrice pour le groupe 4 [4, 5] : 91
Taille de la matrice pour le groupe 5 [5, 6] : 81
Taille de la matrice pour le groupe 6 [6, 7] : 85
Taille de la matrice pour le groupe 7 [7, 8] : 87
Taille de la matrice pour le groupe 8 [8, 9] : 89
Neurones stables actives:  set()
Neurones stables inactives:  {(7, 17), (1, 95), (7, 26), (7, 35), (5, 65), (8, 9), (5, 74), (8, 18), (9, 72), (6, 48), (5, 92), (6, 57), (9, 90), (6, 66), (6, 75), (6, 84), (3, 6), (2, 50), (3, 15), (4, 87), (3, 42), (4, 96), (7, 3), (1, 90), (7, 21), (1, 99), (5, 60), (9, 58), (5, 69), (6, 34), (9, 67), (6, 43), (9, 76), (5, 87), (9, 85), (5, 96), (6, 61), (3, 1), (2, 45), (2, 54), (3, 19), (3, 28), (3, 37), (1, 76), (1, 85), (5, 46), (9, 44), (6, 38), (8, 84), (2, 13), (8, 93), (2, 31), (3, 5), (3, 14), (4, 68), (1, 53), (4, 86), (1, 71), (7, 2), (1, 80), (7, 11), (5, 41), (1, 89), (9, 39), (6, 24), (5, 68), (9, 66), (5, 77), (6, 42), (7, 96), (8, 70), (8, 79), (8, 88), (2, 17), (8, 97), (3, 0), (3, 9), (4, 81), (1, 57), (4, 90), (4, 99), (5, 27), (1, 75), (9, 25), (5, 36), (9, 34), (5, 54), (6, 19), (9, 52), (5, 63), (6, 37), (8, 65), (8, 74), (8, 83), (2, 21), (4, 49), (4, 58), (1, 34), (4, 76), (1, 61), (9, 11), (5, 22), (1, 70), (9, 20), (5, 31), (9, 29), (5, 40), (9, 38), (6, 14), (9, 47), (5, 58), (6, 23), (8, 51), (7, 95), (8, 78), (2, 7), (8, 87), (4, 44), (4, 53), (1, 38), (1, 47), (4, 80), (5, 8), (1, 56), (9, 6), (5, 17), (1, 65), (3, 84), (9, 15), (5, 26), (3, 93), (5, 35), (9, 33), (5, 44), (7, 63), (7, 72), (7, 90), (8, 55), (8, 82), (4, 30), (4, 39), (1, 24), (1, 42), (5, 3), (1, 51), (3, 70), (5, 21), (3, 88), (9, 19), (6, 4), (7, 67), (8, 32), (7, 85), (8, 50), (8, 59), (8, 68), (4, 43), (1, 19), (1, 28), (4, 61), (1, 46), (3, 65), (7, 62), (8, 27), (8, 36), (8, 54), (4, 11), (6, 93), (4, 20), (4, 38), (1, 14), (4, 47), (1, 32), (2, 86), (2, 95), (3, 60), (5, 2), (3, 69), (9, 0), (5, 11), (7, 39), (8, 13), (7, 57), (7, 66), (8, 31), (7, 75), (8, 40), (9, 94), (8, 49), (6, 79), (4, 6), (6, 97), (4, 24), (1, 0), (1, 9), (1, 18), (3, 55), (5, 6), (7, 34), (3, 82), (7, 43), (8, 17), (7, 61), (5, 91), (8, 44), (9, 98), (6, 74), (4, 1), (6, 83), (6, 92), (1, 4), (2, 67), (3, 32), (3, 41), (2, 85), (3, 50), (2, 94), (7, 29), (7, 56), (9, 75), (5, 86), (6, 60), (9, 93), (6, 69), (6, 78), (4, 5), (6, 96), (2, 44), (2, 53), (2, 62), (3, 27), (2, 71), (2, 80), (7, 6), (3, 54), (7, 15), (7, 24), (7, 33), (8, 7), (5, 72), (8, 16), (9, 70), (5, 81), (9, 79), (5, 90), (6, 55), (6, 64), (9, 97), (6, 73), (4, 0), (6, 82), (4, 9), (3, 13), (3, 22), (2, 75), (3, 40), (3, 49), (7, 19), (7, 37), (8, 2), (9, 56), (5, 67), (9, 65), (5, 76), (6, 41), (5, 85), (6, 50), (9, 83), (6, 68), (8, 96), (3, 8), (3, 17), (2, 61), (3, 35), (4, 98), (1, 74), (1, 83), (1, 92), (7, 23), (9, 60), (6, 36), (5, 80), (6, 45), (8, 91), (2, 20), (3, 3), (2, 47), (3, 12), (3, 30), (4, 84), (1, 60), (1, 78), (7, 9), (1, 87), (9, 37), (5, 48), (9, 46), (5, 57), (6, 22), (5, 66), (6, 31), (9, 64), (6, 40), (5, 84), (8, 95), (2, 24), (3, 7), (3, 16), (4, 70), (3, 25), (4, 79), (1, 55), (4, 88), (1, 64), (4, 97), (7, 4), (5, 34), (1, 82), (1, 91), (6, 8), (5, 52), (5, 61), (9, 59), (5, 70), (6, 35), (7, 89), (6, 44), (7, 98), (8, 72), (2, 10), (3, 11), (4, 65), (1, 41), (4, 74), (1, 50), (4, 83), (1, 59), (4, 92), (1, 68), (9, 18), (1, 77), (9, 27), (6, 3), (9, 36), (6, 12), (6, 21), (9, 54), (6, 30), (6, 39), (8, 58), (8, 67), (8, 76), (2, 5), (8, 85), (8, 94), (1, 36), (1, 45), (4, 78), (1, 54), (9, 4), (1, 63), (3, 91), (5, 33), (5, 42), (6, 7), (9, 40), (5, 51), (7, 79), (8, 53), (7, 97), (8, 62), (8, 71), (8, 89), (1, 22), (1, 31), (4, 64), (4, 73), (5, 1), (1, 49), (5, 10), (1, 58), (3, 86), (3, 95), (9, 26), (5, 37), (6, 2), (9, 35), (6, 11), (7, 65), (6, 20), (7, 74), (7, 83), (8, 48), (7, 92), (8, 75), (4, 23), (1, 8), (4, 41), (1, 17), (4, 50), (1, 26), (4, 59), (1, 44), (3, 72), (5, 14), (9, 12), (3, 90), (3, 99), (6, 6), (7, 60), (8, 25), (7, 78), (8, 43), (8, 52), (8, 61), (4, 18), (4, 45), (1, 30), (1, 39), (3, 58), (5, 0), (5, 9), (3, 76), (9, 7), (7, 46), (7, 55), (7, 64), (8, 29), (7, 73), (8, 56), (6, 86), (4, 13), (6, 95), (1, 7), (4, 40), (1, 16), (2, 70), (1, 25), (2, 79), (2, 88), (3, 53), (5, 4), (3, 71), (5, 13), (7, 32), (3, 80), (8, 6), (8, 33), (9, 87), (6, 72), (6, 99), (1, 2), (1, 11), (3, 39), (3, 48), (2, 92), (7, 18), (3, 66), (7, 27), (7, 36), (8, 10), (7, 54), (8, 19), (9, 82), (9, 91), (6, 76), (4, 3), (6, 85), (6, 94), (1, 6), (2, 69), (3, 34), (2, 78), (3, 43), (3, 52), (7, 22), (7, 40), (8, 5), (7, 49), (9, 68), (5, 79), (5, 88), (9, 86), (9, 95), (6, 80), (6, 89), (4, 16), (1, 1), (2, 64), (3, 56)}
Adjusting MOSEK solver parameters
MOSEK time limit set to 180s
Adding objective function for Lan
Initializing variables...
CALLBACK num variables : 744319
Adding ReLU constraints for layer 1
Adding ReLU constraints for layer 2
Adding ReLU constraints for layer 3
Adding ReLU constraints for layer 4
Adding ReLU constraints for layer 5
Adding ReLU constraints for layer 6
Adding ReLU constraints for layer 7
Adding ReLU constraints for layer 8
Adding ReLU constraints for layer 9
Adding quadratic bounds constraint
Adding quadratic bounds constraint for layer 0
Adding quadratic bounds constraint for layer 1
Adding quadratic bounds constraint for layer 2
Adding quadratic bounds constraint for layer 3
Adding quadratic bounds constraint for layer 4
Adding quadratic bounds constraint for layer 5
Adding quadratic bounds constraint for layer 6
Adding quadratic bounds constraint for layer 7
Adding quadratic bounds constraint for layer 8
Adding quadratic bounds constraint for layer 9
Adding RLT constraint (compact)
Indexes pruned for layer 1 : []
Indexes pruned for layer 2 : [0, 1, 2, 4, 6, 7, 8, 9, 11, 14, 16, 17, 18, 19, 22, 24, 25, 26, 28, 30, 31, 32, 34, 36, 38, 39, 41, 42, 44, 45, 46, 47, 49, 50, 51, 53, 54, 55, 56, 57, 58, 59, 60, 61, 63, 64, 65, 68, 70, 71, 74, 75, 76, 77, 78, 80, 82, 83, 85, 87, 89, 90, 91, 92, 95, 99]
Indexes pruned for layer 3 : [5, 7, 10, 13, 17, 20, 21, 24, 31, 44, 45, 47, 50, 53, 54, 61, 62, 64, 67, 69, 70, 71, 75, 78, 79, 80, 85, 86, 88, 92, 94, 95]
Indexes pruned for layer 4 : [0, 1, 3, 5, 6, 7, 8, 9, 11, 12, 13, 14, 15, 16, 17, 19, 22, 25, 27, 28, 30, 32, 34, 35, 37, 39, 40, 41, 42, 43, 48, 49, 50, 52, 53, 54, 55, 56, 58, 60, 65, 66, 69, 70, 71, 72, 76, 80, 82, 84, 86, 88, 90, 91, 93, 95, 99]
Indexes pruned for layer 5 : [0, 1, 3, 5, 6, 9, 11, 13, 16, 18, 20, 23, 24, 30, 38, 39, 40, 41, 43, 44, 45, 47, 49, 50, 53, 58, 59, 61, 64, 65, 68, 70, 73, 74, 76, 78, 79, 80, 81, 83, 84, 86, 87, 88, 90, 92, 96, 97, 98, 99]
Indexes pruned for layer 6 : [0, 1, 2, 3, 4, 6, 8, 9, 10, 11, 13, 14, 17, 21, 22, 26, 27, 31, 33, 34, 35, 36, 37, 40, 41, 42, 44, 46, 48, 51, 52, 54, 57, 58, 60, 61, 63, 65, 66, 67, 68, 69, 70, 72, 74, 76, 77, 79, 80, 81, 84, 85, 86, 87, 88, 90, 91, 92, 96]
Indexes pruned for layer 7 : [2, 3, 4, 6, 7, 8, 11, 12, 14, 19, 20, 21, 22, 23, 24, 30, 31, 34, 35, 36, 37, 38, 39, 40, 41, 42, 43, 44, 45, 48, 50, 55, 57, 60, 61, 64, 66, 68, 69, 72, 73, 74, 75, 76, 78, 79, 80, 82, 83, 84, 85, 86, 89, 92, 93, 94, 95, 96, 97, 99]
Indexes pruned for layer 8 : [2, 3, 4, 6, 9, 11, 15, 17, 18, 19, 21, 22, 23, 24, 26, 27, 29, 32, 33, 34, 35, 36, 37, 39, 40, 43, 46, 49, 54, 55, 56, 57, 60, 61, 62, 63, 64, 65, 66, 67, 72, 73, 74, 75, 78, 79, 83, 85, 89, 90, 92, 95, 96, 97, 98]
Indexes pruned for layer 9 : [2, 5, 6, 7, 9, 10, 13, 16, 17, 18, 19, 25, 27, 29, 31, 32, 33, 36, 40, 43, 44, 48, 49, 50, 51, 52, 53, 54, 55, 56, 58, 59, 61, 62, 65, 67, 68, 70, 71, 72, 74, 75, 76, 78, 79, 82, 83, 84, 85, 87, 88, 89, 91, 93, 94, 95, 96, 97]
CALLBACK : RLT (compact) = 43396 (dont 0 en repli chemin lent)
Adding rec matrices constraint
Number of constraints for the matrix by layers: 363 for 10 layers, [784 100 100 100 100 100 100 100 100 100  10] neurons, boundary layers: [1, 2, 3, 4, 5, 6, 7, 8]
Adding first term equal zero constraint
CALLBACK : Ending constraints. Total number of constraints :  133394
Cuts in _write_presolve_row:  ['RLT', 'triangularization']
Number of constraints before optimization:  133394
Number of variables before optimization:  744319
All possible cuts:  ['RLT', 'triangularization', 'McCormick_beta_z', 'beta_logits_comparaison', 'beta_logits_comparaison_big_M', 'sum_beta_logits_equal_logit']
Cuts added to dic for _write_presolve_row:  {'RLT': True, 'triangularization': True, 'McCormick_beta_z': False, 'beta_logits_comparaison': False, 'beta_logits_comparaison_big_M': False, 'sum_beta_logits_equal_logit': False}
Writing pre-solve row to results.csv with data_index: 23 target: 5
Pre-solve row written to results.csv with data_index: 23 target: 5
Pre-solve row written to results.csv with 133394 constraints and 744319 variables.
INFO     01:05:47     [objective_classic.py:97] Adding Objective to the task
CALLBACK : Number of constraints : 133394
[conic bundle] factor=0.01 x 130188 contraintes dualisables candidates => 1302 reellement dualisees (les 128886 autres relachees mais jamais penalisees)
  [cb_native dynamic calibration] h(0)=8.693376 pool_initial=50/1302
[cb_native dynamic] h(0)=8.693376 > positivity_threshold=1e-06 -- arret immediat (stop_when_positive).
[conic bundle] data_index=23 target=5 optimal_value=8.693375864073191 n_iter=0 (50.10s)
Initializing TargetedSDP...
Creating list of ytargets...
K :  10
self.n :  [784 100 100 100 100 100 100 100 100 100  10]
Getting to compute bounds...
STUDY : use active neurons:  True use inactive neurons:  False
STUDY : Nb Stable neurons :  490
Number of cuts to test: 1
Cuts to test: [['RLT', 'triangularization']]
Initializing MosekClassicHandler

 
 folder name dans handler:  /lustre/fswork/projects/rech/llc/uvq13au/FastSDPCertification/results/benchmark/9x100-0.026/2026_10_02_00h37_33s_battery-targeted-rlt-notcert
LAST_LAYER in resolve_layer_groups :  False
K :  10
CHORDAL_DECOMPOSITION  in resolve layer groups:  True
INPUT_IN_VARIABLES in resolve_layer_groups :  True
Taille de la matrice pour le groupe 0 [0, 1] : 818
Taille de la matrice pour le groupe 1 [1, 2] : 102
Taille de la matrice pour le groupe 2 [2, 3] : 111
Taille de la matrice pour le groupe 3 [3, 4] : 93
Taille de la matrice pour le groupe 4 [4, 5] : 91
Taille de la matrice pour le groupe 5 [5, 6] : 81
Taille de la matrice pour le groupe 6 [6, 7] : 85
Taille de la matrice pour le groupe 7 [7, 8] : 87
Taille de la matrice pour le groupe 8 [8, 9] : 89
Neurones stables actives:  set()
Neurones stables inactives:  {(7, 17), (1, 95), (7, 26), (7, 35), (5, 65), (8, 9), (5, 74), (8, 18), (9, 72), (6, 48), (5, 92), (6, 57), (9, 90), (6, 66), (6, 75), (6, 84), (3, 6), (2, 50), (3, 15), (4, 87), (3, 42), (4, 96), (7, 3), (1, 90), (7, 21), (1, 99), (5, 60), (9, 58), (5, 69), (6, 34), (9, 67), (6, 43), (9, 76), (5, 87), (9, 85), (5, 96), (6, 61), (3, 1), (2, 45), (2, 54), (3, 19), (3, 28), (3, 37), (1, 76), (1, 85), (5, 46), (9, 44), (6, 38), (8, 84), (2, 13), (8, 93), (2, 31), (3, 5), (3, 14), (4, 68), (1, 53), (4, 86), (1, 71), (7, 2), (1, 80), (7, 11), (5, 41), (1, 89), (9, 39), (6, 24), (5, 68), (9, 66), (5, 77), (6, 42), (7, 96), (8, 70), (8, 79), (8, 88), (2, 17), (8, 97), (3, 0), (3, 9), (4, 81), (1, 57), (4, 90), (4, 99), (5, 27), (1, 75), (9, 25), (5, 36), (9, 34), (5, 54), (6, 19), (9, 52), (5, 63), (6, 37), (8, 65), (8, 74), (8, 83), (2, 21), (4, 49), (4, 58), (1, 34), (4, 76), (1, 61), (9, 11), (5, 22), (1, 70), (9, 20), (5, 31), (9, 29), (5, 40), (9, 38), (6, 14), (9, 47), (5, 58), (6, 23), (8, 51), (7, 95), (8, 78), (2, 7), (8, 87), (4, 44), (4, 53), (1, 38), (1, 47), (4, 80), (5, 8), (1, 56), (9, 6), (5, 17), (1, 65), (3, 84), (9, 15), (5, 26), (3, 93), (5, 35), (9, 33), (5, 44), (7, 63), (7, 72), (7, 90), (8, 55), (8, 82), (4, 30), (4, 39), (1, 24), (1, 42), (5, 3), (1, 51), (3, 70), (5, 21), (3, 88), (9, 19), (6, 4), (7, 67), (8, 32), (7, 85), (8, 50), (8, 59), (8, 68), (4, 43), (1, 19), (1, 28), (4, 61), (1, 46), (3, 65), (7, 62), (8, 27), (8, 36), (8, 54), (4, 11), (6, 93), (4, 20), (4, 38), (1, 14), (4, 47), (1, 32), (2, 86), (2, 95), (3, 60), (5, 2), (3, 69), (9, 0), (5, 11), (7, 39), (8, 13), (7, 57), (7, 66), (8, 31), (7, 75), (8, 40), (9, 94), (8, 49), (6, 79), (4, 6), (6, 97), (4, 24), (1, 0), (1, 9), (1, 18), (3, 55), (5, 6), (7, 34), (3, 82), (7, 43), (8, 17), (7, 61), (5, 91), (8, 44), (9, 98), (6, 74), (4, 1), (6, 83), (6, 92), (1, 4), (2, 67), (3, 32), (3, 41), (2, 85), (3, 50), (2, 94), (7, 29), (7, 56), (9, 75), (5, 86), (6, 60), (9, 93), (6, 69), (6, 78), (4, 5), (6, 96), (2, 44), (2, 53), (2, 62), (3, 27), (2, 71), (2, 80), (7, 6), (3, 54), (7, 15), (7, 24), (7, 33), (8, 7), (5, 72), (8, 16), (9, 70), (5, 81), (9, 79), (5, 90), (6, 55), (6, 64), (9, 97), (6, 73), (4, 0), (6, 82), (4, 9), (3, 13), (3, 22), (2, 75), (3, 40), (3, 49), (7, 19), (7, 37), (8, 2), (9, 56), (5, 67), (9, 65), (5, 76), (6, 41), (5, 85), (6, 50), (9, 83), (6, 68), (8, 96), (3, 8), (3, 17), (2, 61), (3, 35), (4, 98), (1, 74), (1, 83), (1, 92), (7, 23), (9, 60), (6, 36), (5, 80), (6, 45), (8, 91), (2, 20), (3, 3), (2, 47), (3, 12), (3, 30), (4, 84), (1, 60), (1, 78), (7, 9), (1, 87), (9, 37), (5, 48), (9, 46), (5, 57), (6, 22), (5, 66), (6, 31), (9, 64), (6, 40), (5, 84), (8, 95), (2, 24), (3, 7), (3, 16), (4, 70), (3, 25), (4, 79), (1, 55), (4, 88), (1, 64), (4, 97), (7, 4), (5, 34), (1, 82), (1, 91), (6, 8), (5, 52), (5, 61), (9, 59), (5, 70), (6, 35), (7, 89), (6, 44), (7, 98), (8, 72), (2, 10), (3, 11), (4, 65), (1, 41), (4, 74), (1, 50), (4, 83), (1, 59), (4, 92), (1, 68), (9, 18), (1, 77), (9, 27), (6, 3), (9, 36), (6, 12), (6, 21), (9, 54), (6, 30), (6, 39), (8, 58), (8, 67), (8, 76), (2, 5), (8, 85), (8, 94), (1, 36), (1, 45), (4, 78), (1, 54), (9, 4), (1, 63), (3, 91), (5, 33), (5, 42), (6, 7), (9, 40), (5, 51), (7, 79), (8, 53), (7, 97), (8, 62), (8, 71), (8, 89), (1, 22), (1, 31), (4, 64), (4, 73), (5, 1), (1, 49), (5, 10), (1, 58), (3, 86), (3, 95), (9, 26), (5, 37), (6, 2), (9, 35), (6, 11), (7, 65), (6, 20), (7, 74), (7, 83), (8, 48), (7, 92), (8, 75), (4, 23), (1, 8), (4, 41), (1, 17), (4, 50), (1, 26), (4, 59), (1, 44), (3, 72), (5, 14), (9, 12), (3, 90), (3, 99), (6, 6), (7, 60), (8, 25), (7, 78), (8, 43), (8, 52), (8, 61), (4, 18), (4, 45), (1, 30), (1, 39), (3, 58), (5, 0), (5, 9), (3, 76), (9, 7), (7, 46), (7, 55), (7, 64), (8, 29), (7, 73), (8, 56), (6, 86), (4, 13), (6, 95), (1, 7), (4, 40), (1, 16), (2, 70), (1, 25), (2, 79), (2, 88), (3, 53), (5, 4), (3, 71), (5, 13), (7, 32), (3, 80), (8, 6), (8, 33), (9, 87), (6, 72), (6, 99), (1, 2), (1, 11), (3, 39), (3, 48), (2, 92), (7, 18), (3, 66), (7, 27), (7, 36), (8, 10), (7, 54), (8, 19), (9, 82), (9, 91), (6, 76), (4, 3), (6, 85), (6, 94), (1, 6), (2, 69), (3, 34), (2, 78), (3, 43), (3, 52), (7, 22), (7, 40), (8, 5), (7, 49), (9, 68), (5, 79), (5, 88), (9, 86), (9, 95), (6, 80), (6, 89), (4, 16), (1, 1), (2, 64), (3, 56)}
Adjusting MOSEK solver parameters
MOSEK time limit set to 180s
Adding objective function for Lan
Initializing variables...
CALLBACK num variables : 744319
Adding ReLU constraints for layer 1
Adding ReLU constraints for layer 2
Adding ReLU constraints for layer 3
Adding ReLU constraints for layer 4
Adding ReLU constraints for layer 5
Adding ReLU constraints for layer 6
Adding ReLU constraints for layer 7
Adding ReLU constraints for layer 8
Adding ReLU constraints for layer 9
Adding quadratic bounds constraint
Adding quadratic bounds constraint for layer 0
Adding quadratic bounds constraint for layer 1
Adding quadratic bounds constraint for layer 2
Adding quadratic bounds constraint for layer 3
Adding quadratic bounds constraint for layer 4
Adding quadratic bounds constraint for layer 5
Adding quadratic bounds constraint for layer 6
Adding quadratic bounds constraint for layer 7
Adding quadratic bounds constraint for layer 8
Adding quadratic bounds constraint for layer 9
Adding RLT constraint (compact)
Indexes pruned for layer 1 : []
Indexes pruned for layer 2 : [0, 1, 2, 4, 6, 7, 8, 9, 11, 14, 16, 17, 18, 19, 22, 24, 25, 26, 28, 30, 31, 32, 34, 36, 38, 39, 41, 42, 44, 45, 46, 47, 49, 50, 51, 53, 54, 55, 56, 57, 58, 59, 60, 61, 63, 64, 65, 68, 70, 71, 74, 75, 76, 77, 78, 80, 82, 83, 85, 87, 89, 90, 91, 92, 95, 99]
Indexes pruned for layer 3 : [5, 7, 10, 13, 17, 20, 21, 24, 31, 44, 45, 47, 50, 53, 54, 61, 62, 64, 67, 69, 70, 71, 75, 78, 79, 80, 85, 86, 88, 92, 94, 95]
Indexes pruned for layer 4 : [0, 1, 3, 5, 6, 7, 8, 9, 11, 12, 13, 14, 15, 16, 17, 19, 22, 25, 27, 28, 30, 32, 34, 35, 37, 39, 40, 41, 42, 43, 48, 49, 50, 52, 53, 54, 55, 56, 58, 60, 65, 66, 69, 70, 71, 72, 76, 80, 82, 84, 86, 88, 90, 91, 93, 95, 99]
Indexes pruned for layer 5 : [0, 1, 3, 5, 6, 9, 11, 13, 16, 18, 20, 23, 24, 30, 38, 39, 40, 41, 43, 44, 45, 47, 49, 50, 53, 58, 59, 61, 64, 65, 68, 70, 73, 74, 76, 78, 79, 80, 81, 83, 84, 86, 87, 88, 90, 92, 96, 97, 98, 99]
Indexes pruned for layer 6 : [0, 1, 2, 3, 4, 6, 8, 9, 10, 11, 13, 14, 17, 21, 22, 26, 27, 31, 33, 34, 35, 36, 37, 40, 41, 42, 44, 46, 48, 51, 52, 54, 57, 58, 60, 61, 63, 65, 66, 67, 68, 69, 70, 72, 74, 76, 77, 79, 80, 81, 84, 85, 86, 87, 88, 90, 91, 92, 96]
Indexes pruned for layer 7 : [2, 3, 4, 6, 7, 8, 11, 12, 14, 19, 20, 21, 22, 23, 24, 30, 31, 34, 35, 36, 37, 38, 39, 40, 41, 42, 43, 44, 45, 48, 50, 55, 57, 60, 61, 64, 66, 68, 69, 72, 73, 74, 75, 76, 78, 79, 80, 82, 83, 84, 85, 86, 89, 92, 93, 94, 95, 96, 97, 99]
Indexes pruned for layer 8 : [2, 3, 4, 6, 9, 11, 15, 17, 18, 19, 21, 22, 23, 24, 26, 27, 29, 32, 33, 34, 35, 36, 37, 39, 40, 43, 46, 49, 54, 55, 56, 57, 60, 61, 62, 63, 64, 65, 66, 67, 72, 73, 74, 75, 78, 79, 83, 85, 89, 90, 92, 95, 96, 97, 98]
Indexes pruned for layer 9 : [2, 5, 6, 7, 9, 10, 13, 16, 17, 18, 19, 25, 27, 29, 31, 32, 33, 36, 40, 43, 44, 48, 49, 50, 51, 52, 53, 54, 55, 56, 58, 59, 61, 62, 65, 67, 68, 70, 71, 72, 74, 75, 76, 78, 79, 82, 83, 84, 85, 87, 88, 89, 91, 93, 94, 95, 96, 97]
CALLBACK : RLT (compact) = 43396 (dont 0 en repli chemin lent)
Adding rec matrices constraint
Number of constraints for the matrix by layers: 363 for 10 layers, [784 100 100 100 100 100 100 100 100 100  10] neurons, boundary layers: [1, 2, 3, 4, 5, 6, 7, 8]
Adding first term equal zero constraint
CALLBACK : Ending constraints. Total number of constraints :  133394
Cuts in _write_presolve_row:  ['RLT', 'triangularization']
Number of constraints before optimization:  133394
Number of variables before optimization:  744319
All possible cuts:  ['RLT', 'triangularization', 'McCormick_beta_z', 'beta_logits_comparaison', 'beta_logits_comparaison_big_M', 'sum_beta_logits_equal_logit']
Cuts added to dic for _write_presolve_row:  {'RLT': True, 'triangularization': True, 'McCormick_beta_z': False, 'beta_logits_comparaison': False, 'beta_logits_comparaison_big_M': False, 'sum_beta_logits_equal_logit': False}
Writing pre-solve row to results.csv with data_index: 23 target: 6
Pre-solve row written to results.csv with data_index: 23 target: 6
Pre-solve row written to results.csv with 133394 constraints and 744319 variables.
INFO     01:06:40     [objective_classic.py:97] Adding Objective to the task
CALLBACK : Number of constraints : 133394
[conic bundle] factor=0.01 x 130188 contraintes dualisables candidates => 1302 reellement dualisees (les 128886 autres relachees mais jamais penalisees)
  [cb_native dynamic calibration] h(0)=11.414355 pool_initial=50/1302
[cb_native dynamic] h(0)=11.414355 > positivity_threshold=1e-06 -- arret immediat (stop_when_positive).
[conic bundle] data_index=23 target=6 optimal_value=11.414354888549502 n_iter=0 (72.22s)
Initializing TargetedSDP...
Creating list of ytargets...
K :  10
self.n :  [784 100 100 100 100 100 100 100 100 100  10]
Getting to compute bounds...
STUDY : use active neurons:  True use inactive neurons:  False
STUDY : Nb Stable neurons :  490
Number of cuts to test: 1
Cuts to test: [['RLT', 'triangularization']]
Initializing MosekClassicHandler

 
 folder name dans handler:  /lustre/fswork/projects/rech/llc/uvq13au/FastSDPCertification/results/benchmark/9x100-0.026/2026_10_02_00h37_33s_battery-targeted-rlt-notcert
LAST_LAYER in resolve_layer_groups :  False
K :  10
CHORDAL_DECOMPOSITION  in resolve layer groups:  True
INPUT_IN_VARIABLES in resolve_layer_groups :  True
Taille de la matrice pour le groupe 0 [0, 1] : 818
Taille de la matrice pour le groupe 1 [1, 2] : 102
Taille de la matrice pour le groupe 2 [2, 3] : 111
Taille de la matrice pour le groupe 3 [3, 4] : 93
Taille de la matrice pour le groupe 4 [4, 5] : 91
Taille de la matrice pour le groupe 5 [5, 6] : 81
Taille de la matrice pour le groupe 6 [6, 7] : 85
Taille de la matrice pour le groupe 7 [7, 8] : 87
Taille de la matrice pour le groupe 8 [8, 9] : 89
Neurones stables actives:  set()
Neurones stables inactives:  {(7, 17), (1, 95), (7, 26), (7, 35), (5, 65), (8, 9), (5, 74), (8, 18), (9, 72), (6, 48), (5, 92), (6, 57), (9, 90), (6, 66), (6, 75), (6, 84), (3, 6), (2, 50), (3, 15), (4, 87), (3, 42), (4, 96), (7, 3), (1, 90), (7, 21), (1, 99), (5, 60), (9, 58), (5, 69), (6, 34), (9, 67), (6, 43), (9, 76), (5, 87), (9, 85), (5, 96), (6, 61), (3, 1), (2, 45), (2, 54), (3, 19), (3, 28), (3, 37), (1, 76), (1, 85), (5, 46), (9, 44), (6, 38), (8, 84), (2, 13), (8, 93), (2, 31), (3, 5), (3, 14), (4, 68), (1, 53), (4, 86), (1, 71), (7, 2), (1, 80), (7, 11), (5, 41), (1, 89), (9, 39), (6, 24), (5, 68), (9, 66), (5, 77), (6, 42), (7, 96), (8, 70), (8, 79), (8, 88), (2, 17), (8, 97), (3, 0), (3, 9), (4, 81), (1, 57), (4, 90), (4, 99), (5, 27), (1, 75), (9, 25), (5, 36), (9, 34), (5, 54), (6, 19), (9, 52), (5, 63), (6, 37), (8, 65), (8, 74), (8, 83), (2, 21), (4, 49), (4, 58), (1, 34), (4, 76), (1, 61), (9, 11), (5, 22), (1, 70), (9, 20), (5, 31), (9, 29), (5, 40), (9, 38), (6, 14), (9, 47), (5, 58), (6, 23), (8, 51), (7, 95), (8, 78), (2, 7), (8, 87), (4, 44), (4, 53), (1, 38), (1, 47), (4, 80), (5, 8), (1, 56), (9, 6), (5, 17), (1, 65), (3, 84), (9, 15), (5, 26), (3, 93), (5, 35), (9, 33), (5, 44), (7, 63), (7, 72), (7, 90), (8, 55), (8, 82), (4, 30), (4, 39), (1, 24), (1, 42), (5, 3), (1, 51), (3, 70), (5, 21), (3, 88), (9, 19), (6, 4), (7, 67), (8, 32), (7, 85), (8, 50), (8, 59), (8, 68), (4, 43), (1, 19), (1, 28), (4, 61), (1, 46), (3, 65), (7, 62), (8, 27), (8, 36), (8, 54), (4, 11), (6, 93), (4, 20), (4, 38), (1, 14), (4, 47), (1, 32), (2, 86), (2, 95), (3, 60), (5, 2), (3, 69), (9, 0), (5, 11), (7, 39), (8, 13), (7, 57), (7, 66), (8, 31), (7, 75), (8, 40), (9, 94), (8, 49), (6, 79), (4, 6), (6, 97), (4, 24), (1, 0), (1, 9), (1, 18), (3, 55), (5, 6), (7, 34), (3, 82), (7, 43), (8, 17), (7, 61), (5, 91), (8, 44), (9, 98), (6, 74), (4, 1), (6, 83), (6, 92), (1, 4), (2, 67), (3, 32), (3, 41), (2, 85), (3, 50), (2, 94), (7, 29), (7, 56), (9, 75), (5, 86), (6, 60), (9, 93), (6, 69), (6, 78), (4, 5), (6, 96), (2, 44), (2, 53), (2, 62), (3, 27), (2, 71), (2, 80), (7, 6), (3, 54), (7, 15), (7, 24), (7, 33), (8, 7), (5, 72), (8, 16), (9, 70), (5, 81), (9, 79), (5, 90), (6, 55), (6, 64), (9, 97), (6, 73), (4, 0), (6, 82), (4, 9), (3, 13), (3, 22), (2, 75), (3, 40), (3, 49), (7, 19), (7, 37), (8, 2), (9, 56), (5, 67), (9, 65), (5, 76), (6, 41), (5, 85), (6, 50), (9, 83), (6, 68), (8, 96), (3, 8), (3, 17), (2, 61), (3, 35), (4, 98), (1, 74), (1, 83), (1, 92), (7, 23), (9, 60), (6, 36), (5, 80), (6, 45), (8, 91), (2, 20), (3, 3), (2, 47), (3, 12), (3, 30), (4, 84), (1, 60), (1, 78), (7, 9), (1, 87), (9, 37), (5, 48), (9, 46), (5, 57), (6, 22), (5, 66), (6, 31), (9, 64), (6, 40), (5, 84), (8, 95), (2, 24), (3, 7), (3, 16), (4, 70), (3, 25), (4, 79), (1, 55), (4, 88), (1, 64), (4, 97), (7, 4), (5, 34), (1, 82), (1, 91), (6, 8), (5, 52), (5, 61), (9, 59), (5, 70), (6, 35), (7, 89), (6, 44), (7, 98), (8, 72), (2, 10), (3, 11), (4, 65), (1, 41), (4, 74), (1, 50), (4, 83), (1, 59), (4, 92), (1, 68), (9, 18), (1, 77), (9, 27), (6, 3), (9, 36), (6, 12), (6, 21), (9, 54), (6, 30), (6, 39), (8, 58), (8, 67), (8, 76), (2, 5), (8, 85), (8, 94), (1, 36), (1, 45), (4, 78), (1, 54), (9, 4), (1, 63), (3, 91), (5, 33), (5, 42), (6, 7), (9, 40), (5, 51), (7, 79), (8, 53), (7, 97), (8, 62), (8, 71), (8, 89), (1, 22), (1, 31), (4, 64), (4, 73), (5, 1), (1, 49), (5, 10), (1, 58), (3, 86), (3, 95), (9, 26), (5, 37), (6, 2), (9, 35), (6, 11), (7, 65), (6, 20), (7, 74), (7, 83), (8, 48), (7, 92), (8, 75), (4, 23), (1, 8), (4, 41), (1, 17), (4, 50), (1, 26), (4, 59), (1, 44), (3, 72), (5, 14), (9, 12), (3, 90), (3, 99), (6, 6), (7, 60), (8, 25), (7, 78), (8, 43), (8, 52), (8, 61), (4, 18), (4, 45), (1, 30), (1, 39), (3, 58), (5, 0), (5, 9), (3, 76), (9, 7), (7, 46), (7, 55), (7, 64), (8, 29), (7, 73), (8, 56), (6, 86), (4, 13), (6, 95), (1, 7), (4, 40), (1, 16), (2, 70), (1, 25), (2, 79), (2, 88), (3, 53), (5, 4), (3, 71), (5, 13), (7, 32), (3, 80), (8, 6), (8, 33), (9, 87), (6, 72), (6, 99), (1, 2), (1, 11), (3, 39), (3, 48), (2, 92), (7, 18), (3, 66), (7, 27), (7, 36), (8, 10), (7, 54), (8, 19), (9, 82), (9, 91), (6, 76), (4, 3), (6, 85), (6, 94), (1, 6), (2, 69), (3, 34), (2, 78), (3, 43), (3, 52), (7, 22), (7, 40), (8, 5), (7, 49), (9, 68), (5, 79), (5, 88), (9, 86), (9, 95), (6, 80), (6, 89), (4, 16), (1, 1), (2, 64), (3, 56)}
Adjusting MOSEK solver parameters
MOSEK time limit set to 180s
Adding objective function for Lan
Initializing variables...
CALLBACK num variables : 744319
Adding ReLU constraints for layer 1
Adding ReLU constraints for layer 2
Adding ReLU constraints for layer 3
Adding ReLU constraints for layer 4
Adding ReLU constraints for layer 5
Adding ReLU constraints for layer 6
Adding ReLU constraints for layer 7
Adding ReLU constraints for layer 8
Adding ReLU constraints for layer 9
Adding quadratic bounds constraint
Adding quadratic bounds constraint for layer 0
Adding quadratic bounds constraint for layer 1
Adding quadratic bounds constraint for layer 2
Adding quadratic bounds constraint for layer 3
Adding quadratic bounds constraint for layer 4
Adding quadratic bounds constraint for layer 5
Adding quadratic bounds constraint for layer 6
Adding quadratic bounds constraint for layer 7
Adding quadratic bounds constraint for layer 8
Adding quadratic bounds constraint for layer 9
Adding RLT constraint (compact)
Indexes pruned for layer 1 : []
Indexes pruned for layer 2 : [0, 1, 2, 4, 6, 7, 8, 9, 11, 14, 16, 17, 18, 19, 22, 24, 25, 26, 28, 30, 31, 32, 34, 36, 38, 39, 41, 42, 44, 45, 46, 47, 49, 50, 51, 53, 54, 55, 56, 57, 58, 59, 60, 61, 63, 64, 65, 68, 70, 71, 74, 75, 76, 77, 78, 80, 82, 83, 85, 87, 89, 90, 91, 92, 95, 99]
Indexes pruned for layer 3 : [5, 7, 10, 13, 17, 20, 21, 24, 31, 44, 45, 47, 50, 53, 54, 61, 62, 64, 67, 69, 70, 71, 75, 78, 79, 80, 85, 86, 88, 92, 94, 95]
Indexes pruned for layer 4 : [0, 1, 3, 5, 6, 7, 8, 9, 11, 12, 13, 14, 15, 16, 17, 19, 22, 25, 27, 28, 30, 32, 34, 35, 37, 39, 40, 41, 42, 43, 48, 49, 50, 52, 53, 54, 55, 56, 58, 60, 65, 66, 69, 70, 71, 72, 76, 80, 82, 84, 86, 88, 90, 91, 93, 95, 99]
Indexes pruned for layer 5 : [0, 1, 3, 5, 6, 9, 11, 13, 16, 18, 20, 23, 24, 30, 38, 39, 40, 41, 43, 44, 45, 47, 49, 50, 53, 58, 59, 61, 64, 65, 68, 70, 73, 74, 76, 78, 79, 80, 81, 83, 84, 86, 87, 88, 90, 92, 96, 97, 98, 99]
Indexes pruned for layer 6 : [0, 1, 2, 3, 4, 6, 8, 9, 10, 11, 13, 14, 17, 21, 22, 26, 27, 31, 33, 34, 35, 36, 37, 40, 41, 42, 44, 46, 48, 51, 52, 54, 57, 58, 60, 61, 63, 65, 66, 67, 68, 69, 70, 72, 74, 76, 77, 79, 80, 81, 84, 85, 86, 87, 88, 90, 91, 92, 96]
Indexes pruned for layer 7 : [2, 3, 4, 6, 7, 8, 11, 12, 14, 19, 20, 21, 22, 23, 24, 30, 31, 34, 35, 36, 37, 38, 39, 40, 41, 42, 43, 44, 45, 48, 50, 55, 57, 60, 61, 64, 66, 68, 69, 72, 73, 74, 75, 76, 78, 79, 80, 82, 83, 84, 85, 86, 89, 92, 93, 94, 95, 96, 97, 99]
Indexes pruned for layer 8 : [2, 3, 4, 6, 9, 11, 15, 17, 18, 19, 21, 22, 23, 24, 26, 27, 29, 32, 33, 34, 35, 36, 37, 39, 40, 43, 46, 49, 54, 55, 56, 57, 60, 61, 62, 63, 64, 65, 66, 67, 72, 73, 74, 75, 78, 79, 83, 85, 89, 90, 92, 95, 96, 97, 98]
Indexes pruned for layer 9 : [2, 5, 6, 7, 9, 10, 13, 16, 17, 18, 19, 25, 27, 29, 31, 32, 33, 36, 40, 43, 44, 48, 49, 50, 51, 52, 53, 54, 55, 56, 58, 59, 61, 62, 65, 67, 68, 70, 71, 72, 74, 75, 76, 78, 79, 82, 83, 84, 85, 87, 88, 89, 91, 93, 94, 95, 96, 97]
CALLBACK : RLT (compact) = 43396 (dont 0 en repli chemin lent)
Adding rec matrices constraint
Number of constraints for the matrix by layers: 363 for 10 layers, [784 100 100 100 100 100 100 100 100 100  10] neurons, boundary layers: [1, 2, 3, 4, 5, 6, 7, 8]
Adding first term equal zero constraint
CALLBACK : Ending constraints. Total number of constraints :  133394
Cuts in _write_presolve_row:  ['RLT', 'triangularization']
Number of constraints before optimization:  133394
Number of variables before optimization:  744319
All possible cuts:  ['RLT', 'triangularization', 'McCormick_beta_z', 'beta_logits_comparaison', 'beta_logits_comparaison_big_M', 'sum_beta_logits_equal_logit']
Cuts added to dic for _write_presolve_row:  {'RLT': True, 'triangularization': True, 'McCormick_beta_z': False, 'beta_logits_comparaison': False, 'beta_logits_comparaison_big_M': False, 'sum_beta_logits_equal_logit': False}
Writing pre-solve row to results.csv with data_index: 23 target: 7
Pre-solve row written to results.csv with data_index: 23 target: 7
Pre-solve row written to results.csv with 133394 constraints and 744319 variables.
INFO     01:07:53     [objective_classic.py:97] Adding Objective to the task
CALLBACK : Number of constraints : 133394
[conic bundle] factor=0.01 x 130188 contraintes dualisables candidates => 1302 reellement dualisees (les 128886 autres relachees mais jamais penalisees)
  [cb_native dynamic calibration] h(0)=-0.074051 pool_initial=50/1302
  [cb_native dynamic oracle #5] h=-0.083389 best=-0.074051 pool=50/1302
*** WARNING: Bundle::inner_loop(): new objective value 0.074042303697 is smaller than minorizing model value =0.0740499540258 
***          maybe the objective value was not computed to sufficient precision
***          or the sugbradient information provided by a previous oracle call was wrong.
**** WARNING: FunctionProblem::add_variable(): subgradient extension failed
[cb_native dynamic] round 1: +26 -0 (pool=76/1302)
  [cb_native dynamic oracle #10] h=-0.074042 best=-0.074042 pool=76/1302
*** WARNING: Bundle::inner_loop(): new objective value 0.0740364380385 is smaller than minorizing model value =0.0740401237556 
***          maybe the objective value was not computed to sufficient precision
***          or the sugbradient information provided by a previous oracle call was wrong.
**** WARNING: FunctionProblem::add_variable(): subgradient extension failed
*** WARNING: Bundle::inner_loop(): new subgradient yields greater objective value =0.07404 in center (oldval=0.07404),
***          maybe the old evaluation in the center was not computed to sufficient precision
***          or the sugbradient information provided by the last oracle call was wrong.
***          Trying a function reevaluation in the center with higher precision...
[cb_native dynamic] round 2: +3 -41 (pool=38/1302)
  [cb_native dynamic oracle #15] h=-0.074036 best=-0.074036 pool=38/1302
***          reevaluation in center yields no better value (0.07404)
**** WARNING: FunctionProblem::add_variable(): subgradient extension failed
*** WARNING: Bundle::inner_loop(): new subgradient yields greater objective value =0.07406 in center (oldval=0.07404),
***          maybe the old evaluation in the center was not computed to sufficient precision
***          or the sugbradient information provided by the last oracle call was wrong.
***          Trying a function reevaluation in the center with higher precision...
***          reevaluation in center yields no better value (0.07404)
[cb_native dynamic] round 3: +5 -3 (pool=40/1302)
[cb_native dynamic] cycle detecte : le pool resultant de ce round (+3 -5) a deja ete visite -- arret pour eviter une oscillation infinie, n_iter=4, pool avant maj=40/1302.
[cb_native dynamic] n_iter=4 n_oracle_calls=19 n_pool_updates=3 pool_final=40/1302 termination_code=1 h_center=-0.074036 best_h=-0.074036 stop_reason=None
[conic bundle] data_index=23 target=7 optimal_value=-0.07403643803849136 n_iter=4 (580.49s)
Initializing TargetedSDP...
Creating list of ytargets...
K :  10
self.n :  [784 100 100 100 100 100 100 100 100 100  10]
Getting to compute bounds...
STUDY : use active neurons:  True use inactive neurons:  False
STUDY : Nb Stable neurons :  490
Number of cuts to test: 1
Cuts to test: [['RLT', 'triangularization']]
Initializing MosekClassicHandler

 
 folder name dans handler:  /lustre/fswork/projects/rech/llc/uvq13au/FastSDPCertification/results/benchmark/9x100-0.026/2026_10_02_00h37_33s_battery-targeted-rlt-notcert
LAST_LAYER in resolve_layer_groups :  False
K :  10
CHORDAL_DECOMPOSITION  in resolve layer groups:  True
INPUT_IN_VARIABLES in resolve_layer_groups :  True
Taille de la matrice pour le groupe 0 [0, 1] : 818
Taille de la matrice pour le groupe 1 [1, 2] : 102
Taille de la matrice pour le groupe 2 [2, 3] : 111
Taille de la matrice pour le groupe 3 [3, 4] : 93
Taille de la matrice pour le groupe 4 [4, 5] : 91
Taille de la matrice pour le groupe 5 [5, 6] : 81
Taille de la matrice pour le groupe 6 [6, 7] : 85
Taille de la matrice pour le groupe 7 [7, 8] : 87
Taille de la matrice pour le groupe 8 [8, 9] : 89
Neurones stables actives:  set()
Neurones stables inactives:  {(7, 17), (1, 95), (7, 26), (7, 35), (5, 65), (8, 9), (5, 74), (8, 18), (9, 72), (6, 48), (5, 92), (6, 57), (9, 90), (6, 66), (6, 75), (6, 84), (3, 6), (2, 50), (3, 15), (4, 87), (3, 42), (4, 96), (7, 3), (1, 90), (7, 21), (1, 99), (5, 60), (9, 58), (5, 69), (6, 34), (9, 67), (6, 43), (9, 76), (5, 87), (9, 85), (5, 96), (6, 61), (3, 1), (2, 45), (2, 54), (3, 19), (3, 28), (3, 37), (1, 76), (1, 85), (5, 46), (9, 44), (6, 38), (8, 84), (2, 13), (8, 93), (2, 31), (3, 5), (3, 14), (4, 68), (1, 53), (4, 86), (1, 71), (7, 2), (1, 80), (7, 11), (5, 41), (1, 89), (9, 39), (6, 24), (5, 68), (9, 66), (5, 77), (6, 42), (7, 96), (8, 70), (8, 79), (8, 88), (2, 17), (8, 97), (3, 0), (3, 9), (4, 81), (1, 57), (4, 90), (4, 99), (5, 27), (1, 75), (9, 25), (5, 36), (9, 34), (5, 54), (6, 19), (9, 52), (5, 63), (6, 37), (8, 65), (8, 74), (8, 83), (2, 21), (4, 49), (4, 58), (1, 34), (4, 76), (1, 61), (9, 11), (5, 22), (1, 70), (9, 20), (5, 31), (9, 29), (5, 40), (9, 38), (6, 14), (9, 47), (5, 58), (6, 23), (8, 51), (7, 95), (8, 78), (2, 7), (8, 87), (4, 44), (4, 53), (1, 38), (1, 47), (4, 80), (5, 8), (1, 56), (9, 6), (5, 17), (1, 65), (3, 84), (9, 15), (5, 26), (3, 93), (5, 35), (9, 33), (5, 44), (7, 63), (7, 72), (7, 90), (8, 55), (8, 82), (4, 30), (4, 39), (1, 24), (1, 42), (5, 3), (1, 51), (3, 70), (5, 21), (3, 88), (9, 19), (6, 4), (7, 67), (8, 32), (7, 85), (8, 50), (8, 59), (8, 68), (4, 43), (1, 19), (1, 28), (4, 61), (1, 46), (3, 65), (7, 62), (8, 27), (8, 36), (8, 54), (4, 11), (6, 93), (4, 20), (4, 38), (1, 14), (4, 47), (1, 32), (2, 86), (2, 95), (3, 60), (5, 2), (3, 69), (9, 0), (5, 11), (7, 39), (8, 13), (7, 57), (7, 66), (8, 31), (7, 75), (8, 40), (9, 94), (8, 49), (6, 79), (4, 6), (6, 97), (4, 24), (1, 0), (1, 9), (1, 18), (3, 55), (5, 6), (7, 34), (3, 82), (7, 43), (8, 17), (7, 61), (5, 91), (8, 44), (9, 98), (6, 74), (4, 1), (6, 83), (6, 92), (1, 4), (2, 67), (3, 32), (3, 41), (2, 85), (3, 50), (2, 94), (7, 29), (7, 56), (9, 75), (5, 86), (6, 60), (9, 93), (6, 69), (6, 78), (4, 5), (6, 96), (2, 44), (2, 53), (2, 62), (3, 27), (2, 71), (2, 80), (7, 6), (3, 54), (7, 15), (7, 24), (7, 33), (8, 7), (5, 72), (8, 16), (9, 70), (5, 81), (9, 79), (5, 90), (6, 55), (6, 64), (9, 97), (6, 73), (4, 0), (6, 82), (4, 9), (3, 13), (3, 22), (2, 75), (3, 40), (3, 49), (7, 19), (7, 37), (8, 2), (9, 56), (5, 67), (9, 65), (5, 76), (6, 41), (5, 85), (6, 50), (9, 83), (6, 68), (8, 96), (3, 8), (3, 17), (2, 61), (3, 35), (4, 98), (1, 74), (1, 83), (1, 92), (7, 23), (9, 60), (6, 36), (5, 80), (6, 45), (8, 91), (2, 20), (3, 3), (2, 47), (3, 12), (3, 30), (4, 84), (1, 60), (1, 78), (7, 9), (1, 87), (9, 37), (5, 48), (9, 46), (5, 57), (6, 22), (5, 66), (6, 31), (9, 64), (6, 40), (5, 84), (8, 95), (2, 24), (3, 7), (3, 16), (4, 70), (3, 25), (4, 79), (1, 55), (4, 88), (1, 64), (4, 97), (7, 4), (5, 34), (1, 82), (1, 91), (6, 8), (5, 52), (5, 61), (9, 59), (5, 70), (6, 35), (7, 89), (6, 44), (7, 98), (8, 72), (2, 10), (3, 11), (4, 65), (1, 41), (4, 74), (1, 50), (4, 83), (1, 59), (4, 92), (1, 68), (9, 18), (1, 77), (9, 27), (6, 3), (9, 36), (6, 12), (6, 21), (9, 54), (6, 30), (6, 39), (8, 58), (8, 67), (8, 76), (2, 5), (8, 85), (8, 94), (1, 36), (1, 45), (4, 78), (1, 54), (9, 4), (1, 63), (3, 91), (5, 33), (5, 42), (6, 7), (9, 40), (5, 51), (7, 79), (8, 53), (7, 97), (8, 62), (8, 71), (8, 89), (1, 22), (1, 31), (4, 64), (4, 73), (5, 1), (1, 49), (5, 10), (1, 58), (3, 86), (3, 95), (9, 26), (5, 37), (6, 2), (9, 35), (6, 11), (7, 65), (6, 20), (7, 74), (7, 83), (8, 48), (7, 92), (8, 75), (4, 23), (1, 8), (4, 41), (1, 17), (4, 50), (1, 26), (4, 59), (1, 44), (3, 72), (5, 14), (9, 12), (3, 90), (3, 99), (6, 6), (7, 60), (8, 25), (7, 78), (8, 43), (8, 52), (8, 61), (4, 18), (4, 45), (1, 30), (1, 39), (3, 58), (5, 0), (5, 9), (3, 76), (9, 7), (7, 46), (7, 55), (7, 64), (8, 29), (7, 73), (8, 56), (6, 86), (4, 13), (6, 95), (1, 7), (4, 40), (1, 16), (2, 70), (1, 25), (2, 79), (2, 88), (3, 53), (5, 4), (3, 71), (5, 13), (7, 32), (3, 80), (8, 6), (8, 33), (9, 87), (6, 72), (6, 99), (1, 2), (1, 11), (3, 39), (3, 48), (2, 92), (7, 18), (3, 66), (7, 27), (7, 36), (8, 10), (7, 54), (8, 19), (9, 82), (9, 91), (6, 76), (4, 3), (6, 85), (6, 94), (1, 6), (2, 69), (3, 34), (2, 78), (3, 43), (3, 52), (7, 22), (7, 40), (8, 5), (7, 49), (9, 68), (5, 79), (5, 88), (9, 86), (9, 95), (6, 80), (6, 89), (4, 16), (1, 1), (2, 64), (3, 56)}
Adjusting MOSEK solver parameters
MOSEK time limit set to 180s
Adding objective function for Lan
Initializing variables...
CALLBACK num variables : 744319
Adding ReLU constraints for layer 1
Adding ReLU constraints for layer 2
Adding ReLU constraints for layer 3
Adding ReLU constraints for layer 4
Adding ReLU constraints for layer 5
Adding ReLU constraints for layer 6
Adding ReLU constraints for layer 7
Adding ReLU constraints for layer 8
Adding ReLU constraints for layer 9
Adding quadratic bounds constraint
Adding quadratic bounds constraint for layer 0
Adding quadratic bounds constraint for layer 1
Adding quadratic bounds constraint for layer 2
Adding quadratic bounds constraint for layer 3
Adding quadratic bounds constraint for layer 4
Adding quadratic bounds constraint for layer 5
Adding quadratic bounds constraint for layer 6
Adding quadratic bounds constraint for layer 7
Adding quadratic bounds constraint for layer 8
Adding quadratic bounds constraint for layer 9
Adding RLT constraint (compact)
Indexes pruned for layer 1 : []
Indexes pruned for layer 2 : [0, 1, 2, 4, 6, 7, 8, 9, 11, 14, 16, 17, 18, 19, 22, 24, 25, 26, 28, 30, 31, 32, 34, 36, 38, 39, 41, 42, 44, 45, 46, 47, 49, 50, 51, 53, 54, 55, 56, 57, 58, 59, 60, 61, 63, 64, 65, 68, 70, 71, 74, 75, 76, 77, 78, 80, 82, 83, 85, 87, 89, 90, 91, 92, 95, 99]
Indexes pruned for layer 3 : [5, 7, 10, 13, 17, 20, 21, 24, 31, 44, 45, 47, 50, 53, 54, 61, 62, 64, 67, 69, 70, 71, 75, 78, 79, 80, 85, 86, 88, 92, 94, 95]
Indexes pruned for layer 4 : [0, 1, 3, 5, 6, 7, 8, 9, 11, 12, 13, 14, 15, 16, 17, 19, 22, 25, 27, 28, 30, 32, 34, 35, 37, 39, 40, 41, 42, 43, 48, 49, 50, 52, 53, 54, 55, 56, 58, 60, 65, 66, 69, 70, 71, 72, 76, 80, 82, 84, 86, 88, 90, 91, 93, 95, 99]
Indexes pruned for layer 5 : [0, 1, 3, 5, 6, 9, 11, 13, 16, 18, 20, 23, 24, 30, 38, 39, 40, 41, 43, 44, 45, 47, 49, 50, 53, 58, 59, 61, 64, 65, 68, 70, 73, 74, 76, 78, 79, 80, 81, 83, 84, 86, 87, 88, 90, 92, 96, 97, 98, 99]
Indexes pruned for layer 6 : [0, 1, 2, 3, 4, 6, 8, 9, 10, 11, 13, 14, 17, 21, 22, 26, 27, 31, 33, 34, 35, 36, 37, 40, 41, 42, 44, 46, 48, 51, 52, 54, 57, 58, 60, 61, 63, 65, 66, 67, 68, 69, 70, 72, 74, 76, 77, 79, 80, 81, 84, 85, 86, 87, 88, 90, 91, 92, 96]
Indexes pruned for layer 7 : [2, 3, 4, 6, 7, 8, 11, 12, 14, 19, 20, 21, 22, 23, 24, 30, 31, 34, 35, 36, 37, 38, 39, 40, 41, 42, 43, 44, 45, 48, 50, 55, 57, 60, 61, 64, 66, 68, 69, 72, 73, 74, 75, 76, 78, 79, 80, 82, 83, 84, 85, 86, 89, 92, 93, 94, 95, 96, 97, 99]
Indexes pruned for layer 8 : [2, 3, 4, 6, 9, 11, 15, 17, 18, 19, 21, 22, 23, 24, 26, 27, 29, 32, 33, 34, 35, 36, 37, 39, 40, 43, 46, 49, 54, 55, 56, 57, 60, 61, 62, 63, 64, 65, 66, 67, 72, 73, 74, 75, 78, 79, 83, 85, 89, 90, 92, 95, 96, 97, 98]
Indexes pruned for layer 9 : [2, 5, 6, 7, 9, 10, 13, 16, 17, 18, 19, 25, 27, 29, 31, 32, 33, 36, 40, 43, 44, 48, 49, 50, 51, 52, 53, 54, 55, 56, 58, 59, 61, 62, 65, 67, 68, 70, 71, 72, 74, 75, 76, 78, 79, 82, 83, 84, 85, 87, 88, 89, 91, 93, 94, 95, 96, 97]
CALLBACK : RLT (compact) = 43396 (dont 0 en repli chemin lent)
Adding rec matrices constraint
Number of constraints for the matrix by layers: 363 for 10 layers, [784 100 100 100 100 100 100 100 100 100  10] neurons, boundary layers: [1, 2, 3, 4, 5, 6, 7, 8]
Adding first term equal zero constraint
CALLBACK : Ending constraints. Total number of constraints :  133394
Cuts in _write_presolve_row:  ['RLT', 'triangularization']
Number of constraints before optimization:  133394
Number of variables before optimization:  744319
All possible cuts:  ['RLT', 'triangularization', 'McCormick_beta_z', 'beta_logits_comparaison', 'beta_logits_comparaison_big_M', 'sum_beta_logits_equal_logit']
Cuts added to dic for _write_presolve_row:  {'RLT': True, 'triangularization': True, 'McCormick_beta_z': False, 'beta_logits_comparaison': False, 'beta_logits_comparaison_big_M': False, 'sum_beta_logits_equal_logit': False}
Writing pre-solve row to results.csv with data_index: 23 target: 8
Pre-solve row written to results.csv with data_index: 23 target: 8
Pre-solve row written to results.csv with 133394 constraints and 744319 variables.
INFO     01:17:36     [objective_classic.py:97] Adding Objective to the task
CALLBACK : Number of constraints : 133394
[conic bundle] factor=0.01 x 130188 contraintes dualisables candidates => 1302 reellement dualisees (les 128886 autres relachees mais jamais penalisees)
  [cb_native dynamic calibration] h(0)=3.260412 pool_initial=9/1302
[cb_native dynamic] h(0)=3.260412 > positivity_threshold=1e-06 -- arret immediat (stop_when_positive).
[conic bundle] data_index=23 target=8 optimal_value=3.260412385964887 n_iter=0 (53.26s)
Initializing TargetedSDP...
Creating list of ytargets...
K :  10
self.n :  [784 100 100 100 100 100 100 100 100 100  10]
Getting to compute bounds...
STUDY : use active neurons:  True use inactive neurons:  False
STUDY : Nb Stable neurons :  490
Number of cuts to test: 1
Cuts to test: [['RLT', 'triangularization']]
Initializing MosekClassicHandler

 
 folder name dans handler:  /lustre/fswork/projects/rech/llc/uvq13au/FastSDPCertification/results/benchmark/9x100-0.026/2026_10_02_00h37_33s_battery-targeted-rlt-notcert
LAST_LAYER in resolve_layer_groups :  False
K :  10
CHORDAL_DECOMPOSITION  in resolve layer groups:  True
INPUT_IN_VARIABLES in resolve_layer_groups :  True
Taille de la matrice pour le groupe 0 [0, 1] : 818
Taille de la matrice pour le groupe 1 [1, 2] : 102
Taille de la matrice pour le groupe 2 [2, 3] : 111
Taille de la matrice pour le groupe 3 [3, 4] : 93
Taille de la matrice pour le groupe 4 [4, 5] : 91
Taille de la matrice pour le groupe 5 [5, 6] : 81
Taille de la matrice pour le groupe 6 [6, 7] : 85
Taille de la matrice pour le groupe 7 [7, 8] : 87
Taille de la matrice pour le groupe 8 [8, 9] : 89
Neurones stables actives:  set()
Neurones stables inactives:  {(7, 17), (1, 95), (7, 26), (7, 35), (5, 65), (8, 9), (5, 74), (8, 18), (9, 72), (6, 48), (5, 92), (6, 57), (9, 90), (6, 66), (6, 75), (6, 84), (3, 6), (2, 50), (3, 15), (4, 87), (3, 42), (4, 96), (7, 3), (1, 90), (7, 21), (1, 99), (5, 60), (9, 58), (5, 69), (6, 34), (9, 67), (6, 43), (9, 76), (5, 87), (9, 85), (5, 96), (6, 61), (3, 1), (2, 45), (2, 54), (3, 19), (3, 28), (3, 37), (1, 76), (1, 85), (5, 46), (9, 44), (6, 38), (8, 84), (2, 13), (8, 93), (2, 31), (3, 5), (3, 14), (4, 68), (1, 53), (4, 86), (1, 71), (7, 2), (1, 80), (7, 11), (5, 41), (1, 89), (9, 39), (6, 24), (5, 68), (9, 66), (5, 77), (6, 42), (7, 96), (8, 70), (8, 79), (8, 88), (2, 17), (8, 97), (3, 0), (3, 9), (4, 81), (1, 57), (4, 90), (4, 99), (5, 27), (1, 75), (9, 25), (5, 36), (9, 34), (5, 54), (6, 19), (9, 52), (5, 63), (6, 37), (8, 65), (8, 74), (8, 83), (2, 21), (4, 49), (4, 58), (1, 34), (4, 76), (1, 61), (9, 11), (5, 22), (1, 70), (9, 20), (5, 31), (9, 29), (5, 40), (9, 38), (6, 14), (9, 47), (5, 58), (6, 23), (8, 51), (7, 95), (8, 78), (2, 7), (8, 87), (4, 44), (4, 53), (1, 38), (1, 47), (4, 80), (5, 8), (1, 56), (9, 6), (5, 17), (1, 65), (3, 84), (9, 15), (5, 26), (3, 93), (5, 35), (9, 33), (5, 44), (7, 63), (7, 72), (7, 90), (8, 55), (8, 82), (4, 30), (4, 39), (1, 24), (1, 42), (5, 3), (1, 51), (3, 70), (5, 21), (3, 88), (9, 19), (6, 4), (7, 67), (8, 32), (7, 85), (8, 50), (8, 59), (8, 68), (4, 43), (1, 19), (1, 28), (4, 61), (1, 46), (3, 65), (7, 62), (8, 27), (8, 36), (8, 54), (4, 11), (6, 93), (4, 20), (4, 38), (1, 14), (4, 47), (1, 32), (2, 86), (2, 95), (3, 60), (5, 2), (3, 69), (9, 0), (5, 11), (7, 39), (8, 13), (7, 57), (7, 66), (8, 31), (7, 75), (8, 40), (9, 94), (8, 49), (6, 79), (4, 6), (6, 97), (4, 24), (1, 0), (1, 9), (1, 18), (3, 55), (5, 6), (7, 34), (3, 82), (7, 43), (8, 17), (7, 61), (5, 91), (8, 44), (9, 98), (6, 74), (4, 1), (6, 83), (6, 92), (1, 4), (2, 67), (3, 32), (3, 41), (2, 85), (3, 50), (2, 94), (7, 29), (7, 56), (9, 75), (5, 86), (6, 60), (9, 93), (6, 69), (6, 78), (4, 5), (6, 96), (2, 44), (2, 53), (2, 62), (3, 27), (2, 71), (2, 80), (7, 6), (3, 54), (7, 15), (7, 24), (7, 33), (8, 7), (5, 72), (8, 16), (9, 70), (5, 81), (9, 79), (5, 90), (6, 55), (6, 64), (9, 97), (6, 73), (4, 0), (6, 82), (4, 9), (3, 13), (3, 22), (2, 75), (3, 40), (3, 49), (7, 19), (7, 37), (8, 2), (9, 56), (5, 67), (9, 65), (5, 76), (6, 41), (5, 85), (6, 50), (9, 83), (6, 68), (8, 96), (3, 8), (3, 17), (2, 61), (3, 35), (4, 98), (1, 74), (1, 83), (1, 92), (7, 23), (9, 60), (6, 36), (5, 80), (6, 45), (8, 91), (2, 20), (3, 3), (2, 47), (3, 12), (3, 30), (4, 84), (1, 60), (1, 78), (7, 9), (1, 87), (9, 37), (5, 48), (9, 46), (5, 57), (6, 22), (5, 66), (6, 31), (9, 64), (6, 40), (5, 84), (8, 95), (2, 24), (3, 7), (3, 16), (4, 70), (3, 25), (4, 79), (1, 55), (4, 88), (1, 64), (4, 97), (7, 4), (5, 34), (1, 82), (1, 91), (6, 8), (5, 52), (5, 61), (9, 59), (5, 70), (6, 35), (7, 89), (6, 44), (7, 98), (8, 72), (2, 10), (3, 11), (4, 65), (1, 41), (4, 74), (1, 50), (4, 83), (1, 59), (4, 92), (1, 68), (9, 18), (1, 77), (9, 27), (6, 3), (9, 36), (6, 12), (6, 21), (9, 54), (6, 30), (6, 39), (8, 58), (8, 67), (8, 76), (2, 5), (8, 85), (8, 94), (1, 36), (1, 45), (4, 78), (1, 54), (9, 4), (1, 63), (3, 91), (5, 33), (5, 42), (6, 7), (9, 40), (5, 51), (7, 79), (8, 53), (7, 97), (8, 62), (8, 71), (8, 89), (1, 22), (1, 31), (4, 64), (4, 73), (5, 1), (1, 49), (5, 10), (1, 58), (3, 86), (3, 95), (9, 26), (5, 37), (6, 2), (9, 35), (6, 11), (7, 65), (6, 20), (7, 74), (7, 83), (8, 48), (7, 92), (8, 75), (4, 23), (1, 8), (4, 41), (1, 17), (4, 50), (1, 26), (4, 59), (1, 44), (3, 72), (5, 14), (9, 12), (3, 90), (3, 99), (6, 6), (7, 60), (8, 25), (7, 78), (8, 43), (8, 52), (8, 61), (4, 18), (4, 45), (1, 30), (1, 39), (3, 58), (5, 0), (5, 9), (3, 76), (9, 7), (7, 46), (7, 55), (7, 64), (8, 29), (7, 73), (8, 56), (6, 86), (4, 13), (6, 95), (1, 7), (4, 40), (1, 16), (2, 70), (1, 25), (2, 79), (2, 88), (3, 53), (5, 4), (3, 71), (5, 13), (7, 32), (3, 80), (8, 6), (8, 33), (9, 87), (6, 72), (6, 99), (1, 2), (1, 11), (3, 39), (3, 48), (2, 92), (7, 18), (3, 66), (7, 27), (7, 36), (8, 10), (7, 54), (8, 19), (9, 82), (9, 91), (6, 76), (4, 3), (6, 85), (6, 94), (1, 6), (2, 69), (3, 34), (2, 78), (3, 43), (3, 52), (7, 22), (7, 40), (8, 5), (7, 49), (9, 68), (5, 79), (5, 88), (9, 86), (9, 95), (6, 80), (6, 89), (4, 16), (1, 1), (2, 64), (3, 56)}
Adjusting MOSEK solver parameters
MOSEK time limit set to 180s
Adding objective function for Lan
Initializing variables...
CALLBACK num variables : 744319
Adding ReLU constraints for layer 1
Adding ReLU constraints for layer 2
Adding ReLU constraints for layer 3
Adding ReLU constraints for layer 4
Adding ReLU constraints for layer 5
Adding ReLU constraints for layer 6
Adding ReLU constraints for layer 7
Adding ReLU constraints for layer 8
Adding ReLU constraints for layer 9
Adding quadratic bounds constraint
Adding quadratic bounds constraint for layer 0
Adding quadratic bounds constraint for layer 1
Adding quadratic bounds constraint for layer 2
Adding quadratic bounds constraint for layer 3
Adding quadratic bounds constraint for layer 4
Adding quadratic bounds constraint for layer 5
Adding quadratic bounds constraint for layer 6
Adding quadratic bounds constraint for layer 7
Adding quadratic bounds constraint for layer 8
Adding quadratic bounds constraint for layer 9
Adding RLT constraint (compact)
Indexes pruned for layer 1 : []
Indexes pruned for layer 2 : [0, 1, 2, 4, 6, 7, 8, 9, 11, 14, 16, 17, 18, 19, 22, 24, 25, 26, 28, 30, 31, 32, 34, 36, 38, 39, 41, 42, 44, 45, 46, 47, 49, 50, 51, 53, 54, 55, 56, 57, 58, 59, 60, 61, 63, 64, 65, 68, 70, 71, 74, 75, 76, 77, 78, 80, 82, 83, 85, 87, 89, 90, 91, 92, 95, 99]
Indexes pruned for layer 3 : [5, 7, 10, 13, 17, 20, 21, 24, 31, 44, 45, 47, 50, 53, 54, 61, 62, 64, 67, 69, 70, 71, 75, 78, 79, 80, 85, 86, 88, 92, 94, 95]
Indexes pruned for layer 4 : [0, 1, 3, 5, 6, 7, 8, 9, 11, 12, 13, 14, 15, 16, 17, 19, 22, 25, 27, 28, 30, 32, 34, 35, 37, 39, 40, 41, 42, 43, 48, 49, 50, 52, 53, 54, 55, 56, 58, 60, 65, 66, 69, 70, 71, 72, 76, 80, 82, 84, 86, 88, 90, 91, 93, 95, 99]
Indexes pruned for layer 5 : [0, 1, 3, 5, 6, 9, 11, 13, 16, 18, 20, 23, 24, 30, 38, 39, 40, 41, 43, 44, 45, 47, 49, 50, 53, 58, 59, 61, 64, 65, 68, 70, 73, 74, 76, 78, 79, 80, 81, 83, 84, 86, 87, 88, 90, 92, 96, 97, 98, 99]
Indexes pruned for layer 6 : [0, 1, 2, 3, 4, 6, 8, 9, 10, 11, 13, 14, 17, 21, 22, 26, 27, 31, 33, 34, 35, 36, 37, 40, 41, 42, 44, 46, 48, 51, 52, 54, 57, 58, 60, 61, 63, 65, 66, 67, 68, 69, 70, 72, 74, 76, 77, 79, 80, 81, 84, 85, 86, 87, 88, 90, 91, 92, 96]
Indexes pruned for layer 7 : [2, 3, 4, 6, 7, 8, 11, 12, 14, 19, 20, 21, 22, 23, 24, 30, 31, 34, 35, 36, 37, 38, 39, 40, 41, 42, 43, 44, 45, 48, 50, 55, 57, 60, 61, 64, 66, 68, 69, 72, 73, 74, 75, 76, 78, 79, 80, 82, 83, 84, 85, 86, 89, 92, 93, 94, 95, 96, 97, 99]
Indexes pruned for layer 8 : [2, 3, 4, 6, 9, 11, 15, 17, 18, 19, 21, 22, 23, 24, 26, 27, 29, 32, 33, 34, 35, 36, 37, 39, 40, 43, 46, 49, 54, 55, 56, 57, 60, 61, 62, 63, 64, 65, 66, 67, 72, 73, 74, 75, 78, 79, 83, 85, 89, 90, 92, 95, 96, 97, 98]
Indexes pruned for layer 9 : [2, 5, 6, 7, 9, 10, 13, 16, 17, 18, 19, 25, 27, 29, 31, 32, 33, 36, 40, 43, 44, 48, 49, 50, 51, 52, 53, 54, 55, 56, 58, 59, 61, 62, 65, 67, 68, 70, 71, 72, 74, 75, 76, 78, 79, 82, 83, 84, 85, 87, 88, 89, 91, 93, 94, 95, 96, 97]
CALLBACK : RLT (compact) = 43396 (dont 0 en repli chemin lent)
Adding rec matrices constraint
Number of constraints for the matrix by layers: 363 for 10 layers, [784 100 100 100 100 100 100 100 100 100  10] neurons, boundary layers: [1, 2, 3, 4, 5, 6, 7, 8]
Adding first term equal zero constraint
CALLBACK : Ending constraints. Total number of constraints :  133394
Cuts in _write_presolve_row:  ['RLT', 'triangularization']
Number of constraints before optimization:  133394
Number of variables before optimization:  744319
All possible cuts:  ['RLT', 'triangularization', 'McCormick_beta_z', 'beta_logits_comparaison', 'beta_logits_comparaison_big_M', 'sum_beta_logits_equal_logit']
Cuts added to dic for _write_presolve_row:  {'RLT': True, 'triangularization': True, 'McCormick_beta_z': False, 'beta_logits_comparaison': False, 'beta_logits_comparaison_big_M': False, 'sum_beta_logits_equal_logit': False}
Writing pre-solve row to results.csv with data_index: 23 target: 9
Pre-solve row written to results.csv with data_index: 23 target: 9
Pre-solve row written to results.csv with 133394 constraints and 744319 variables.
INFO     01:18:31     [objective_classic.py:97] Adding Objective to the task
CALLBACK : Number of constraints : 133394
[conic bundle] factor=0.01 x 130188 contraintes dualisables candidates => 1302 reellement dualisees (les 128886 autres relachees mais jamais penalisees)
  [cb_native dynamic calibration] h(0)=4.501088 pool_initial=50/1302
[cb_native dynamic] h(0)=4.501088 > positivity_threshold=1e-06 -- arret immediat (stop_when_positive).
[conic bundle] data_index=23 target=9 optimal_value=4.50108840897622 n_iter=0 (56.85s)
Initializing TargetedSDP...
Creating list of ytargets...
K :  10
self.n :  [784 100 100 100 100 100 100 100 100 100  10]
Getting to compute bounds...
STUDY : use active neurons:  True use inactive neurons:  False
STUDY : Nb Stable neurons :  433
Number of cuts to test: 1
Cuts to test: [['RLT', 'triangularization']]
Initializing MosekClassicHandler

 
 folder name dans handler:  /lustre/fswork/projects/rech/llc/uvq13au/FastSDPCertification/results/benchmark/9x100-0.026/2026_10_02_00h37_33s_battery-targeted-rlt-notcert
LAST_LAYER in resolve_layer_groups :  False
K :  10
CHORDAL_DECOMPOSITION  in resolve layer groups:  True
INPUT_IN_VARIABLES in resolve_layer_groups :  True
Taille de la matrice pour le groupe 0 [0, 1] : 826
Taille de la matrice pour le groupe 1 [1, 2] : 110
Taille de la matrice pour le groupe 2 [2, 3] : 121
Taille de la matrice pour le groupe 3 [3, 4] : 101
Taille de la matrice pour le groupe 4 [4, 5] : 85
Taille de la matrice pour le groupe 5 [5, 6] : 84
Taille de la matrice pour le groupe 6 [6, 7] : 99
Taille de la matrice pour le groupe 7 [7, 8] : 108
Taille de la matrice pour le groupe 8 [8, 9] : 120
Neurones stables actives:  set()
Neurones stables inactives:  {(7, 17), (1, 95), (7, 26), (7, 35), (5, 65), (8, 9), (5, 74), (9, 72), (5, 83), (5, 92), (6, 57), (9, 90), (6, 66), (6, 75), (6, 84), (3, 6), (2, 50), (3, 15), (4, 87), (3, 42), (7, 3), (1, 81), (1, 90), (7, 21), (1, 99), (5, 60), (5, 69), (6, 34), (9, 67), (5, 87), (5, 96), (6, 61), (6, 70), (2, 54), (3, 28), (4, 82), (3, 37), (1, 76), (1, 85), (5, 46), (9, 44), (5, 55), (6, 38), (5, 82), (8, 84), (8, 93), (3, 5), (3, 14), (4, 68), (1, 53), (4, 86), (1, 62), (1, 71), (7, 2), (1, 80), (7, 11), (9, 30), (5, 41), (1, 89), (9, 39), (5, 68), (9, 66), (5, 77), (6, 42), (7, 96), (8, 70), (8, 79), (8, 88), (2, 17), (3, 0), (3, 9), (4, 81), (1, 57), (4, 99), (5, 27), (1, 75), (9, 25), (5, 36), (5, 54), (6, 19), (9, 52), (5, 63), (6, 28), (8, 65), (8, 74), (8, 83), (4, 49), (4, 58), (1, 34), (1, 43), (1, 61), (9, 11), (5, 22), (1, 70), (5, 31), (5, 40), (6, 5), (9, 47), (5, 58), (8, 51), (8, 78), (2, 7), (4, 44), (1, 47), (4, 80), (5, 8), (5, 17), (1, 65), (3, 84), (9, 15), (5, 26), (3, 93), (5, 35), (6, 0), (9, 33), (5, 44), (7, 63), (7, 72), (7, 90), (8, 55), (2, 2), (8, 82), (4, 30), (4, 39), (1, 15), (1, 24), (1, 42), (5, 3), (1, 51), (3, 70), (5, 21), (3, 88), (9, 19), (5, 39), (6, 4), (6, 13), (7, 67), (8, 32), (7, 76), (8, 68), (4, 34), (4, 43), (1, 19), (4, 61), (1, 37), (3, 74), (3, 92), (7, 53), (7, 62), (8, 27), (8, 36), (8, 54), (4, 11), (6, 93), (4, 20), (4, 38), (1, 14), (4, 47), (1, 32), (2, 86), (2, 95), (3, 60), (5, 2), (3, 69), (5, 11), (7, 39), (8, 13), (7, 66), (8, 31), (7, 75), (9, 94), (8, 49), (4, 15), (6, 97), (4, 24), (1, 0), (1, 9), (1, 18), (3, 46), (3, 55), (5, 6), (7, 25), (3, 73), (7, 43), (8, 17), (9, 98), (6, 74), (4, 1), (6, 83), (6, 92), (4, 19), (1, 4), (3, 32), (2, 85), (3, 50), (2, 94), (7, 20), (9, 75), (5, 86), (6, 60), (9, 93), (6, 69), (6, 78), (4, 5), (2, 44), (2, 62), (3, 27), (2, 80), (3, 45), (7, 6), (7, 15), (3, 63), (7, 24), (8, 7), (5, 72), (8, 16), (9, 70), (5, 81), (9, 79), (5, 90), (6, 55), (6, 73), (4, 0), (6, 82), (4, 9), (3, 22), (2, 75), (3, 40), (3, 49), (7, 28), (7, 37), (9, 56), (9, 65), (5, 76), (6, 41), (5, 85), (6, 50), (9, 83), (6, 59), (6, 68), (8, 96), (3, 17), (4, 89), (3, 44), (4, 98), (1, 83), (7, 14), (1, 92), (7, 23), (5, 62), (6, 27), (6, 36), (6, 63), (2, 38), (2, 47), (3, 12), (1, 69), (1, 78), (7, 9), (1, 87), (9, 37), (5, 48), (5, 57), (5, 66), (6, 31), (5, 84), (8, 86), (8, 95), (2, 24), (2, 42), (3, 7), (3, 16), (4, 70), (3, 25), (4, 79), (4, 88), (1, 64), (4, 97), (7, 4), (1, 82), (5, 43), (1, 91), (6, 8), (5, 52), (5, 61), (9, 59), (5, 70), (6, 35), (2, 10), (2, 37), (3, 11), (4, 74), (1, 50), (4, 83), (1, 59), (4, 92), (1, 68), (1, 77), (9, 27), (6, 3), (6, 12), (6, 21), (9, 54), (6, 30), (6, 39), (8, 58), (8, 67), (8, 76), (2, 5), (8, 94), (4, 51), (1, 27), (1, 36), (4, 78), (9, 4), (5, 15), (1, 63), (9, 22), (5, 33), (5, 42), (6, 7), (9, 40), (5, 51), (7, 79), (7, 88), (7, 97), (8, 62), (2, 0), (8, 80), (2, 18), (1, 22), (4, 55), (1, 31), (4, 64), (4, 73), (5, 1), (5, 10), (1, 58), (3, 95), (9, 26), (9, 35), (6, 11), (7, 65), (6, 20), (7, 74), (8, 48), (7, 92), (8, 75), (4, 23), (4, 50), (1, 44), (2, 98), (3, 72), (3, 90), (5, 32), (6, 6), (8, 25), (7, 78), (8, 43), (4, 45), (1, 21), (2, 84), (1, 39), (3, 58), (5, 0), (5, 9), (3, 76), (9, 7), (7, 46), (7, 55), (7, 64), (7, 73), (7, 82), (8, 56), (6, 86), (4, 13), (6, 95), (4, 31), (1, 7), (4, 40), (1, 16), (2, 70), (1, 25), (2, 79), (2, 88), (5, 4), (5, 13), (7, 32), (8, 6), (8, 24), (8, 33), (9, 87), (5, 98), (6, 72), (4, 8), (6, 99), (4, 26), (1, 2), (1, 11), (2, 74), (3, 39), (7, 18), (3, 66), (3, 75), (7, 36), (8, 19), (8, 28), (9, 82), (6, 76), (4, 3), (6, 85), (4, 12), (6, 94), (1, 6), (3, 43), (3, 52), (7, 13), (7, 22), (8, 5), (7, 49), (5, 79), (5, 88), (6, 53), (9, 86), (5, 97), (4, 7), (4, 16), (2, 46), (2, 55), (2, 64), (2, 82), (3, 47), (3, 56)}
Initializing TargetedSDP...
Creating list of ytargets...
K :  10
self.n :  [784 100 100 100 100 100 100 100 100 100  10]
Getting to compute bounds...
STUDY : use active neurons:  True use inactive neurons:  False
STUDY : Nb Stable neurons :  433
Number of cuts to test: 1
Cuts to test: [['RLT', 'triangularization']]
Initializing MosekClassicHandler

 
 folder name dans handler:  /lustre/fswork/projects/rech/llc/uvq13au/FastSDPCertification/results/benchmark/9x100-0.026/2026_10_02_00h37_33s_battery-targeted-rlt-notcert
LAST_LAYER in resolve_layer_groups :  False
K :  10
CHORDAL_DECOMPOSITION  in resolve layer groups:  True
INPUT_IN_VARIABLES in resolve_layer_groups :  True
Taille de la matrice pour le groupe 0 [0, 1] : 826
Taille de la matrice pour le groupe 1 [1, 2] : 110
Taille de la matrice pour le groupe 2 [2, 3] : 121
Taille de la matrice pour le groupe 3 [3, 4] : 101
Taille de la matrice pour le groupe 4 [4, 5] : 85
Taille de la matrice pour le groupe 5 [5, 6] : 84
Taille de la matrice pour le groupe 6 [6, 7] : 99
Taille de la matrice pour le groupe 7 [7, 8] : 108
Taille de la matrice pour le groupe 8 [8, 9] : 120
Neurones stables actives:  set()
Neurones stables inactives:  {(7, 17), (1, 95), (7, 26), (7, 35), (5, 65), (8, 9), (5, 74), (9, 72), (5, 83), (5, 92), (6, 57), (9, 90), (6, 66), (6, 75), (6, 84), (3, 6), (2, 50), (3, 15), (4, 87), (3, 42), (7, 3), (1, 81), (1, 90), (7, 21), (1, 99), (5, 60), (5, 69), (6, 34), (9, 67), (5, 87), (5, 96), (6, 61), (6, 70), (2, 54), (3, 28), (4, 82), (3, 37), (1, 76), (1, 85), (5, 46), (9, 44), (5, 55), (6, 38), (5, 82), (8, 84), (8, 93), (3, 5), (3, 14), (4, 68), (1, 53), (4, 86), (1, 62), (1, 71), (7, 2), (1, 80), (7, 11), (9, 30), (5, 41), (1, 89), (9, 39), (5, 68), (9, 66), (5, 77), (6, 42), (7, 96), (8, 70), (8, 79), (8, 88), (2, 17), (3, 0), (3, 9), (4, 81), (1, 57), (4, 99), (5, 27), (1, 75), (9, 25), (5, 36), (5, 54), (6, 19), (9, 52), (5, 63), (6, 28), (8, 65), (8, 74), (8, 83), (4, 49), (4, 58), (1, 34), (1, 43), (1, 61), (9, 11), (5, 22), (1, 70), (5, 31), (5, 40), (6, 5), (9, 47), (5, 58), (8, 51), (8, 78), (2, 7), (4, 44), (1, 47), (4, 80), (5, 8), (5, 17), (1, 65), (3, 84), (9, 15), (5, 26), (3, 93), (5, 35), (6, 0), (9, 33), (5, 44), (7, 63), (7, 72), (7, 90), (8, 55), (2, 2), (8, 82), (4, 30), (4, 39), (1, 15), (1, 24), (1, 42), (5, 3), (1, 51), (3, 70), (5, 21), (3, 88), (9, 19), (5, 39), (6, 4), (6, 13), (7, 67), (8, 32), (7, 76), (8, 68), (4, 34), (4, 43), (1, 19), (4, 61), (1, 37), (3, 74), (3, 92), (7, 53), (7, 62), (8, 27), (8, 36), (8, 54), (4, 11), (6, 93), (4, 20), (4, 38), (1, 14), (4, 47), (1, 32), (2, 86), (2, 95), (3, 60), (5, 2), (3, 69), (5, 11), (7, 39), (8, 13), (7, 66), (8, 31), (7, 75), (9, 94), (8, 49), (4, 15), (6, 97), (4, 24), (1, 0), (1, 9), (1, 18), (3, 46), (3, 55), (5, 6), (7, 25), (3, 73), (7, 43), (8, 17), (9, 98), (6, 74), (4, 1), (6, 83), (6, 92), (4, 19), (1, 4), (3, 32), (2, 85), (3, 50), (2, 94), (7, 20), (9, 75), (5, 86), (6, 60), (9, 93), (6, 69), (6, 78), (4, 5), (2, 44), (2, 62), (3, 27), (2, 80), (3, 45), (7, 6), (7, 15), (3, 63), (7, 24), (8, 7), (5, 72), (8, 16), (9, 70), (5, 81), (9, 79), (5, 90), (6, 55), (6, 73), (4, 0), (6, 82), (4, 9), (3, 22), (2, 75), (3, 40), (3, 49), (7, 28), (7, 37), (9, 56), (9, 65), (5, 76), (6, 41), (5, 85), (6, 50), (9, 83), (6, 59), (6, 68), (8, 96), (3, 17), (4, 89), (3, 44), (4, 98), (1, 83), (7, 14), (1, 92), (7, 23), (5, 62), (6, 27), (6, 36), (6, 63), (2, 38), (2, 47), (3, 12), (1, 69), (1, 78), (7, 9), (1, 87), (9, 37), (5, 48), (5, 57), (5, 66), (6, 31), (5, 84), (8, 86), (8, 95), (2, 24), (2, 42), (3, 7), (3, 16), (4, 70), (3, 25), (4, 79), (4, 88), (1, 64), (4, 97), (7, 4), (1, 82), (5, 43), (1, 91), (6, 8), (5, 52), (5, 61), (9, 59), (5, 70), (6, 35), (2, 10), (2, 37), (3, 11), (4, 74), (1, 50), (4, 83), (1, 59), (4, 92), (1, 68), (1, 77), (9, 27), (6, 3), (6, 12), (6, 21), (9, 54), (6, 30), (6, 39), (8, 58), (8, 67), (8, 76), (2, 5), (8, 94), (4, 51), (1, 27), (1, 36), (4, 78), (9, 4), (5, 15), (1, 63), (9, 22), (5, 33), (5, 42), (6, 7), (9, 40), (5, 51), (7, 79), (7, 88), (7, 97), (8, 62), (2, 0), (8, 80), (2, 18), (1, 22), (4, 55), (1, 31), (4, 64), (4, 73), (5, 1), (5, 10), (1, 58), (3, 95), (9, 26), (9, 35), (6, 11), (7, 65), (6, 20), (7, 74), (8, 48), (7, 92), (8, 75), (4, 23), (4, 50), (1, 44), (2, 98), (3, 72), (3, 90), (5, 32), (6, 6), (8, 25), (7, 78), (8, 43), (4, 45), (1, 21), (2, 84), (1, 39), (3, 58), (5, 0), (5, 9), (3, 76), (9, 7), (7, 46), (7, 55), (7, 64), (7, 73), (7, 82), (8, 56), (6, 86), (4, 13), (6, 95), (4, 31), (1, 7), (4, 40), (1, 16), (2, 70), (1, 25), (2, 79), (2, 88), (5, 4), (5, 13), (7, 32), (8, 6), (8, 24), (8, 33), (9, 87), (5, 98), (6, 72), (4, 8), (6, 99), (4, 26), (1, 2), (1, 11), (2, 74), (3, 39), (7, 18), (3, 66), (3, 75), (7, 36), (8, 19), (8, 28), (9, 82), (6, 76), (4, 3), (6, 85), (4, 12), (6, 94), (1, 6), (3, 43), (3, 52), (7, 13), (7, 22), (8, 5), (7, 49), (5, 79), (5, 88), (6, 53), (9, 86), (5, 97), (4, 7), (4, 16), (2, 46), (2, 55), (2, 64), (2, 82), (3, 47), (3, 56)}
Adjusting MOSEK solver parameters
MOSEK time limit set to 180s
Adding objective function for Lan
Initializing variables...
CALLBACK num variables : 776016
Adding ReLU constraints for layer 1
Adding ReLU constraints for layer 2
Adding ReLU constraints for layer 3
Adding ReLU constraints for layer 4
Adding ReLU constraints for layer 5
Adding ReLU constraints for layer 6
Adding ReLU constraints for layer 7
Adding ReLU constraints for layer 8
Adding ReLU constraints for layer 9
Adding quadratic bounds constraint
Adding quadratic bounds constraint for layer 0
Adding quadratic bounds constraint for layer 1
Adding quadratic bounds constraint for layer 2
Adding quadratic bounds constraint for layer 3
Adding quadratic bounds constraint for layer 4
Adding quadratic bounds constraint for layer 5
Adding quadratic bounds constraint for layer 6
Adding quadratic bounds constraint for layer 7
Adding quadratic bounds constraint for layer 8
Adding quadratic bounds constraint for layer 9
Adding RLT constraint (compact)
Indexes pruned for layer 1 : []
Indexes pruned for layer 2 : [0, 2, 4, 6, 7, 9, 11, 14, 15, 16, 18, 19, 21, 22, 24, 25, 27, 31, 32, 34, 36, 37, 39, 42, 43, 44, 47, 50, 51, 53, 57, 58, 59, 61, 62, 63, 64, 65, 68, 69, 70, 71, 75, 76, 77, 78, 80, 81, 82, 83, 85, 87, 89, 90, 91, 92, 95, 99]
Indexes pruned for layer 3 : [0, 2, 5, 7, 10, 17, 18, 24, 37, 38, 42, 44, 46, 47, 50, 54, 55, 62, 64, 70, 74, 75, 79, 80, 82, 84, 85, 86, 88, 94, 95, 98]
Indexes pruned for layer 4 : [0, 5, 6, 7, 9, 11, 12, 14, 15, 16, 17, 22, 25, 27, 28, 32, 37, 39, 40, 42, 43, 44, 45, 46, 47, 49, 50, 52, 55, 56, 58, 60, 63, 66, 69, 70, 72, 73, 74, 75, 76, 84, 88, 90, 92, 93, 95]
Indexes pruned for layer 5 : [0, 1, 3, 5, 7, 8, 9, 11, 12, 13, 15, 16, 19, 20, 23, 24, 26, 30, 31, 34, 38, 39, 40, 43, 44, 45, 47, 49, 50, 51, 55, 58, 61, 64, 68, 70, 73, 74, 78, 79, 80, 81, 82, 83, 86, 87, 88, 89, 92, 97, 98, 99]
Indexes pruned for layer 6 : [0, 1, 2, 3, 4, 6, 8, 9, 10, 11, 13, 15, 17, 21, 22, 26, 27, 31, 32, 33, 35, 36, 39, 40, 41, 42, 43, 44, 46, 48, 51, 52, 54, 55, 57, 58, 60, 61, 62, 63, 65, 66, 68, 69, 70, 72, 74, 76, 77, 79, 81, 82, 83, 84, 85, 86, 87, 88, 90, 92, 96, 97, 98]
Indexes pruned for layer 7 : [0, 3, 4, 5, 6, 7, 8, 11, 12, 13, 19, 20, 21, 27, 28, 30, 31, 34, 35, 36, 38, 39, 41, 42, 50, 53, 55, 57, 59, 60, 61, 63, 66, 68, 69, 70, 72, 73, 74, 75, 76, 78, 82, 83, 84, 85, 86, 92, 93, 94, 95, 97, 99]
Indexes pruned for layer 8 : [2, 3, 4, 6, 9, 11, 13, 14, 15, 17, 18, 20, 21, 22, 23, 24, 25, 26, 28, 32, 35, 36, 37, 39, 43, 46, 49, 53, 55, 62, 63, 64, 65, 66, 67, 72, 73, 74, 75, 76, 78, 79, 82, 88, 90, 92, 96, 97]
Indexes pruned for layer 9 : [5, 6, 7, 9, 13, 16, 17, 19, 24, 25, 27, 28, 31, 32, 33, 36, 43, 48, 49, 51, 54, 55, 56, 58, 62, 65, 67, 68, 70, 74, 75, 76, 78, 79, 80, 82, 83, 84, 86, 88, 93, 94, 95, 96]
CALLBACK : RLT (compact) = 54387 (dont 0 en repli chemin lent)
Adding rec matrices constraint
Number of constraints for the matrix by layers: 403 for 10 layers, [784 100 100 100 100 100 100 100 100 100  10] neurons, boundary layers: [1, 2, 3, 4, 5, 6, 7, 8]
Adding first term equal zero constraint
CALLBACK : Ending constraints. Total number of constraints :  166692
Cuts in _write_presolve_row:  ['RLT', 'triangularization']
Number of constraints before optimization:  166692
Number of variables before optimization:  776016
All possible cuts:  ['RLT', 'triangularization', 'McCormick_beta_z', 'beta_logits_comparaison', 'beta_logits_comparaison_big_M', 'sum_beta_logits_equal_logit']
Cuts added to dic for _write_presolve_row:  {'RLT': True, 'triangularization': True, 'McCormick_beta_z': False, 'beta_logits_comparaison': False, 'beta_logits_comparaison_big_M': False, 'sum_beta_logits_equal_logit': False}
Writing pre-solve row to results.csv with data_index: 31 target: 0
Pre-solve row written to results.csv with data_index: 31 target: 0
Pre-solve row written to results.csv with 166692 constraints and 776016 variables.
INFO     01:19:35     [objective_classic.py:97] Adding Objective to the task
CALLBACK : Number of constraints : 166692
[conic bundle] factor=0.01 x 163161 contraintes dualisables candidates => 1632 reellement dualisees (les 161529 autres relachees mais jamais penalisees)
  [cb_native dynamic calibration] h(0)=6.571334 pool_initial=50/1632
[cb_native dynamic] h(0)=6.571334 > positivity_threshold=1e-06 -- arret immediat (stop_when_positive).
[conic bundle] data_index=31 target=0 optimal_value=6.571333794203229 n_iter=0 (38.93s)
Initializing TargetedSDP...
Creating list of ytargets...
K :  10
self.n :  [784 100 100 100 100 100 100 100 100 100  10]
Getting to compute bounds...
STUDY : use active neurons:  True use inactive neurons:  False
STUDY : Nb Stable neurons :  433
Number of cuts to test: 1
Cuts to test: [['RLT', 'triangularization']]
Initializing MosekClassicHandler

 
 folder name dans handler:  /lustre/fswork/projects/rech/llc/uvq13au/FastSDPCertification/results/benchmark/9x100-0.026/2026_10_02_00h37_33s_battery-targeted-rlt-notcert
LAST_LAYER in resolve_layer_groups :  False
K :  10
CHORDAL_DECOMPOSITION  in resolve layer groups:  True
INPUT_IN_VARIABLES in resolve_layer_groups :  True
Taille de la matrice pour le groupe 0 [0, 1] : 826
Taille de la matrice pour le groupe 1 [1, 2] : 110
Taille de la matrice pour le groupe 2 [2, 3] : 121
Taille de la matrice pour le groupe 3 [3, 4] : 101
Taille de la matrice pour le groupe 4 [4, 5] : 85
Taille de la matrice pour le groupe 5 [5, 6] : 84
Taille de la matrice pour le groupe 6 [6, 7] : 99
Taille de la matrice pour le groupe 7 [7, 8] : 108
Taille de la matrice pour le groupe 8 [8, 9] : 120
Neurones stables actives:  set()
Neurones stables inactives:  {(7, 17), (1, 95), (7, 26), (7, 35), (5, 65), (8, 9), (5, 74), (9, 72), (5, 83), (5, 92), (6, 57), (9, 90), (6, 66), (6, 75), (6, 84), (3, 6), (2, 50), (3, 15), (4, 87), (3, 42), (7, 3), (1, 81), (1, 90), (7, 21), (1, 99), (5, 60), (5, 69), (6, 34), (9, 67), (5, 87), (5, 96), (6, 61), (6, 70), (2, 54), (3, 28), (4, 82), (3, 37), (1, 76), (1, 85), (5, 46), (9, 44), (5, 55), (6, 38), (5, 82), (8, 84), (8, 93), (3, 5), (3, 14), (4, 68), (1, 53), (4, 86), (1, 62), (1, 71), (7, 2), (1, 80), (7, 11), (9, 30), (5, 41), (1, 89), (9, 39), (5, 68), (9, 66), (5, 77), (6, 42), (7, 96), (8, 70), (8, 79), (8, 88), (2, 17), (3, 0), (3, 9), (4, 81), (1, 57), (4, 99), (5, 27), (1, 75), (9, 25), (5, 36), (5, 54), (6, 19), (9, 52), (5, 63), (6, 28), (8, 65), (8, 74), (8, 83), (4, 49), (4, 58), (1, 34), (1, 43), (1, 61), (9, 11), (5, 22), (1, 70), (5, 31), (5, 40), (6, 5), (9, 47), (5, 58), (8, 51), (8, 78), (2, 7), (4, 44), (1, 47), (4, 80), (5, 8), (5, 17), (1, 65), (3, 84), (9, 15), (5, 26), (3, 93), (5, 35), (6, 0), (9, 33), (5, 44), (7, 63), (7, 72), (7, 90), (8, 55), (2, 2), (8, 82), (4, 30), (4, 39), (1, 15), (1, 24), (1, 42), (5, 3), (1, 51), (3, 70), (5, 21), (3, 88), (9, 19), (5, 39), (6, 4), (6, 13), (7, 67), (8, 32), (7, 76), (8, 68), (4, 34), (4, 43), (1, 19), (4, 61), (1, 37), (3, 74), (3, 92), (7, 53), (7, 62), (8, 27), (8, 36), (8, 54), (4, 11), (6, 93), (4, 20), (4, 38), (1, 14), (4, 47), (1, 32), (2, 86), (2, 95), (3, 60), (5, 2), (3, 69), (5, 11), (7, 39), (8, 13), (7, 66), (8, 31), (7, 75), (9, 94), (8, 49), (4, 15), (6, 97), (4, 24), (1, 0), (1, 9), (1, 18), (3, 46), (3, 55), (5, 6), (7, 25), (3, 73), (7, 43), (8, 17), (9, 98), (6, 74), (4, 1), (6, 83), (6, 92), (4, 19), (1, 4), (3, 32), (2, 85), (3, 50), (2, 94), (7, 20), (9, 75), (5, 86), (6, 60), (9, 93), (6, 69), (6, 78), (4, 5), (2, 44), (2, 62), (3, 27), (2, 80), (3, 45), (7, 6), (7, 15), (3, 63), (7, 24), (8, 7), (5, 72), (8, 16), (9, 70), (5, 81), (9, 79), (5, 90), (6, 55), (6, 73), (4, 0), (6, 82), (4, 9), (3, 22), (2, 75), (3, 40), (3, 49), (7, 28), (7, 37), (9, 56), (9, 65), (5, 76), (6, 41), (5, 85), (6, 50), (9, 83), (6, 59), (6, 68), (8, 96), (3, 17), (4, 89), (3, 44), (4, 98), (1, 83), (7, 14), (1, 92), (7, 23), (5, 62), (6, 27), (6, 36), (6, 63), (2, 38), (2, 47), (3, 12), (1, 69), (1, 78), (7, 9), (1, 87), (9, 37), (5, 48), (5, 57), (5, 66), (6, 31), (5, 84), (8, 86), (8, 95), (2, 24), (2, 42), (3, 7), (3, 16), (4, 70), (3, 25), (4, 79), (4, 88), (1, 64), (4, 97), (7, 4), (1, 82), (5, 43), (1, 91), (6, 8), (5, 52), (5, 61), (9, 59), (5, 70), (6, 35), (2, 10), (2, 37), (3, 11), (4, 74), (1, 50), (4, 83), (1, 59), (4, 92), (1, 68), (1, 77), (9, 27), (6, 3), (6, 12), (6, 21), (9, 54), (6, 30), (6, 39), (8, 58), (8, 67), (8, 76), (2, 5), (8, 94), (4, 51), (1, 27), (1, 36), (4, 78), (9, 4), (5, 15), (1, 63), (9, 22), (5, 33), (5, 42), (6, 7), (9, 40), (5, 51), (7, 79), (7, 88), (7, 97), (8, 62), (2, 0), (8, 80), (2, 18), (1, 22), (4, 55), (1, 31), (4, 64), (4, 73), (5, 1), (5, 10), (1, 58), (3, 95), (9, 26), (9, 35), (6, 11), (7, 65), (6, 20), (7, 74), (8, 48), (7, 92), (8, 75), (4, 23), (4, 50), (1, 44), (2, 98), (3, 72), (3, 90), (5, 32), (6, 6), (8, 25), (7, 78), (8, 43), (4, 45), (1, 21), (2, 84), (1, 39), (3, 58), (5, 0), (5, 9), (3, 76), (9, 7), (7, 46), (7, 55), (7, 64), (7, 73), (7, 82), (8, 56), (6, 86), (4, 13), (6, 95), (4, 31), (1, 7), (4, 40), (1, 16), (2, 70), (1, 25), (2, 79), (2, 88), (5, 4), (5, 13), (7, 32), (8, 6), (8, 24), (8, 33), (9, 87), (5, 98), (6, 72), (4, 8), (6, 99), (4, 26), (1, 2), (1, 11), (2, 74), (3, 39), (7, 18), (3, 66), (3, 75), (7, 36), (8, 19), (8, 28), (9, 82), (6, 76), (4, 3), (6, 85), (4, 12), (6, 94), (1, 6), (3, 43), (3, 52), (7, 13), (7, 22), (8, 5), (7, 49), (5, 79), (5, 88), (6, 53), (9, 86), (5, 97), (4, 7), (4, 16), (2, 46), (2, 55), (2, 64), (2, 82), (3, 47), (3, 56)}
Adjusting MOSEK solver parameters
MOSEK time limit set to 180s
Adding objective function for Lan
Initializing variables...
CALLBACK num variables : 776016
Adding ReLU constraints for layer 1
Adding ReLU constraints for layer 2
Adding ReLU constraints for layer 3
Adding ReLU constraints for layer 4
Adding ReLU constraints for layer 5
Adding ReLU constraints for layer 6
Adding ReLU constraints for layer 7
Adding ReLU constraints for layer 8
Adding ReLU constraints for layer 9
Adding quadratic bounds constraint
Adding quadratic bounds constraint for layer 0
Adding quadratic bounds constraint for layer 1
Adding quadratic bounds constraint for layer 2
Adding quadratic bounds constraint for layer 3
Adding quadratic bounds constraint for layer 4
Adding quadratic bounds constraint for layer 5
Adding quadratic bounds constraint for layer 6
Adding quadratic bounds constraint for layer 7
Adding quadratic bounds constraint for layer 8
Adding quadratic bounds constraint for layer 9
Adding RLT constraint (compact)
Indexes pruned for layer 1 : []
Indexes pruned for layer 2 : [0, 2, 4, 6, 7, 9, 11, 14, 15, 16, 18, 19, 21, 22, 24, 25, 27, 31, 32, 34, 36, 37, 39, 42, 43, 44, 47, 50, 51, 53, 57, 58, 59, 61, 62, 63, 64, 65, 68, 69, 70, 71, 75, 76, 77, 78, 80, 81, 82, 83, 85, 87, 89, 90, 91, 92, 95, 99]
Indexes pruned for layer 3 : [0, 2, 5, 7, 10, 17, 18, 24, 37, 38, 42, 44, 46, 47, 50, 54, 55, 62, 64, 70, 74, 75, 79, 80, 82, 84, 85, 86, 88, 94, 95, 98]
Indexes pruned for layer 4 : [0, 5, 6, 7, 9, 11, 12, 14, 15, 16, 17, 22, 25, 27, 28, 32, 37, 39, 40, 42, 43, 44, 45, 46, 47, 49, 50, 52, 55, 56, 58, 60, 63, 66, 69, 70, 72, 73, 74, 75, 76, 84, 88, 90, 92, 93, 95]
Indexes pruned for layer 5 : [0, 1, 3, 5, 7, 8, 9, 11, 12, 13, 15, 16, 19, 20, 23, 24, 26, 30, 31, 34, 38, 39, 40, 43, 44, 45, 47, 49, 50, 51, 55, 58, 61, 64, 68, 70, 73, 74, 78, 79, 80, 81, 82, 83, 86, 87, 88, 89, 92, 97, 98, 99]
Indexes pruned for layer 6 : [0, 1, 2, 3, 4, 6, 8, 9, 10, 11, 13, 15, 17, 21, 22, 26, 27, 31, 32, 33, 35, 36, 39, 40, 41, 42, 43, 44, 46, 48, 51, 52, 54, 55, 57, 58, 60, 61, 62, 63, 65, 66, 68, 69, 70, 72, 74, 76, 77, 79, 81, 82, 83, 84, 85, 86, 87, 88, 90, 92, 96, 97, 98]
Indexes pruned for layer 7 : [0, 3, 4, 5, 6, 7, 8, 11, 12, 13, 19, 20, 21, 27, 28, 30, 31, 34, 35, 36, 38, 39, 41, 42, 50, 53, 55, 57, 59, 60, 61, 63, 66, 68, 69, 70, 72, 73, 74, 75, 76, 78, 82, 83, 84, 85, 86, 92, 93, 94, 95, 97, 99]
Indexes pruned for layer 8 : [2, 3, 4, 6, 9, 11, 13, 14, 15, 17, 18, 20, 21, 22, 23, 24, 25, 26, 28, 32, 35, 36, 37, 39, 43, 46, 49, 53, 55, 62, 63, 64, 65, 66, 67, 72, 73, 74, 75, 76, 78, 79, 82, 88, 90, 92, 96, 97]
Indexes pruned for layer 9 : [5, 6, 7, 9, 13, 16, 17, 19, 24, 25, 27, 28, 31, 32, 33, 36, 43, 48, 49, 51, 54, 55, 56, 58, 62, 65, 67, 68, 70, 74, 75, 76, 78, 79, 80, 82, 83, 84, 86, 88, 93, 94, 95, 96]
CALLBACK : RLT (compact) = 54387 (dont 0 en repli chemin lent)
Adding rec matrices constraint
Number of constraints for the matrix by layers: 403 for 10 layers, [784 100 100 100 100 100 100 100 100 100  10] neurons, boundary layers: [1, 2, 3, 4, 5, 6, 7, 8]
Adding first term equal zero constraint
CALLBACK : Ending constraints. Total number of constraints :  166692
Cuts in _write_presolve_row:  ['RLT', 'triangularization']
Number of constraints before optimization:  166692
Number of variables before optimization:  776016
All possible cuts:  ['RLT', 'triangularization', 'McCormick_beta_z', 'beta_logits_comparaison', 'beta_logits_comparaison_big_M', 'sum_beta_logits_equal_logit']
Cuts added to dic for _write_presolve_row:  {'RLT': True, 'triangularization': True, 'McCormick_beta_z': False, 'beta_logits_comparaison': False, 'beta_logits_comparaison_big_M': False, 'sum_beta_logits_equal_logit': False}
Writing pre-solve row to results.csv with data_index: 31 target: 1
Pre-solve row written to results.csv with data_index: 31 target: 1
Pre-solve row written to results.csv with 166692 constraints and 776016 variables.
INFO     01:20:16     [objective_classic.py:97] Adding Objective to the task
CALLBACK : Number of constraints : 166692
[conic bundle] factor=0.01 x 163161 contraintes dualisables candidates => 1632 reellement dualisees (les 161529 autres relachees mais jamais penalisees)
  [cb_native dynamic calibration] h(0)=-0.668289 pool_initial=40/1632
*** WARNING: Bundle::inner_loop(): new objective value 0.668278197745 is smaller than minorizing model value =0.66828831519 
***          maybe the objective value was not computed to sufficient precision
***          or the sugbradient information provided by a previous oracle call was wrong.
**** WARNING: FunctionProblem::add_variable(): subgradient extension failed
[cb_native dynamic] round 1: +4 -0 (pool=44/1632)
  [cb_native dynamic oracle #5] h=-0.668278 best=-0.668278 pool=44/1632
*** WARNING: Bundle::inner_loop(): new subgradient yields greater objective value =0.6683 in center (oldval=0.6683),
***          maybe the old evaluation in the center was not computed to sufficient precision
***          or the sugbradient information provided by the last oracle call was wrong.
***          Trying a function reevaluation in the center with higher precision...
***          reevaluation in center yields no better value (0.6683)
[cb_native dynamic] cycle detecte : le pool resultant de ce round (+0 -4) a deja ete visite -- arret pour eviter une oscillation infinie, n_iter=2, pool avant maj=44/1632.
[cb_native dynamic] n_iter=2 n_oracle_calls=8 n_pool_updates=1 pool_final=44/1632 termination_code=1 h_center=-0.668278 best_h=-0.668278 stop_reason=None
[conic bundle] data_index=31 target=1 optimal_value=-0.6682781139067395 n_iter=2 (138.97s)
Initializing TargetedSDP...
Creating list of ytargets...
K :  10
self.n :  [784 100 100 100 100 100 100 100 100 100  10]
Getting to compute bounds...
STUDY : use active neurons:  True use inactive neurons:  False
STUDY : Nb Stable neurons :  433
Number of cuts to test: 1
Cuts to test: [['RLT', 'triangularization']]
Initializing MosekClassicHandler

 
 folder name dans handler:  /lustre/fswork/projects/rech/llc/uvq13au/FastSDPCertification/results/benchmark/9x100-0.026/2026_10_02_00h37_33s_battery-targeted-rlt-notcert
LAST_LAYER in resolve_layer_groups :  False
K :  10
CHORDAL_DECOMPOSITION  in resolve layer groups:  True
INPUT_IN_VARIABLES in resolve_layer_groups :  True
Taille de la matrice pour le groupe 0 [0, 1] : 826
Taille de la matrice pour le groupe 1 [1, 2] : 110
Taille de la matrice pour le groupe 2 [2, 3] : 121
Taille de la matrice pour le groupe 3 [3, 4] : 101
Taille de la matrice pour le groupe 4 [4, 5] : 85
Taille de la matrice pour le groupe 5 [5, 6] : 84
Taille de la matrice pour le groupe 6 [6, 7] : 99
Taille de la matrice pour le groupe 7 [7, 8] : 108
Taille de la matrice pour le groupe 8 [8, 9] : 120
Neurones stables actives:  set()
Neurones stables inactives:  {(7, 17), (1, 95), (7, 26), (7, 35), (5, 65), (8, 9), (5, 74), (9, 72), (5, 83), (5, 92), (6, 57), (9, 90), (6, 66), (6, 75), (6, 84), (3, 6), (2, 50), (3, 15), (4, 87), (3, 42), (7, 3), (1, 81), (1, 90), (7, 21), (1, 99), (5, 60), (5, 69), (6, 34), (9, 67), (5, 87), (5, 96), (6, 61), (6, 70), (2, 54), (3, 28), (4, 82), (3, 37), (1, 76), (1, 85), (5, 46), (9, 44), (5, 55), (6, 38), (5, 82), (8, 84), (8, 93), (3, 5), (3, 14), (4, 68), (1, 53), (4, 86), (1, 62), (1, 71), (7, 2), (1, 80), (7, 11), (9, 30), (5, 41), (1, 89), (9, 39), (5, 68), (9, 66), (5, 77), (6, 42), (7, 96), (8, 70), (8, 79), (8, 88), (2, 17), (3, 0), (3, 9), (4, 81), (1, 57), (4, 99), (5, 27), (1, 75), (9, 25), (5, 36), (5, 54), (6, 19), (9, 52), (5, 63), (6, 28), (8, 65), (8, 74), (8, 83), (4, 49), (4, 58), (1, 34), (1, 43), (1, 61), (9, 11), (5, 22), (1, 70), (5, 31), (5, 40), (6, 5), (9, 47), (5, 58), (8, 51), (8, 78), (2, 7), (4, 44), (1, 47), (4, 80), (5, 8), (5, 17), (1, 65), (3, 84), (9, 15), (5, 26), (3, 93), (5, 35), (6, 0), (9, 33), (5, 44), (7, 63), (7, 72), (7, 90), (8, 55), (2, 2), (8, 82), (4, 30), (4, 39), (1, 15), (1, 24), (1, 42), (5, 3), (1, 51), (3, 70), (5, 21), (3, 88), (9, 19), (5, 39), (6, 4), (6, 13), (7, 67), (8, 32), (7, 76), (8, 68), (4, 34), (4, 43), (1, 19), (4, 61), (1, 37), (3, 74), (3, 92), (7, 53), (7, 62), (8, 27), (8, 36), (8, 54), (4, 11), (6, 93), (4, 20), (4, 38), (1, 14), (4, 47), (1, 32), (2, 86), (2, 95), (3, 60), (5, 2), (3, 69), (5, 11), (7, 39), (8, 13), (7, 66), (8, 31), (7, 75), (9, 94), (8, 49), (4, 15), (6, 97), (4, 24), (1, 0), (1, 9), (1, 18), (3, 46), (3, 55), (5, 6), (7, 25), (3, 73), (7, 43), (8, 17), (9, 98), (6, 74), (4, 1), (6, 83), (6, 92), (4, 19), (1, 4), (3, 32), (2, 85), (3, 50), (2, 94), (7, 20), (9, 75), (5, 86), (6, 60), (9, 93), (6, 69), (6, 78), (4, 5), (2, 44), (2, 62), (3, 27), (2, 80), (3, 45), (7, 6), (7, 15), (3, 63), (7, 24), (8, 7), (5, 72), (8, 16), (9, 70), (5, 81), (9, 79), (5, 90), (6, 55), (6, 73), (4, 0), (6, 82), (4, 9), (3, 22), (2, 75), (3, 40), (3, 49), (7, 28), (7, 37), (9, 56), (9, 65), (5, 76), (6, 41), (5, 85), (6, 50), (9, 83), (6, 59), (6, 68), (8, 96), (3, 17), (4, 89), (3, 44), (4, 98), (1, 83), (7, 14), (1, 92), (7, 23), (5, 62), (6, 27), (6, 36), (6, 63), (2, 38), (2, 47), (3, 12), (1, 69), (1, 78), (7, 9), (1, 87), (9, 37), (5, 48), (5, 57), (5, 66), (6, 31), (5, 84), (8, 86), (8, 95), (2, 24), (2, 42), (3, 7), (3, 16), (4, 70), (3, 25), (4, 79), (4, 88), (1, 64), (4, 97), (7, 4), (1, 82), (5, 43), (1, 91), (6, 8), (5, 52), (5, 61), (9, 59), (5, 70), (6, 35), (2, 10), (2, 37), (3, 11), (4, 74), (1, 50), (4, 83), (1, 59), (4, 92), (1, 68), (1, 77), (9, 27), (6, 3), (6, 12), (6, 21), (9, 54), (6, 30), (6, 39), (8, 58), (8, 67), (8, 76), (2, 5), (8, 94), (4, 51), (1, 27), (1, 36), (4, 78), (9, 4), (5, 15), (1, 63), (9, 22), (5, 33), (5, 42), (6, 7), (9, 40), (5, 51), (7, 79), (7, 88), (7, 97), (8, 62), (2, 0), (8, 80), (2, 18), (1, 22), (4, 55), (1, 31), (4, 64), (4, 73), (5, 1), (5, 10), (1, 58), (3, 95), (9, 26), (9, 35), (6, 11), (7, 65), (6, 20), (7, 74), (8, 48), (7, 92), (8, 75), (4, 23), (4, 50), (1, 44), (2, 98), (3, 72), (3, 90), (5, 32), (6, 6), (8, 25), (7, 78), (8, 43), (4, 45), (1, 21), (2, 84), (1, 39), (3, 58), (5, 0), (5, 9), (3, 76), (9, 7), (7, 46), (7, 55), (7, 64), (7, 73), (7, 82), (8, 56), (6, 86), (4, 13), (6, 95), (4, 31), (1, 7), (4, 40), (1, 16), (2, 70), (1, 25), (2, 79), (2, 88), (5, 4), (5, 13), (7, 32), (8, 6), (8, 24), (8, 33), (9, 87), (5, 98), (6, 72), (4, 8), (6, 99), (4, 26), (1, 2), (1, 11), (2, 74), (3, 39), (7, 18), (3, 66), (3, 75), (7, 36), (8, 19), (8, 28), (9, 82), (6, 76), (4, 3), (6, 85), (4, 12), (6, 94), (1, 6), (3, 43), (3, 52), (7, 13), (7, 22), (8, 5), (7, 49), (5, 79), (5, 88), (6, 53), (9, 86), (5, 97), (4, 7), (4, 16), (2, 46), (2, 55), (2, 64), (2, 82), (3, 47), (3, 56)}
Adjusting MOSEK solver parameters
MOSEK time limit set to 180s
Adding objective function for Lan
Initializing variables...
CALLBACK num variables : 776016
Adding ReLU constraints for layer 1
Adding ReLU constraints for layer 2
Adding ReLU constraints for layer 3
Adding ReLU constraints for layer 4
Adding ReLU constraints for layer 5
Adding ReLU constraints for layer 6
Adding ReLU constraints for layer 7
Adding ReLU constraints for layer 8
Adding ReLU constraints for layer 9
Adding quadratic bounds constraint
Adding quadratic bounds constraint for layer 0
Adding quadratic bounds constraint for layer 1
Adding quadratic bounds constraint for layer 2
Adding quadratic bounds constraint for layer 3
Adding quadratic bounds constraint for layer 4
Adding quadratic bounds constraint for layer 5
Adding quadratic bounds constraint for layer 6
Adding quadratic bounds constraint for layer 7
Adding quadratic bounds constraint for layer 8
Adding quadratic bounds constraint for layer 9
Adding RLT constraint (compact)
Indexes pruned for layer 1 : []
Indexes pruned for layer 2 : [0, 2, 4, 6, 7, 9, 11, 14, 15, 16, 18, 19, 21, 22, 24, 25, 27, 31, 32, 34, 36, 37, 39, 42, 43, 44, 47, 50, 51, 53, 57, 58, 59, 61, 62, 63, 64, 65, 68, 69, 70, 71, 75, 76, 77, 78, 80, 81, 82, 83, 85, 87, 89, 90, 91, 92, 95, 99]
Indexes pruned for layer 3 : [0, 2, 5, 7, 10, 17, 18, 24, 37, 38, 42, 44, 46, 47, 50, 54, 55, 62, 64, 70, 74, 75, 79, 80, 82, 84, 85, 86, 88, 94, 95, 98]
Indexes pruned for layer 4 : [0, 5, 6, 7, 9, 11, 12, 14, 15, 16, 17, 22, 25, 27, 28, 32, 37, 39, 40, 42, 43, 44, 45, 46, 47, 49, 50, 52, 55, 56, 58, 60, 63, 66, 69, 70, 72, 73, 74, 75, 76, 84, 88, 90, 92, 93, 95]
Indexes pruned for layer 5 : [0, 1, 3, 5, 7, 8, 9, 11, 12, 13, 15, 16, 19, 20, 23, 24, 26, 30, 31, 34, 38, 39, 40, 43, 44, 45, 47, 49, 50, 51, 55, 58, 61, 64, 68, 70, 73, 74, 78, 79, 80, 81, 82, 83, 86, 87, 88, 89, 92, 97, 98, 99]
Indexes pruned for layer 6 : [0, 1, 2, 3, 4, 6, 8, 9, 10, 11, 13, 15, 17, 21, 22, 26, 27, 31, 32, 33, 35, 36, 39, 40, 41, 42, 43, 44, 46, 48, 51, 52, 54, 55, 57, 58, 60, 61, 62, 63, 65, 66, 68, 69, 70, 72, 74, 76, 77, 79, 81, 82, 83, 84, 85, 86, 87, 88, 90, 92, 96, 97, 98]
Indexes pruned for layer 7 : [0, 3, 4, 5, 6, 7, 8, 11, 12, 13, 19, 20, 21, 27, 28, 30, 31, 34, 35, 36, 38, 39, 41, 42, 50, 53, 55, 57, 59, 60, 61, 63, 66, 68, 69, 70, 72, 73, 74, 75, 76, 78, 82, 83, 84, 85, 86, 92, 93, 94, 95, 97, 99]
Indexes pruned for layer 8 : [2, 3, 4, 6, 9, 11, 13, 14, 15, 17, 18, 20, 21, 22, 23, 24, 25, 26, 28, 32, 35, 36, 37, 39, 43, 46, 49, 53, 55, 62, 63, 64, 65, 66, 67, 72, 73, 74, 75, 76, 78, 79, 82, 88, 90, 92, 96, 97]
Indexes pruned for layer 9 : [5, 6, 7, 9, 13, 16, 17, 19, 24, 25, 27, 28, 31, 32, 33, 36, 43, 48, 49, 51, 54, 55, 56, 58, 62, 65, 67, 68, 70, 74, 75, 76, 78, 79, 80, 82, 83, 84, 86, 88, 93, 94, 95, 96]
CALLBACK : RLT (compact) = 54387 (dont 0 en repli chemin lent)
Adding rec matrices constraint
Number of constraints for the matrix by layers: 403 for 10 layers, [784 100 100 100 100 100 100 100 100 100  10] neurons, boundary layers: [1, 2, 3, 4, 5, 6, 7, 8]
Adding first term equal zero constraint
CALLBACK : Ending constraints. Total number of constraints :  166692
Cuts in _write_presolve_row:  ['RLT', 'triangularization']
Number of constraints before optimization:  166692
Number of variables before optimization:  776016
All possible cuts:  ['RLT', 'triangularization', 'McCormick_beta_z', 'beta_logits_comparaison', 'beta_logits_comparaison_big_M', 'sum_beta_logits_equal_logit']
Cuts added to dic for _write_presolve_row:  {'RLT': True, 'triangularization': True, 'McCormick_beta_z': False, 'beta_logits_comparaison': False, 'beta_logits_comparaison_big_M': False, 'sum_beta_logits_equal_logit': False}
Writing pre-solve row to results.csv with data_index: 31 target: 2
Pre-solve row written to results.csv with data_index: 31 target: 2
Pre-solve row written to results.csv with 166692 constraints and 776016 variables.
INFO     01:22:38     [objective_classic.py:97] Adding Objective to the task
CALLBACK : Number of constraints : 166692
[conic bundle] factor=0.01 x 163161 contraintes dualisables candidates => 1632 reellement dualisees (les 161529 autres relachees mais jamais penalisees)
  [cb_native dynamic calibration] h(0)=1.209366 pool_initial=50/1632
[cb_native dynamic] h(0)=1.209366 > positivity_threshold=1e-06 -- arret immediat (stop_when_positive).
[conic bundle] data_index=31 target=2 optimal_value=1.2093663461041517 n_iter=0 (40.70s)
Initializing TargetedSDP...
Creating list of ytargets...
K :  10
self.n :  [784 100 100 100 100 100 100 100 100 100  10]
Getting to compute bounds...
STUDY : use active neurons:  True use inactive neurons:  False
STUDY : Nb Stable neurons :  433
Number of cuts to test: 1
Cuts to test: [['RLT', 'triangularization']]
Initializing MosekClassicHandler

 
 folder name dans handler:  /lustre/fswork/projects/rech/llc/uvq13au/FastSDPCertification/results/benchmark/9x100-0.026/2026_10_02_00h37_33s_battery-targeted-rlt-notcert
LAST_LAYER in resolve_layer_groups :  False
K :  10
CHORDAL_DECOMPOSITION  in resolve layer groups:  True
INPUT_IN_VARIABLES in resolve_layer_groups :  True
Taille de la matrice pour le groupe 0 [0, 1] : 826
Taille de la matrice pour le groupe 1 [1, 2] : 110
Taille de la matrice pour le groupe 2 [2, 3] : 121
Taille de la matrice pour le groupe 3 [3, 4] : 101
Taille de la matrice pour le groupe 4 [4, 5] : 85
Taille de la matrice pour le groupe 5 [5, 6] : 84
Taille de la matrice pour le groupe 6 [6, 7] : 99
Taille de la matrice pour le groupe 7 [7, 8] : 108
Taille de la matrice pour le groupe 8 [8, 9] : 120
Neurones stables actives:  set()
Neurones stables inactives:  {(7, 17), (1, 95), (7, 26), (7, 35), (5, 65), (8, 9), (5, 74), (9, 72), (5, 83), (5, 92), (6, 57), (9, 90), (6, 66), (6, 75), (6, 84), (3, 6), (2, 50), (3, 15), (4, 87), (3, 42), (7, 3), (1, 81), (1, 90), (7, 21), (1, 99), (5, 60), (5, 69), (6, 34), (9, 67), (5, 87), (5, 96), (6, 61), (6, 70), (2, 54), (3, 28), (4, 82), (3, 37), (1, 76), (1, 85), (5, 46), (9, 44), (5, 55), (6, 38), (5, 82), (8, 84), (8, 93), (3, 5), (3, 14), (4, 68), (1, 53), (4, 86), (1, 62), (1, 71), (7, 2), (1, 80), (7, 11), (9, 30), (5, 41), (1, 89), (9, 39), (5, 68), (9, 66), (5, 77), (6, 42), (7, 96), (8, 70), (8, 79), (8, 88), (2, 17), (3, 0), (3, 9), (4, 81), (1, 57), (4, 99), (5, 27), (1, 75), (9, 25), (5, 36), (5, 54), (6, 19), (9, 52), (5, 63), (6, 28), (8, 65), (8, 74), (8, 83), (4, 49), (4, 58), (1, 34), (1, 43), (1, 61), (9, 11), (5, 22), (1, 70), (5, 31), (5, 40), (6, 5), (9, 47), (5, 58), (8, 51), (8, 78), (2, 7), (4, 44), (1, 47), (4, 80), (5, 8), (5, 17), (1, 65), (3, 84), (9, 15), (5, 26), (3, 93), (5, 35), (6, 0), (9, 33), (5, 44), (7, 63), (7, 72), (7, 90), (8, 55), (2, 2), (8, 82), (4, 30), (4, 39), (1, 15), (1, 24), (1, 42), (5, 3), (1, 51), (3, 70), (5, 21), (3, 88), (9, 19), (5, 39), (6, 4), (6, 13), (7, 67), (8, 32), (7, 76), (8, 68), (4, 34), (4, 43), (1, 19), (4, 61), (1, 37), (3, 74), (3, 92), (7, 53), (7, 62), (8, 27), (8, 36), (8, 54), (4, 11), (6, 93), (4, 20), (4, 38), (1, 14), (4, 47), (1, 32), (2, 86), (2, 95), (3, 60), (5, 2), (3, 69), (5, 11), (7, 39), (8, 13), (7, 66), (8, 31), (7, 75), (9, 94), (8, 49), (4, 15), (6, 97), (4, 24), (1, 0), (1, 9), (1, 18), (3, 46), (3, 55), (5, 6), (7, 25), (3, 73), (7, 43), (8, 17), (9, 98), (6, 74), (4, 1), (6, 83), (6, 92), (4, 19), (1, 4), (3, 32), (2, 85), (3, 50), (2, 94), (7, 20), (9, 75), (5, 86), (6, 60), (9, 93), (6, 69), (6, 78), (4, 5), (2, 44), (2, 62), (3, 27), (2, 80), (3, 45), (7, 6), (7, 15), (3, 63), (7, 24), (8, 7), (5, 72), (8, 16), (9, 70), (5, 81), (9, 79), (5, 90), (6, 55), (6, 73), (4, 0), (6, 82), (4, 9), (3, 22), (2, 75), (3, 40), (3, 49), (7, 28), (7, 37), (9, 56), (9, 65), (5, 76), (6, 41), (5, 85), (6, 50), (9, 83), (6, 59), (6, 68), (8, 96), (3, 17), (4, 89), (3, 44), (4, 98), (1, 83), (7, 14), (1, 92), (7, 23), (5, 62), (6, 27), (6, 36), (6, 63), (2, 38), (2, 47), (3, 12), (1, 69), (1, 78), (7, 9), (1, 87), (9, 37), (5, 48), (5, 57), (5, 66), (6, 31), (5, 84), (8, 86), (8, 95), (2, 24), (2, 42), (3, 7), (3, 16), (4, 70), (3, 25), (4, 79), (4, 88), (1, 64), (4, 97), (7, 4), (1, 82), (5, 43), (1, 91), (6, 8), (5, 52), (5, 61), (9, 59), (5, 70), (6, 35), (2, 10), (2, 37), (3, 11), (4, 74), (1, 50), (4, 83), (1, 59), (4, 92), (1, 68), (1, 77), (9, 27), (6, 3), (6, 12), (6, 21), (9, 54), (6, 30), (6, 39), (8, 58), (8, 67), (8, 76), (2, 5), (8, 94), (4, 51), (1, 27), (1, 36), (4, 78), (9, 4), (5, 15), (1, 63), (9, 22), (5, 33), (5, 42), (6, 7), (9, 40), (5, 51), (7, 79), (7, 88), (7, 97), (8, 62), (2, 0), (8, 80), (2, 18), (1, 22), (4, 55), (1, 31), (4, 64), (4, 73), (5, 1), (5, 10), (1, 58), (3, 95), (9, 26), (9, 35), (6, 11), (7, 65), (6, 20), (7, 74), (8, 48), (7, 92), (8, 75), (4, 23), (4, 50), (1, 44), (2, 98), (3, 72), (3, 90), (5, 32), (6, 6), (8, 25), (7, 78), (8, 43), (4, 45), (1, 21), (2, 84), (1, 39), (3, 58), (5, 0), (5, 9), (3, 76), (9, 7), (7, 46), (7, 55), (7, 64), (7, 73), (7, 82), (8, 56), (6, 86), (4, 13), (6, 95), (4, 31), (1, 7), (4, 40), (1, 16), (2, 70), (1, 25), (2, 79), (2, 88), (5, 4), (5, 13), (7, 32), (8, 6), (8, 24), (8, 33), (9, 87), (5, 98), (6, 72), (4, 8), (6, 99), (4, 26), (1, 2), (1, 11), (2, 74), (3, 39), (7, 18), (3, 66), (3, 75), (7, 36), (8, 19), (8, 28), (9, 82), (6, 76), (4, 3), (6, 85), (4, 12), (6, 94), (1, 6), (3, 43), (3, 52), (7, 13), (7, 22), (8, 5), (7, 49), (5, 79), (5, 88), (6, 53), (9, 86), (5, 97), (4, 7), (4, 16), (2, 46), (2, 55), (2, 64), (2, 82), (3, 47), (3, 56)}
Adjusting MOSEK solver parameters
MOSEK time limit set to 180s
Adding objective function for Lan
Initializing variables...
CALLBACK num variables : 776016
Adding ReLU constraints for layer 1
Adding ReLU constraints for layer 2
Adding ReLU constraints for layer 3
Adding ReLU constraints for layer 4
Adding ReLU constraints for layer 5
Adding ReLU constraints for layer 6
Adding ReLU constraints for layer 7
Adding ReLU constraints for layer 8
Adding ReLU constraints for layer 9
Adding quadratic bounds constraint
Adding quadratic bounds constraint for layer 0
Adding quadratic bounds constraint for layer 1
Adding quadratic bounds constraint for layer 2
Adding quadratic bounds constraint for layer 3
Adding quadratic bounds constraint for layer 4
Adding quadratic bounds constraint for layer 5
Adding quadratic bounds constraint for layer 6
Adding quadratic bounds constraint for layer 7
Adding quadratic bounds constraint for layer 8
Adding quadratic bounds constraint for layer 9
Adding RLT constraint (compact)
Indexes pruned for layer 1 : []
Indexes pruned for layer 2 : [0, 2, 4, 6, 7, 9, 11, 14, 15, 16, 18, 19, 21, 22, 24, 25, 27, 31, 32, 34, 36, 37, 39, 42, 43, 44, 47, 50, 51, 53, 57, 58, 59, 61, 62, 63, 64, 65, 68, 69, 70, 71, 75, 76, 77, 78, 80, 81, 82, 83, 85, 87, 89, 90, 91, 92, 95, 99]
Indexes pruned for layer 3 : [0, 2, 5, 7, 10, 17, 18, 24, 37, 38, 42, 44, 46, 47, 50, 54, 55, 62, 64, 70, 74, 75, 79, 80, 82, 84, 85, 86, 88, 94, 95, 98]
Indexes pruned for layer 4 : [0, 5, 6, 7, 9, 11, 12, 14, 15, 16, 17, 22, 25, 27, 28, 32, 37, 39, 40, 42, 43, 44, 45, 46, 47, 49, 50, 52, 55, 56, 58, 60, 63, 66, 69, 70, 72, 73, 74, 75, 76, 84, 88, 90, 92, 93, 95]
Indexes pruned for layer 5 : [0, 1, 3, 5, 7, 8, 9, 11, 12, 13, 15, 16, 19, 20, 23, 24, 26, 30, 31, 34, 38, 39, 40, 43, 44, 45, 47, 49, 50, 51, 55, 58, 61, 64, 68, 70, 73, 74, 78, 79, 80, 81, 82, 83, 86, 87, 88, 89, 92, 97, 98, 99]
Indexes pruned for layer 6 : [0, 1, 2, 3, 4, 6, 8, 9, 10, 11, 13, 15, 17, 21, 22, 26, 27, 31, 32, 33, 35, 36, 39, 40, 41, 42, 43, 44, 46, 48, 51, 52, 54, 55, 57, 58, 60, 61, 62, 63, 65, 66, 68, 69, 70, 72, 74, 76, 77, 79, 81, 82, 83, 84, 85, 86, 87, 88, 90, 92, 96, 97, 98]
Indexes pruned for layer 7 : [0, 3, 4, 5, 6, 7, 8, 11, 12, 13, 19, 20, 21, 27, 28, 30, 31, 34, 35, 36, 38, 39, 41, 42, 50, 53, 55, 57, 59, 60, 61, 63, 66, 68, 69, 70, 72, 73, 74, 75, 76, 78, 82, 83, 84, 85, 86, 92, 93, 94, 95, 97, 99]
Indexes pruned for layer 8 : [2, 3, 4, 6, 9, 11, 13, 14, 15, 17, 18, 20, 21, 22, 23, 24, 25, 26, 28, 32, 35, 36, 37, 39, 43, 46, 49, 53, 55, 62, 63, 64, 65, 66, 67, 72, 73, 74, 75, 76, 78, 79, 82, 88, 90, 92, 96, 97]
Indexes pruned for layer 9 : [5, 6, 7, 9, 13, 16, 17, 19, 24, 25, 27, 28, 31, 32, 33, 36, 43, 48, 49, 51, 54, 55, 56, 58, 62, 65, 67, 68, 70, 74, 75, 76, 78, 79, 80, 82, 83, 84, 86, 88, 93, 94, 95, 96]
CALLBACK : RLT (compact) = 54387 (dont 0 en repli chemin lent)
Adding rec matrices constraint
Number of constraints for the matrix by layers: 403 for 10 layers, [784 100 100 100 100 100 100 100 100 100  10] neurons, boundary layers: [1, 2, 3, 4, 5, 6, 7, 8]
Adding first term equal zero constraint
CALLBACK : Ending constraints. Total number of constraints :  166692
Cuts in _write_presolve_row:  ['RLT', 'triangularization']
Number of constraints before optimization:  166692
Number of variables before optimization:  776016
All possible cuts:  ['RLT', 'triangularization', 'McCormick_beta_z', 'beta_logits_comparaison', 'beta_logits_comparaison_big_M', 'sum_beta_logits_equal_logit']
Cuts added to dic for _write_presolve_row:  {'RLT': True, 'triangularization': True, 'McCormick_beta_z': False, 'beta_logits_comparaison': False, 'beta_logits_comparaison_big_M': False, 'sum_beta_logits_equal_logit': False}
Writing pre-solve row to results.csv with data_index: 31 target: 4
Pre-solve row written to results.csv with data_index: 31 target: 4
Pre-solve row written to results.csv with 166692 constraints and 776016 variables.
INFO     01:23:21     [objective_classic.py:97] Adding Objective to the task
CALLBACK : Number of constraints : 166692
[conic bundle] factor=0.01 x 163161 contraintes dualisables candidates => 1632 reellement dualisees (les 161529 autres relachees mais jamais penalisees)
  [cb_native dynamic calibration] h(0)=3.001698 pool_initial=50/1632
[cb_native dynamic] h(0)=3.001698 > positivity_threshold=1e-06 -- arret immediat (stop_when_positive).
[conic bundle] data_index=31 target=4 optimal_value=3.0016977831795693 n_iter=0 (41.10s)
Initializing TargetedSDP...
Creating list of ytargets...
K :  10
self.n :  [784 100 100 100 100 100 100 100 100 100  10]
Getting to compute bounds...
STUDY : use active neurons:  True use inactive neurons:  False
STUDY : Nb Stable neurons :  433
Number of cuts to test: 1
Cuts to test: [['RLT', 'triangularization']]
Initializing MosekClassicHandler

 
 folder name dans handler:  /lustre/fswork/projects/rech/llc/uvq13au/FastSDPCertification/results/benchmark/9x100-0.026/2026_10_02_00h37_33s_battery-targeted-rlt-notcert
LAST_LAYER in resolve_layer_groups :  False
K :  10
CHORDAL_DECOMPOSITION  in resolve layer groups:  True
INPUT_IN_VARIABLES in resolve_layer_groups :  True
Taille de la matrice pour le groupe 0 [0, 1] : 826
Taille de la matrice pour le groupe 1 [1, 2] : 110
Taille de la matrice pour le groupe 2 [2, 3] : 121
Taille de la matrice pour le groupe 3 [3, 4] : 101
Taille de la matrice pour le groupe 4 [4, 5] : 85
Taille de la matrice pour le groupe 5 [5, 6] : 84
Taille de la matrice pour le groupe 6 [6, 7] : 99
Taille de la matrice pour le groupe 7 [7, 8] : 108
Taille de la matrice pour le groupe 8 [8, 9] : 120
Neurones stables actives:  set()
Neurones stables inactives:  {(7, 17), (1, 95), (7, 26), (7, 35), (5, 65), (8, 9), (5, 74), (9, 72), (5, 83), (5, 92), (6, 57), (9, 90), (6, 66), (6, 75), (6, 84), (3, 6), (2, 50), (3, 15), (4, 87), (3, 42), (7, 3), (1, 81), (1, 90), (7, 21), (1, 99), (5, 60), (5, 69), (6, 34), (9, 67), (5, 87), (5, 96), (6, 61), (6, 70), (2, 54), (3, 28), (4, 82), (3, 37), (1, 76), (1, 85), (5, 46), (9, 44), (5, 55), (6, 38), (5, 82), (8, 84), (8, 93), (3, 5), (3, 14), (4, 68), (1, 53), (4, 86), (1, 62), (1, 71), (7, 2), (1, 80), (7, 11), (9, 30), (5, 41), (1, 89), (9, 39), (5, 68), (9, 66), (5, 77), (6, 42), (7, 96), (8, 70), (8, 79), (8, 88), (2, 17), (3, 0), (3, 9), (4, 81), (1, 57), (4, 99), (5, 27), (1, 75), (9, 25), (5, 36), (5, 54), (6, 19), (9, 52), (5, 63), (6, 28), (8, 65), (8, 74), (8, 83), (4, 49), (4, 58), (1, 34), (1, 43), (1, 61), (9, 11), (5, 22), (1, 70), (5, 31), (5, 40), (6, 5), (9, 47), (5, 58), (8, 51), (8, 78), (2, 7), (4, 44), (1, 47), (4, 80), (5, 8), (5, 17), (1, 65), (3, 84), (9, 15), (5, 26), (3, 93), (5, 35), (6, 0), (9, 33), (5, 44), (7, 63), (7, 72), (7, 90), (8, 55), (2, 2), (8, 82), (4, 30), (4, 39), (1, 15), (1, 24), (1, 42), (5, 3), (1, 51), (3, 70), (5, 21), (3, 88), (9, 19), (5, 39), (6, 4), (6, 13), (7, 67), (8, 32), (7, 76), (8, 68), (4, 34), (4, 43), (1, 19), (4, 61), (1, 37), (3, 74), (3, 92), (7, 53), (7, 62), (8, 27), (8, 36), (8, 54), (4, 11), (6, 93), (4, 20), (4, 38), (1, 14), (4, 47), (1, 32), (2, 86), (2, 95), (3, 60), (5, 2), (3, 69), (5, 11), (7, 39), (8, 13), (7, 66), (8, 31), (7, 75), (9, 94), (8, 49), (4, 15), (6, 97), (4, 24), (1, 0), (1, 9), (1, 18), (3, 46), (3, 55), (5, 6), (7, 25), (3, 73), (7, 43), (8, 17), (9, 98), (6, 74), (4, 1), (6, 83), (6, 92), (4, 19), (1, 4), (3, 32), (2, 85), (3, 50), (2, 94), (7, 20), (9, 75), (5, 86), (6, 60), (9, 93), (6, 69), (6, 78), (4, 5), (2, 44), (2, 62), (3, 27), (2, 80), (3, 45), (7, 6), (7, 15), (3, 63), (7, 24), (8, 7), (5, 72), (8, 16), (9, 70), (5, 81), (9, 79), (5, 90), (6, 55), (6, 73), (4, 0), (6, 82), (4, 9), (3, 22), (2, 75), (3, 40), (3, 49), (7, 28), (7, 37), (9, 56), (9, 65), (5, 76), (6, 41), (5, 85), (6, 50), (9, 83), (6, 59), (6, 68), (8, 96), (3, 17), (4, 89), (3, 44), (4, 98), (1, 83), (7, 14), (1, 92), (7, 23), (5, 62), (6, 27), (6, 36), (6, 63), (2, 38), (2, 47), (3, 12), (1, 69), (1, 78), (7, 9), (1, 87), (9, 37), (5, 48), (5, 57), (5, 66), (6, 31), (5, 84), (8, 86), (8, 95), (2, 24), (2, 42), (3, 7), (3, 16), (4, 70), (3, 25), (4, 79), (4, 88), (1, 64), (4, 97), (7, 4), (1, 82), (5, 43), (1, 91), (6, 8), (5, 52), (5, 61), (9, 59), (5, 70), (6, 35), (2, 10), (2, 37), (3, 11), (4, 74), (1, 50), (4, 83), (1, 59), (4, 92), (1, 68), (1, 77), (9, 27), (6, 3), (6, 12), (6, 21), (9, 54), (6, 30), (6, 39), (8, 58), (8, 67), (8, 76), (2, 5), (8, 94), (4, 51), (1, 27), (1, 36), (4, 78), (9, 4), (5, 15), (1, 63), (9, 22), (5, 33), (5, 42), (6, 7), (9, 40), (5, 51), (7, 79), (7, 88), (7, 97), (8, 62), (2, 0), (8, 80), (2, 18), (1, 22), (4, 55), (1, 31), (4, 64), (4, 73), (5, 1), (5, 10), (1, 58), (3, 95), (9, 26), (9, 35), (6, 11), (7, 65), (6, 20), (7, 74), (8, 48), (7, 92), (8, 75), (4, 23), (4, 50), (1, 44), (2, 98), (3, 72), (3, 90), (5, 32), (6, 6), (8, 25), (7, 78), (8, 43), (4, 45), (1, 21), (2, 84), (1, 39), (3, 58), (5, 0), (5, 9), (3, 76), (9, 7), (7, 46), (7, 55), (7, 64), (7, 73), (7, 82), (8, 56), (6, 86), (4, 13), (6, 95), (4, 31), (1, 7), (4, 40), (1, 16), (2, 70), (1, 25), (2, 79), (2, 88), (5, 4), (5, 13), (7, 32), (8, 6), (8, 24), (8, 33), (9, 87), (5, 98), (6, 72), (4, 8), (6, 99), (4, 26), (1, 2), (1, 11), (2, 74), (3, 39), (7, 18), (3, 66), (3, 75), (7, 36), (8, 19), (8, 28), (9, 82), (6, 76), (4, 3), (6, 85), (4, 12), (6, 94), (1, 6), (3, 43), (3, 52), (7, 13), (7, 22), (8, 5), (7, 49), (5, 79), (5, 88), (6, 53), (9, 86), (5, 97), (4, 7), (4, 16), (2, 46), (2, 55), (2, 64), (2, 82), (3, 47), (3, 56)}
Adjusting MOSEK solver parameters
MOSEK time limit set to 180s
Adding objective function for Lan
Initializing variables...
CALLBACK num variables : 776016
Adding ReLU constraints for layer 1
Adding ReLU constraints for layer 2
Adding ReLU constraints for layer 3
Adding ReLU constraints for layer 4
Adding ReLU constraints for layer 5
Adding ReLU constraints for layer 6
Adding ReLU constraints for layer 7
Adding ReLU constraints for layer 8
Adding ReLU constraints for layer 9
Adding quadratic bounds constraint
Adding quadratic bounds constraint for layer 0
Adding quadratic bounds constraint for layer 1
Adding quadratic bounds constraint for layer 2
Adding quadratic bounds constraint for layer 3
Adding quadratic bounds constraint for layer 4
Adding quadratic bounds constraint for layer 5
Adding quadratic bounds constraint for layer 6
Adding quadratic bounds constraint for layer 7
Adding quadratic bounds constraint for layer 8
Adding quadratic bounds constraint for layer 9
Adding RLT constraint (compact)
Indexes pruned for layer 1 : []
Indexes pruned for layer 2 : [0, 2, 4, 6, 7, 9, 11, 14, 15, 16, 18, 19, 21, 22, 24, 25, 27, 31, 32, 34, 36, 37, 39, 42, 43, 44, 47, 50, 51, 53, 57, 58, 59, 61, 62, 63, 64, 65, 68, 69, 70, 71, 75, 76, 77, 78, 80, 81, 82, 83, 85, 87, 89, 90, 91, 92, 95, 99]
Indexes pruned for layer 3 : [0, 2, 5, 7, 10, 17, 18, 24, 37, 38, 42, 44, 46, 47, 50, 54, 55, 62, 64, 70, 74, 75, 79, 80, 82, 84, 85, 86, 88, 94, 95, 98]
Indexes pruned for layer 4 : [0, 5, 6, 7, 9, 11, 12, 14, 15, 16, 17, 22, 25, 27, 28, 32, 37, 39, 40, 42, 43, 44, 45, 46, 47, 49, 50, 52, 55, 56, 58, 60, 63, 66, 69, 70, 72, 73, 74, 75, 76, 84, 88, 90, 92, 93, 95]
Indexes pruned for layer 5 : [0, 1, 3, 5, 7, 8, 9, 11, 12, 13, 15, 16, 19, 20, 23, 24, 26, 30, 31, 34, 38, 39, 40, 43, 44, 45, 47, 49, 50, 51, 55, 58, 61, 64, 68, 70, 73, 74, 78, 79, 80, 81, 82, 83, 86, 87, 88, 89, 92, 97, 98, 99]
Indexes pruned for layer 6 : [0, 1, 2, 3, 4, 6, 8, 9, 10, 11, 13, 15, 17, 21, 22, 26, 27, 31, 32, 33, 35, 36, 39, 40, 41, 42, 43, 44, 46, 48, 51, 52, 54, 55, 57, 58, 60, 61, 62, 63, 65, 66, 68, 69, 70, 72, 74, 76, 77, 79, 81, 82, 83, 84, 85, 86, 87, 88, 90, 92, 96, 97, 98]
Indexes pruned for layer 7 : [0, 3, 4, 5, 6, 7, 8, 11, 12, 13, 19, 20, 21, 27, 28, 30, 31, 34, 35, 36, 38, 39, 41, 42, 50, 53, 55, 57, 59, 60, 61, 63, 66, 68, 69, 70, 72, 73, 74, 75, 76, 78, 82, 83, 84, 85, 86, 92, 93, 94, 95, 97, 99]
Indexes pruned for layer 8 : [2, 3, 4, 6, 9, 11, 13, 14, 15, 17, 18, 20, 21, 22, 23, 24, 25, 26, 28, 32, 35, 36, 37, 39, 43, 46, 49, 53, 55, 62, 63, 64, 65, 66, 67, 72, 73, 74, 75, 76, 78, 79, 82, 88, 90, 92, 96, 97]
Indexes pruned for layer 9 : [5, 6, 7, 9, 13, 16, 17, 19, 24, 25, 27, 28, 31, 32, 33, 36, 43, 48, 49, 51, 54, 55, 56, 58, 62, 65, 67, 68, 70, 74, 75, 76, 78, 79, 80, 82, 83, 84, 86, 88, 93, 94, 95, 96]
CALLBACK : RLT (compact) = 54387 (dont 0 en repli chemin lent)
Adding rec matrices constraint
Number of constraints for the matrix by layers: 403 for 10 layers, [784 100 100 100 100 100 100 100 100 100  10] neurons, boundary layers: [1, 2, 3, 4, 5, 6, 7, 8]
Adding first term equal zero constraint
CALLBACK : Ending constraints. Total number of constraints :  166692
Cuts in _write_presolve_row:  ['RLT', 'triangularization']
Number of constraints before optimization:  166692
Number of variables before optimization:  776016
All possible cuts:  ['RLT', 'triangularization', 'McCormick_beta_z', 'beta_logits_comparaison', 'beta_logits_comparaison_big_M', 'sum_beta_logits_equal_logit']
Cuts added to dic for _write_presolve_row:  {'RLT': True, 'triangularization': True, 'McCormick_beta_z': False, 'beta_logits_comparaison': False, 'beta_logits_comparaison_big_M': False, 'sum_beta_logits_equal_logit': False}
Writing pre-solve row to results.csv with data_index: 31 target: 5
Pre-solve row written to results.csv with data_index: 31 target: 5
Pre-solve row written to results.csv with 166692 constraints and 776016 variables.
INFO     01:24:05     [objective_classic.py:97] Adding Objective to the task
CALLBACK : Number of constraints : 166692
[conic bundle] factor=0.01 x 163161 contraintes dualisables candidates => 1632 reellement dualisees (les 161529 autres relachees mais jamais penalisees)
  [cb_native dynamic calibration] h(0)=0.740676 pool_initial=15/1632
[cb_native dynamic] h(0)=0.740676 > positivity_threshold=1e-06 -- arret immediat (stop_when_positive).
[conic bundle] data_index=31 target=5 optimal_value=0.7406756947347839 n_iter=0 (44.00s)
Initializing TargetedSDP...
Creating list of ytargets...
K :  10
self.n :  [784 100 100 100 100 100 100 100 100 100  10]
Getting to compute bounds...
STUDY : use active neurons:  True use inactive neurons:  False
STUDY : Nb Stable neurons :  433
Number of cuts to test: 1
Cuts to test: [['RLT', 'triangularization']]
Initializing MosekClassicHandler

 
 folder name dans handler:  /lustre/fswork/projects/rech/llc/uvq13au/FastSDPCertification/results/benchmark/9x100-0.026/2026_10_02_00h37_33s_battery-targeted-rlt-notcert
LAST_LAYER in resolve_layer_groups :  False
K :  10
CHORDAL_DECOMPOSITION  in resolve layer groups:  True
INPUT_IN_VARIABLES in resolve_layer_groups :  True
Taille de la matrice pour le groupe 0 [0, 1] : 826
Taille de la matrice pour le groupe 1 [1, 2] : 110
Taille de la matrice pour le groupe 2 [2, 3] : 121
Taille de la matrice pour le groupe 3 [3, 4] : 101
Taille de la matrice pour le groupe 4 [4, 5] : 85
Taille de la matrice pour le groupe 5 [5, 6] : 84
Taille de la matrice pour le groupe 6 [6, 7] : 99
Taille de la matrice pour le groupe 7 [7, 8] : 108
Taille de la matrice pour le groupe 8 [8, 9] : 120
Neurones stables actives:  set()
Neurones stables inactives:  {(7, 17), (1, 95), (7, 26), (7, 35), (5, 65), (8, 9), (5, 74), (9, 72), (5, 83), (5, 92), (6, 57), (9, 90), (6, 66), (6, 75), (6, 84), (3, 6), (2, 50), (3, 15), (4, 87), (3, 42), (7, 3), (1, 81), (1, 90), (7, 21), (1, 99), (5, 60), (5, 69), (6, 34), (9, 67), (5, 87), (5, 96), (6, 61), (6, 70), (2, 54), (3, 28), (4, 82), (3, 37), (1, 76), (1, 85), (5, 46), (9, 44), (5, 55), (6, 38), (5, 82), (8, 84), (8, 93), (3, 5), (3, 14), (4, 68), (1, 53), (4, 86), (1, 62), (1, 71), (7, 2), (1, 80), (7, 11), (9, 30), (5, 41), (1, 89), (9, 39), (5, 68), (9, 66), (5, 77), (6, 42), (7, 96), (8, 70), (8, 79), (8, 88), (2, 17), (3, 0), (3, 9), (4, 81), (1, 57), (4, 99), (5, 27), (1, 75), (9, 25), (5, 36), (5, 54), (6, 19), (9, 52), (5, 63), (6, 28), (8, 65), (8, 74), (8, 83), (4, 49), (4, 58), (1, 34), (1, 43), (1, 61), (9, 11), (5, 22), (1, 70), (5, 31), (5, 40), (6, 5), (9, 47), (5, 58), (8, 51), (8, 78), (2, 7), (4, 44), (1, 47), (4, 80), (5, 8), (5, 17), (1, 65), (3, 84), (9, 15), (5, 26), (3, 93), (5, 35), (6, 0), (9, 33), (5, 44), (7, 63), (7, 72), (7, 90), (8, 55), (2, 2), (8, 82), (4, 30), (4, 39), (1, 15), (1, 24), (1, 42), (5, 3), (1, 51), (3, 70), (5, 21), (3, 88), (9, 19), (5, 39), (6, 4), (6, 13), (7, 67), (8, 32), (7, 76), (8, 68), (4, 34), (4, 43), (1, 19), (4, 61), (1, 37), (3, 74), (3, 92), (7, 53), (7, 62), (8, 27), (8, 36), (8, 54), (4, 11), (6, 93), (4, 20), (4, 38), (1, 14), (4, 47), (1, 32), (2, 86), (2, 95), (3, 60), (5, 2), (3, 69), (5, 11), (7, 39), (8, 13), (7, 66), (8, 31), (7, 75), (9, 94), (8, 49), (4, 15), (6, 97), (4, 24), (1, 0), (1, 9), (1, 18), (3, 46), (3, 55), (5, 6), (7, 25), (3, 73), (7, 43), (8, 17), (9, 98), (6, 74), (4, 1), (6, 83), (6, 92), (4, 19), (1, 4), (3, 32), (2, 85), (3, 50), (2, 94), (7, 20), (9, 75), (5, 86), (6, 60), (9, 93), (6, 69), (6, 78), (4, 5), (2, 44), (2, 62), (3, 27), (2, 80), (3, 45), (7, 6), (7, 15), (3, 63), (7, 24), (8, 7), (5, 72), (8, 16), (9, 70), (5, 81), (9, 79), (5, 90), (6, 55), (6, 73), (4, 0), (6, 82), (4, 9), (3, 22), (2, 75), (3, 40), (3, 49), (7, 28), (7, 37), (9, 56), (9, 65), (5, 76), (6, 41), (5, 85), (6, 50), (9, 83), (6, 59), (6, 68), (8, 96), (3, 17), (4, 89), (3, 44), (4, 98), (1, 83), (7, 14), (1, 92), (7, 23), (5, 62), (6, 27), (6, 36), (6, 63), (2, 38), (2, 47), (3, 12), (1, 69), (1, 78), (7, 9), (1, 87), (9, 37), (5, 48), (5, 57), (5, 66), (6, 31), (5, 84), (8, 86), (8, 95), (2, 24), (2, 42), (3, 7), (3, 16), (4, 70), (3, 25), (4, 79), (4, 88), (1, 64), (4, 97), (7, 4), (1, 82), (5, 43), (1, 91), (6, 8), (5, 52), (5, 61), (9, 59), (5, 70), (6, 35), (2, 10), (2, 37), (3, 11), (4, 74), (1, 50), (4, 83), (1, 59), (4, 92), (1, 68), (1, 77), (9, 27), (6, 3), (6, 12), (6, 21), (9, 54), (6, 30), (6, 39), (8, 58), (8, 67), (8, 76), (2, 5), (8, 94), (4, 51), (1, 27), (1, 36), (4, 78), (9, 4), (5, 15), (1, 63), (9, 22), (5, 33), (5, 42), (6, 7), (9, 40), (5, 51), (7, 79), (7, 88), (7, 97), (8, 62), (2, 0), (8, 80), (2, 18), (1, 22), (4, 55), (1, 31), (4, 64), (4, 73), (5, 1), (5, 10), (1, 58), (3, 95), (9, 26), (9, 35), (6, 11), (7, 65), (6, 20), (7, 74), (8, 48), (7, 92), (8, 75), (4, 23), (4, 50), (1, 44), (2, 98), (3, 72), (3, 90), (5, 32), (6, 6), (8, 25), (7, 78), (8, 43), (4, 45), (1, 21), (2, 84), (1, 39), (3, 58), (5, 0), (5, 9), (3, 76), (9, 7), (7, 46), (7, 55), (7, 64), (7, 73), (7, 82), (8, 56), (6, 86), (4, 13), (6, 95), (4, 31), (1, 7), (4, 40), (1, 16), (2, 70), (1, 25), (2, 79), (2, 88), (5, 4), (5, 13), (7, 32), (8, 6), (8, 24), (8, 33), (9, 87), (5, 98), (6, 72), (4, 8), (6, 99), (4, 26), (1, 2), (1, 11), (2, 74), (3, 39), (7, 18), (3, 66), (3, 75), (7, 36), (8, 19), (8, 28), (9, 82), (6, 76), (4, 3), (6, 85), (4, 12), (6, 94), (1, 6), (3, 43), (3, 52), (7, 13), (7, 22), (8, 5), (7, 49), (5, 79), (5, 88), (6, 53), (9, 86), (5, 97), (4, 7), (4, 16), (2, 46), (2, 55), (2, 64), (2, 82), (3, 47), (3, 56)}
Adjusting MOSEK solver parameters
MOSEK time limit set to 180s
Adding objective function for Lan
Initializing variables...
CALLBACK num variables : 776016
Adding ReLU constraints for layer 1
Adding ReLU constraints for layer 2
Adding ReLU constraints for layer 3
Adding ReLU constraints for layer 4
Adding ReLU constraints for layer 5
Adding ReLU constraints for layer 6
Adding ReLU constraints for layer 7
Adding ReLU constraints for layer 8
Adding ReLU constraints for layer 9
Adding quadratic bounds constraint
Adding quadratic bounds constraint for layer 0
Adding quadratic bounds constraint for layer 1
Adding quadratic bounds constraint for layer 2
Adding quadratic bounds constraint for layer 3
Adding quadratic bounds constraint for layer 4
Adding quadratic bounds constraint for layer 5
Adding quadratic bounds constraint for layer 6
Adding quadratic bounds constraint for layer 7
Adding quadratic bounds constraint for layer 8
Adding quadratic bounds constraint for layer 9
Adding RLT constraint (compact)
Indexes pruned for layer 1 : []
Indexes pruned for layer 2 : [0, 2, 4, 6, 7, 9, 11, 14, 15, 16, 18, 19, 21, 22, 24, 25, 27, 31, 32, 34, 36, 37, 39, 42, 43, 44, 47, 50, 51, 53, 57, 58, 59, 61, 62, 63, 64, 65, 68, 69, 70, 71, 75, 76, 77, 78, 80, 81, 82, 83, 85, 87, 89, 90, 91, 92, 95, 99]
Indexes pruned for layer 3 : [0, 2, 5, 7, 10, 17, 18, 24, 37, 38, 42, 44, 46, 47, 50, 54, 55, 62, 64, 70, 74, 75, 79, 80, 82, 84, 85, 86, 88, 94, 95, 98]
Indexes pruned for layer 4 : [0, 5, 6, 7, 9, 11, 12, 14, 15, 16, 17, 22, 25, 27, 28, 32, 37, 39, 40, 42, 43, 44, 45, 46, 47, 49, 50, 52, 55, 56, 58, 60, 63, 66, 69, 70, 72, 73, 74, 75, 76, 84, 88, 90, 92, 93, 95]
Indexes pruned for layer 5 : [0, 1, 3, 5, 7, 8, 9, 11, 12, 13, 15, 16, 19, 20, 23, 24, 26, 30, 31, 34, 38, 39, 40, 43, 44, 45, 47, 49, 50, 51, 55, 58, 61, 64, 68, 70, 73, 74, 78, 79, 80, 81, 82, 83, 86, 87, 88, 89, 92, 97, 98, 99]
Indexes pruned for layer 6 : [0, 1, 2, 3, 4, 6, 8, 9, 10, 11, 13, 15, 17, 21, 22, 26, 27, 31, 32, 33, 35, 36, 39, 40, 41, 42, 43, 44, 46, 48, 51, 52, 54, 55, 57, 58, 60, 61, 62, 63, 65, 66, 68, 69, 70, 72, 74, 76, 77, 79, 81, 82, 83, 84, 85, 86, 87, 88, 90, 92, 96, 97, 98]
Indexes pruned for layer 7 : [0, 3, 4, 5, 6, 7, 8, 11, 12, 13, 19, 20, 21, 27, 28, 30, 31, 34, 35, 36, 38, 39, 41, 42, 50, 53, 55, 57, 59, 60, 61, 63, 66, 68, 69, 70, 72, 73, 74, 75, 76, 78, 82, 83, 84, 85, 86, 92, 93, 94, 95, 97, 99]
Indexes pruned for layer 8 : [2, 3, 4, 6, 9, 11, 13, 14, 15, 17, 18, 20, 21, 22, 23, 24, 25, 26, 28, 32, 35, 36, 37, 39, 43, 46, 49, 53, 55, 62, 63, 64, 65, 66, 67, 72, 73, 74, 75, 76, 78, 79, 82, 88, 90, 92, 96, 97]
Indexes pruned for layer 9 : [5, 6, 7, 9, 13, 16, 17, 19, 24, 25, 27, 28, 31, 32, 33, 36, 43, 48, 49, 51, 54, 55, 56, 58, 62, 65, 67, 68, 70, 74, 75, 76, 78, 79, 80, 82, 83, 84, 86, 88, 93, 94, 95, 96]
CALLBACK : RLT (compact) = 54387 (dont 0 en repli chemin lent)
Adding rec matrices constraint
Number of constraints for the matrix by layers: 403 for 10 layers, [784 100 100 100 100 100 100 100 100 100  10] neurons, boundary layers: [1, 2, 3, 4, 5, 6, 7, 8]
Adding first term equal zero constraint
CALLBACK : Ending constraints. Total number of constraints :  166692
Cuts in _write_presolve_row:  ['RLT', 'triangularization']
Number of constraints before optimization:  166692
Number of variables before optimization:  776016
All possible cuts:  ['RLT', 'triangularization', 'McCormick_beta_z', 'beta_logits_comparaison', 'beta_logits_comparaison_big_M', 'sum_beta_logits_equal_logit']
Cuts added to dic for _write_presolve_row:  {'RLT': True, 'triangularization': True, 'McCormick_beta_z': False, 'beta_logits_comparaison': False, 'beta_logits_comparaison_big_M': False, 'sum_beta_logits_equal_logit': False}
Writing pre-solve row to results.csv with data_index: 31 target: 6
Pre-solve row written to results.csv with data_index: 31 target: 6
Pre-solve row written to results.csv with 166692 constraints and 776016 variables.
INFO     01:24:51     [objective_classic.py:97] Adding Objective to the task
CALLBACK : Number of constraints : 166692
[conic bundle] factor=0.01 x 163161 contraintes dualisables candidates => 1632 reellement dualisees (les 161529 autres relachees mais jamais penalisees)
  [cb_native dynamic calibration] h(0)=11.417475 pool_initial=50/1632
[cb_native dynamic] h(0)=11.417475 > positivity_threshold=1e-06 -- arret immediat (stop_when_positive).
[conic bundle] data_index=31 target=6 optimal_value=11.417474677952004 n_iter=0 (73.66s)
Initializing TargetedSDP...
Creating list of ytargets...
K :  10
self.n :  [784 100 100 100 100 100 100 100 100 100  10]
Getting to compute bounds...
STUDY : use active neurons:  True use inactive neurons:  False
STUDY : Nb Stable neurons :  433
Number of cuts to test: 1
Cuts to test: [['RLT', 'triangularization']]
Initializing MosekClassicHandler

 
 folder name dans handler:  /lustre/fswork/projects/rech/llc/uvq13au/FastSDPCertification/results/benchmark/9x100-0.026/2026_10_02_00h37_33s_battery-targeted-rlt-notcert
LAST_LAYER in resolve_layer_groups :  False
K :  10
CHORDAL_DECOMPOSITION  in resolve layer groups:  True
INPUT_IN_VARIABLES in resolve_layer_groups :  True
Taille de la matrice pour le groupe 0 [0, 1] : 826
Taille de la matrice pour le groupe 1 [1, 2] : 110
Taille de la matrice pour le groupe 2 [2, 3] : 121
Taille de la matrice pour le groupe 3 [3, 4] : 101
Taille de la matrice pour le groupe 4 [4, 5] : 85
Taille de la matrice pour le groupe 5 [5, 6] : 84
Taille de la matrice pour le groupe 6 [6, 7] : 99
Taille de la matrice pour le groupe 7 [7, 8] : 108
Taille de la matrice pour le groupe 8 [8, 9] : 120
Neurones stables actives:  set()
Neurones stables inactives:  {(7, 17), (1, 95), (7, 26), (7, 35), (5, 65), (8, 9), (5, 74), (9, 72), (5, 83), (5, 92), (6, 57), (9, 90), (6, 66), (6, 75), (6, 84), (3, 6), (2, 50), (3, 15), (4, 87), (3, 42), (7, 3), (1, 81), (1, 90), (7, 21), (1, 99), (5, 60), (5, 69), (6, 34), (9, 67), (5, 87), (5, 96), (6, 61), (6, 70), (2, 54), (3, 28), (4, 82), (3, 37), (1, 76), (1, 85), (5, 46), (9, 44), (5, 55), (6, 38), (5, 82), (8, 84), (8, 93), (3, 5), (3, 14), (4, 68), (1, 53), (4, 86), (1, 62), (1, 71), (7, 2), (1, 80), (7, 11), (9, 30), (5, 41), (1, 89), (9, 39), (5, 68), (9, 66), (5, 77), (6, 42), (7, 96), (8, 70), (8, 79), (8, 88), (2, 17), (3, 0), (3, 9), (4, 81), (1, 57), (4, 99), (5, 27), (1, 75), (9, 25), (5, 36), (5, 54), (6, 19), (9, 52), (5, 63), (6, 28), (8, 65), (8, 74), (8, 83), (4, 49), (4, 58), (1, 34), (1, 43), (1, 61), (9, 11), (5, 22), (1, 70), (5, 31), (5, 40), (6, 5), (9, 47), (5, 58), (8, 51), (8, 78), (2, 7), (4, 44), (1, 47), (4, 80), (5, 8), (5, 17), (1, 65), (3, 84), (9, 15), (5, 26), (3, 93), (5, 35), (6, 0), (9, 33), (5, 44), (7, 63), (7, 72), (7, 90), (8, 55), (2, 2), (8, 82), (4, 30), (4, 39), (1, 15), (1, 24), (1, 42), (5, 3), (1, 51), (3, 70), (5, 21), (3, 88), (9, 19), (5, 39), (6, 4), (6, 13), (7, 67), (8, 32), (7, 76), (8, 68), (4, 34), (4, 43), (1, 19), (4, 61), (1, 37), (3, 74), (3, 92), (7, 53), (7, 62), (8, 27), (8, 36), (8, 54), (4, 11), (6, 93), (4, 20), (4, 38), (1, 14), (4, 47), (1, 32), (2, 86), (2, 95), (3, 60), (5, 2), (3, 69), (5, 11), (7, 39), (8, 13), (7, 66), (8, 31), (7, 75), (9, 94), (8, 49), (4, 15), (6, 97), (4, 24), (1, 0), (1, 9), (1, 18), (3, 46), (3, 55), (5, 6), (7, 25), (3, 73), (7, 43), (8, 17), (9, 98), (6, 74), (4, 1), (6, 83), (6, 92), (4, 19), (1, 4), (3, 32), (2, 85), (3, 50), (2, 94), (7, 20), (9, 75), (5, 86), (6, 60), (9, 93), (6, 69), (6, 78), (4, 5), (2, 44), (2, 62), (3, 27), (2, 80), (3, 45), (7, 6), (7, 15), (3, 63), (7, 24), (8, 7), (5, 72), (8, 16), (9, 70), (5, 81), (9, 79), (5, 90), (6, 55), (6, 73), (4, 0), (6, 82), (4, 9), (3, 22), (2, 75), (3, 40), (3, 49), (7, 28), (7, 37), (9, 56), (9, 65), (5, 76), (6, 41), (5, 85), (6, 50), (9, 83), (6, 59), (6, 68), (8, 96), (3, 17), (4, 89), (3, 44), (4, 98), (1, 83), (7, 14), (1, 92), (7, 23), (5, 62), (6, 27), (6, 36), (6, 63), (2, 38), (2, 47), (3, 12), (1, 69), (1, 78), (7, 9), (1, 87), (9, 37), (5, 48), (5, 57), (5, 66), (6, 31), (5, 84), (8, 86), (8, 95), (2, 24), (2, 42), (3, 7), (3, 16), (4, 70), (3, 25), (4, 79), (4, 88), (1, 64), (4, 97), (7, 4), (1, 82), (5, 43), (1, 91), (6, 8), (5, 52), (5, 61), (9, 59), (5, 70), (6, 35), (2, 10), (2, 37), (3, 11), (4, 74), (1, 50), (4, 83), (1, 59), (4, 92), (1, 68), (1, 77), (9, 27), (6, 3), (6, 12), (6, 21), (9, 54), (6, 30), (6, 39), (8, 58), (8, 67), (8, 76), (2, 5), (8, 94), (4, 51), (1, 27), (1, 36), (4, 78), (9, 4), (5, 15), (1, 63), (9, 22), (5, 33), (5, 42), (6, 7), (9, 40), (5, 51), (7, 79), (7, 88), (7, 97), (8, 62), (2, 0), (8, 80), (2, 18), (1, 22), (4, 55), (1, 31), (4, 64), (4, 73), (5, 1), (5, 10), (1, 58), (3, 95), (9, 26), (9, 35), (6, 11), (7, 65), (6, 20), (7, 74), (8, 48), (7, 92), (8, 75), (4, 23), (4, 50), (1, 44), (2, 98), (3, 72), (3, 90), (5, 32), (6, 6), (8, 25), (7, 78), (8, 43), (4, 45), (1, 21), (2, 84), (1, 39), (3, 58), (5, 0), (5, 9), (3, 76), (9, 7), (7, 46), (7, 55), (7, 64), (7, 73), (7, 82), (8, 56), (6, 86), (4, 13), (6, 95), (4, 31), (1, 7), (4, 40), (1, 16), (2, 70), (1, 25), (2, 79), (2, 88), (5, 4), (5, 13), (7, 32), (8, 6), (8, 24), (8, 33), (9, 87), (5, 98), (6, 72), (4, 8), (6, 99), (4, 26), (1, 2), (1, 11), (2, 74), (3, 39), (7, 18), (3, 66), (3, 75), (7, 36), (8, 19), (8, 28), (9, 82), (6, 76), (4, 3), (6, 85), (4, 12), (6, 94), (1, 6), (3, 43), (3, 52), (7, 13), (7, 22), (8, 5), (7, 49), (5, 79), (5, 88), (6, 53), (9, 86), (5, 97), (4, 7), (4, 16), (2, 46), (2, 55), (2, 64), (2, 82), (3, 47), (3, 56)}
Adjusting MOSEK solver parameters
MOSEK time limit set to 180s
Adding objective function for Lan
Initializing variables...
CALLBACK num variables : 776016
Adding ReLU constraints for layer 1
Adding ReLU constraints for layer 2
Adding ReLU constraints for layer 3
Adding ReLU constraints for layer 4
Adding ReLU constraints for layer 5
Adding ReLU constraints for layer 6
Adding ReLU constraints for layer 7
Adding ReLU constraints for layer 8
Adding ReLU constraints for layer 9
Adding quadratic bounds constraint
Adding quadratic bounds constraint for layer 0
Adding quadratic bounds constraint for layer 1
Adding quadratic bounds constraint for layer 2
Adding quadratic bounds constraint for layer 3
Adding quadratic bounds constraint for layer 4
Adding quadratic bounds constraint for layer 5
Adding quadratic bounds constraint for layer 6
Adding quadratic bounds constraint for layer 7
Adding quadratic bounds constraint for layer 8
Adding quadratic bounds constraint for layer 9
Adding RLT constraint (compact)
Indexes pruned for layer 1 : []
Indexes pruned for layer 2 : [0, 2, 4, 6, 7, 9, 11, 14, 15, 16, 18, 19, 21, 22, 24, 25, 27, 31, 32, 34, 36, 37, 39, 42, 43, 44, 47, 50, 51, 53, 57, 58, 59, 61, 62, 63, 64, 65, 68, 69, 70, 71, 75, 76, 77, 78, 80, 81, 82, 83, 85, 87, 89, 90, 91, 92, 95, 99]
Indexes pruned for layer 3 : [0, 2, 5, 7, 10, 17, 18, 24, 37, 38, 42, 44, 46, 47, 50, 54, 55, 62, 64, 70, 74, 75, 79, 80, 82, 84, 85, 86, 88, 94, 95, 98]
Indexes pruned for layer 4 : [0, 5, 6, 7, 9, 11, 12, 14, 15, 16, 17, 22, 25, 27, 28, 32, 37, 39, 40, 42, 43, 44, 45, 46, 47, 49, 50, 52, 55, 56, 58, 60, 63, 66, 69, 70, 72, 73, 74, 75, 76, 84, 88, 90, 92, 93, 95]
Indexes pruned for layer 5 : [0, 1, 3, 5, 7, 8, 9, 11, 12, 13, 15, 16, 19, 20, 23, 24, 26, 30, 31, 34, 38, 39, 40, 43, 44, 45, 47, 49, 50, 51, 55, 58, 61, 64, 68, 70, 73, 74, 78, 79, 80, 81, 82, 83, 86, 87, 88, 89, 92, 97, 98, 99]
Indexes pruned for layer 6 : [0, 1, 2, 3, 4, 6, 8, 9, 10, 11, 13, 15, 17, 21, 22, 26, 27, 31, 32, 33, 35, 36, 39, 40, 41, 42, 43, 44, 46, 48, 51, 52, 54, 55, 57, 58, 60, 61, 62, 63, 65, 66, 68, 69, 70, 72, 74, 76, 77, 79, 81, 82, 83, 84, 85, 86, 87, 88, 90, 92, 96, 97, 98]
Indexes pruned for layer 7 : [0, 3, 4, 5, 6, 7, 8, 11, 12, 13, 19, 20, 21, 27, 28, 30, 31, 34, 35, 36, 38, 39, 41, 42, 50, 53, 55, 57, 59, 60, 61, 63, 66, 68, 69, 70, 72, 73, 74, 75, 76, 78, 82, 83, 84, 85, 86, 92, 93, 94, 95, 97, 99]
Indexes pruned for layer 8 : [2, 3, 4, 6, 9, 11, 13, 14, 15, 17, 18, 20, 21, 22, 23, 24, 25, 26, 28, 32, 35, 36, 37, 39, 43, 46, 49, 53, 55, 62, 63, 64, 65, 66, 67, 72, 73, 74, 75, 76, 78, 79, 82, 88, 90, 92, 96, 97]
Indexes pruned for layer 9 : [5, 6, 7, 9, 13, 16, 17, 19, 24, 25, 27, 28, 31, 32, 33, 36, 43, 48, 49, 51, 54, 55, 56, 58, 62, 65, 67, 68, 70, 74, 75, 76, 78, 79, 80, 82, 83, 84, 86, 88, 93, 94, 95, 96]
CALLBACK : RLT (compact) = 54387 (dont 0 en repli chemin lent)
Adding rec matrices constraint
Number of constraints for the matrix by layers: 403 for 10 layers, [784 100 100 100 100 100 100 100 100 100  10] neurons, boundary layers: [1, 2, 3, 4, 5, 6, 7, 8]
Adding first term equal zero constraint
CALLBACK : Ending constraints. Total number of constraints :  166692
Cuts in _write_presolve_row:  ['RLT', 'triangularization']
Number of constraints before optimization:  166692
Number of variables before optimization:  776016
All possible cuts:  ['RLT', 'triangularization', 'McCormick_beta_z', 'beta_logits_comparaison', 'beta_logits_comparaison_big_M', 'sum_beta_logits_equal_logit']
Cuts added to dic for _write_presolve_row:  {'RLT': True, 'triangularization': True, 'McCormick_beta_z': False, 'beta_logits_comparaison': False, 'beta_logits_comparaison_big_M': False, 'sum_beta_logits_equal_logit': False}
Writing pre-solve row to results.csv with data_index: 31 target: 7
Pre-solve row written to results.csv with data_index: 31 target: 7
Pre-solve row written to results.csv with 166692 constraints and 776016 variables.
INFO     01:26:07     [objective_classic.py:97] Adding Objective to the task
CALLBACK : Number of constraints : 166692
[conic bundle] factor=0.01 x 163161 contraintes dualisables candidates => 1632 reellement dualisees (les 161529 autres relachees mais jamais penalisees)
  [cb_native dynamic calibration] h(0)=1.766793 pool_initial=47/1632
[cb_native dynamic] h(0)=1.766793 > positivity_threshold=1e-06 -- arret immediat (stop_when_positive).
[conic bundle] data_index=31 target=7 optimal_value=1.766793180479733 n_iter=0 (41.67s)
Initializing TargetedSDP...
Creating list of ytargets...
K :  10
self.n :  [784 100 100 100 100 100 100 100 100 100  10]
Getting to compute bounds...
STUDY : use active neurons:  True use inactive neurons:  False
STUDY : Nb Stable neurons :  433
Number of cuts to test: 1
Cuts to test: [['RLT', 'triangularization']]
Initializing MosekClassicHandler

 
 folder name dans handler:  /lustre/fswork/projects/rech/llc/uvq13au/FastSDPCertification/results/benchmark/9x100-0.026/2026_10_02_00h37_33s_battery-targeted-rlt-notcert
LAST_LAYER in resolve_layer_groups :  False
K :  10
CHORDAL_DECOMPOSITION  in resolve layer groups:  True
INPUT_IN_VARIABLES in resolve_layer_groups :  True
Taille de la matrice pour le groupe 0 [0, 1] : 826
Taille de la matrice pour le groupe 1 [1, 2] : 110
Taille de la matrice pour le groupe 2 [2, 3] : 121
Taille de la matrice pour le groupe 3 [3, 4] : 101
Taille de la matrice pour le groupe 4 [4, 5] : 85
Taille de la matrice pour le groupe 5 [5, 6] : 84
Taille de la matrice pour le groupe 6 [6, 7] : 99
Taille de la matrice pour le groupe 7 [7, 8] : 108
Taille de la matrice pour le groupe 8 [8, 9] : 120
Neurones stables actives:  set()
Neurones stables inactives:  {(7, 17), (1, 95), (7, 26), (7, 35), (5, 65), (8, 9), (5, 74), (9, 72), (5, 83), (5, 92), (6, 57), (9, 90), (6, 66), (6, 75), (6, 84), (3, 6), (2, 50), (3, 15), (4, 87), (3, 42), (7, 3), (1, 81), (1, 90), (7, 21), (1, 99), (5, 60), (5, 69), (6, 34), (9, 67), (5, 87), (5, 96), (6, 61), (6, 70), (2, 54), (3, 28), (4, 82), (3, 37), (1, 76), (1, 85), (5, 46), (9, 44), (5, 55), (6, 38), (5, 82), (8, 84), (8, 93), (3, 5), (3, 14), (4, 68), (1, 53), (4, 86), (1, 62), (1, 71), (7, 2), (1, 80), (7, 11), (9, 30), (5, 41), (1, 89), (9, 39), (5, 68), (9, 66), (5, 77), (6, 42), (7, 96), (8, 70), (8, 79), (8, 88), (2, 17), (3, 0), (3, 9), (4, 81), (1, 57), (4, 99), (5, 27), (1, 75), (9, 25), (5, 36), (5, 54), (6, 19), (9, 52), (5, 63), (6, 28), (8, 65), (8, 74), (8, 83), (4, 49), (4, 58), (1, 34), (1, 43), (1, 61), (9, 11), (5, 22), (1, 70), (5, 31), (5, 40), (6, 5), (9, 47), (5, 58), (8, 51), (8, 78), (2, 7), (4, 44), (1, 47), (4, 80), (5, 8), (5, 17), (1, 65), (3, 84), (9, 15), (5, 26), (3, 93), (5, 35), (6, 0), (9, 33), (5, 44), (7, 63), (7, 72), (7, 90), (8, 55), (2, 2), (8, 82), (4, 30), (4, 39), (1, 15), (1, 24), (1, 42), (5, 3), (1, 51), (3, 70), (5, 21), (3, 88), (9, 19), (5, 39), (6, 4), (6, 13), (7, 67), (8, 32), (7, 76), (8, 68), (4, 34), (4, 43), (1, 19), (4, 61), (1, 37), (3, 74), (3, 92), (7, 53), (7, 62), (8, 27), (8, 36), (8, 54), (4, 11), (6, 93), (4, 20), (4, 38), (1, 14), (4, 47), (1, 32), (2, 86), (2, 95), (3, 60), (5, 2), (3, 69), (5, 11), (7, 39), (8, 13), (7, 66), (8, 31), (7, 75), (9, 94), (8, 49), (4, 15), (6, 97), (4, 24), (1, 0), (1, 9), (1, 18), (3, 46), (3, 55), (5, 6), (7, 25), (3, 73), (7, 43), (8, 17), (9, 98), (6, 74), (4, 1), (6, 83), (6, 92), (4, 19), (1, 4), (3, 32), (2, 85), (3, 50), (2, 94), (7, 20), (9, 75), (5, 86), (6, 60), (9, 93), (6, 69), (6, 78), (4, 5), (2, 44), (2, 62), (3, 27), (2, 80), (3, 45), (7, 6), (7, 15), (3, 63), (7, 24), (8, 7), (5, 72), (8, 16), (9, 70), (5, 81), (9, 79), (5, 90), (6, 55), (6, 73), (4, 0), (6, 82), (4, 9), (3, 22), (2, 75), (3, 40), (3, 49), (7, 28), (7, 37), (9, 56), (9, 65), (5, 76), (6, 41), (5, 85), (6, 50), (9, 83), (6, 59), (6, 68), (8, 96), (3, 17), (4, 89), (3, 44), (4, 98), (1, 83), (7, 14), (1, 92), (7, 23), (5, 62), (6, 27), (6, 36), (6, 63), (2, 38), (2, 47), (3, 12), (1, 69), (1, 78), (7, 9), (1, 87), (9, 37), (5, 48), (5, 57), (5, 66), (6, 31), (5, 84), (8, 86), (8, 95), (2, 24), (2, 42), (3, 7), (3, 16), (4, 70), (3, 25), (4, 79), (4, 88), (1, 64), (4, 97), (7, 4), (1, 82), (5, 43), (1, 91), (6, 8), (5, 52), (5, 61), (9, 59), (5, 70), (6, 35), (2, 10), (2, 37), (3, 11), (4, 74), (1, 50), (4, 83), (1, 59), (4, 92), (1, 68), (1, 77), (9, 27), (6, 3), (6, 12), (6, 21), (9, 54), (6, 30), (6, 39), (8, 58), (8, 67), (8, 76), (2, 5), (8, 94), (4, 51), (1, 27), (1, 36), (4, 78), (9, 4), (5, 15), (1, 63), (9, 22), (5, 33), (5, 42), (6, 7), (9, 40), (5, 51), (7, 79), (7, 88), (7, 97), (8, 62), (2, 0), (8, 80), (2, 18), (1, 22), (4, 55), (1, 31), (4, 64), (4, 73), (5, 1), (5, 10), (1, 58), (3, 95), (9, 26), (9, 35), (6, 11), (7, 65), (6, 20), (7, 74), (8, 48), (7, 92), (8, 75), (4, 23), (4, 50), (1, 44), (2, 98), (3, 72), (3, 90), (5, 32), (6, 6), (8, 25), (7, 78), (8, 43), (4, 45), (1, 21), (2, 84), (1, 39), (3, 58), (5, 0), (5, 9), (3, 76), (9, 7), (7, 46), (7, 55), (7, 64), (7, 73), (7, 82), (8, 56), (6, 86), (4, 13), (6, 95), (4, 31), (1, 7), (4, 40), (1, 16), (2, 70), (1, 25), (2, 79), (2, 88), (5, 4), (5, 13), (7, 32), (8, 6), (8, 24), (8, 33), (9, 87), (5, 98), (6, 72), (4, 8), (6, 99), (4, 26), (1, 2), (1, 11), (2, 74), (3, 39), (7, 18), (3, 66), (3, 75), (7, 36), (8, 19), (8, 28), (9, 82), (6, 76), (4, 3), (6, 85), (4, 12), (6, 94), (1, 6), (3, 43), (3, 52), (7, 13), (7, 22), (8, 5), (7, 49), (5, 79), (5, 88), (6, 53), (9, 86), (5, 97), (4, 7), (4, 16), (2, 46), (2, 55), (2, 64), (2, 82), (3, 47), (3, 56)}
Adjusting MOSEK solver parameters
MOSEK time limit set to 180s
Adding objective function for Lan
Initializing variables...
CALLBACK num variables : 776016
Adding ReLU constraints for layer 1
Adding ReLU constraints for layer 2
Adding ReLU constraints for layer 3
Adding ReLU constraints for layer 4
Adding ReLU constraints for layer 5
Adding ReLU constraints for layer 6
Adding ReLU constraints for layer 7
Adding ReLU constraints for layer 8
Adding ReLU constraints for layer 9
Adding quadratic bounds constraint
Adding quadratic bounds constraint for layer 0
Adding quadratic bounds constraint for layer 1
Adding quadratic bounds constraint for layer 2
Adding quadratic bounds constraint for layer 3
Adding quadratic bounds constraint for layer 4
Adding quadratic bounds constraint for layer 5
Adding quadratic bounds constraint for layer 6
Adding quadratic bounds constraint for layer 7
Adding quadratic bounds constraint for layer 8
Adding quadratic bounds constraint for layer 9
Adding RLT constraint (compact)
Indexes pruned for layer 1 : []
Indexes pruned for layer 2 : [0, 2, 4, 6, 7, 9, 11, 14, 15, 16, 18, 19, 21, 22, 24, 25, 27, 31, 32, 34, 36, 37, 39, 42, 43, 44, 47, 50, 51, 53, 57, 58, 59, 61, 62, 63, 64, 65, 68, 69, 70, 71, 75, 76, 77, 78, 80, 81, 82, 83, 85, 87, 89, 90, 91, 92, 95, 99]
Indexes pruned for layer 3 : [0, 2, 5, 7, 10, 17, 18, 24, 37, 38, 42, 44, 46, 47, 50, 54, 55, 62, 64, 70, 74, 75, 79, 80, 82, 84, 85, 86, 88, 94, 95, 98]
Indexes pruned for layer 4 : [0, 5, 6, 7, 9, 11, 12, 14, 15, 16, 17, 22, 25, 27, 28, 32, 37, 39, 40, 42, 43, 44, 45, 46, 47, 49, 50, 52, 55, 56, 58, 60, 63, 66, 69, 70, 72, 73, 74, 75, 76, 84, 88, 90, 92, 93, 95]
Indexes pruned for layer 5 : [0, 1, 3, 5, 7, 8, 9, 11, 12, 13, 15, 16, 19, 20, 23, 24, 26, 30, 31, 34, 38, 39, 40, 43, 44, 45, 47, 49, 50, 51, 55, 58, 61, 64, 68, 70, 73, 74, 78, 79, 80, 81, 82, 83, 86, 87, 88, 89, 92, 97, 98, 99]
Indexes pruned for layer 6 : [0, 1, 2, 3, 4, 6, 8, 9, 10, 11, 13, 15, 17, 21, 22, 26, 27, 31, 32, 33, 35, 36, 39, 40, 41, 42, 43, 44, 46, 48, 51, 52, 54, 55, 57, 58, 60, 61, 62, 63, 65, 66, 68, 69, 70, 72, 74, 76, 77, 79, 81, 82, 83, 84, 85, 86, 87, 88, 90, 92, 96, 97, 98]
Indexes pruned for layer 7 : [0, 3, 4, 5, 6, 7, 8, 11, 12, 13, 19, 20, 21, 27, 28, 30, 31, 34, 35, 36, 38, 39, 41, 42, 50, 53, 55, 57, 59, 60, 61, 63, 66, 68, 69, 70, 72, 73, 74, 75, 76, 78, 82, 83, 84, 85, 86, 92, 93, 94, 95, 97, 99]
Indexes pruned for layer 8 : [2, 3, 4, 6, 9, 11, 13, 14, 15, 17, 18, 20, 21, 22, 23, 24, 25, 26, 28, 32, 35, 36, 37, 39, 43, 46, 49, 53, 55, 62, 63, 64, 65, 66, 67, 72, 73, 74, 75, 76, 78, 79, 82, 88, 90, 92, 96, 97]
Indexes pruned for layer 9 : [5, 6, 7, 9, 13, 16, 17, 19, 24, 25, 27, 28, 31, 32, 33, 36, 43, 48, 49, 51, 54, 55, 56, 58, 62, 65, 67, 68, 70, 74, 75, 76, 78, 79, 80, 82, 83, 84, 86, 88, 93, 94, 95, 96]
CALLBACK : RLT (compact) = 54387 (dont 0 en repli chemin lent)
Adding rec matrices constraint
Number of constraints for the matrix by layers: 403 for 10 layers, [784 100 100 100 100 100 100 100 100 100  10] neurons, boundary layers: [1, 2, 3, 4, 5, 6, 7, 8]
Adding first term equal zero constraint
CALLBACK : Ending constraints. Total number of constraints :  166692
Cuts in _write_presolve_row:  ['RLT', 'triangularization']
Number of constraints before optimization:  166692
Number of variables before optimization:  776016
All possible cuts:  ['RLT', 'triangularization', 'McCormick_beta_z', 'beta_logits_comparaison', 'beta_logits_comparaison_big_M', 'sum_beta_logits_equal_logit']
Cuts added to dic for _write_presolve_row:  {'RLT': True, 'triangularization': True, 'McCormick_beta_z': False, 'beta_logits_comparaison': False, 'beta_logits_comparaison_big_M': False, 'sum_beta_logits_equal_logit': False}
Writing pre-solve row to results.csv with data_index: 31 target: 8
Pre-solve row written to results.csv with data_index: 31 target: 8
Pre-solve row written to results.csv with 166692 constraints and 776016 variables.
INFO     01:26:51     [objective_classic.py:97] Adding Objective to the task
CALLBACK : Number of constraints : 166692
[conic bundle] factor=0.01 x 163161 contraintes dualisables candidates => 1632 reellement dualisees (les 161529 autres relachees mais jamais penalisees)
  [cb_native dynamic calibration] h(0)=1.379544 pool_initial=50/1632
[cb_native dynamic] h(0)=1.379544 > positivity_threshold=1e-06 -- arret immediat (stop_when_positive).
[conic bundle] data_index=31 target=8 optimal_value=1.3795440567457773 n_iter=0 (40.10s)
Initializing TargetedSDP...
Creating list of ytargets...
K :  10
self.n :  [784 100 100 100 100 100 100 100 100 100  10]
Getting to compute bounds...
STUDY : use active neurons:  True use inactive neurons:  False
STUDY : Nb Stable neurons :  433
Number of cuts to test: 1
Cuts to test: [['RLT', 'triangularization']]
Initializing MosekClassicHandler

 
 folder name dans handler:  /lustre/fswork/projects/rech/llc/uvq13au/FastSDPCertification/results/benchmark/9x100-0.026/2026_10_02_00h37_33s_battery-targeted-rlt-notcert
LAST_LAYER in resolve_layer_groups :  False
K :  10
CHORDAL_DECOMPOSITION  in resolve layer groups:  True
INPUT_IN_VARIABLES in resolve_layer_groups :  True
Taille de la matrice pour le groupe 0 [0, 1] : 826
Taille de la matrice pour le groupe 1 [1, 2] : 110
Taille de la matrice pour le groupe 2 [2, 3] : 121
Taille de la matrice pour le groupe 3 [3, 4] : 101
Taille de la matrice pour le groupe 4 [4, 5] : 85
Taille de la matrice pour le groupe 5 [5, 6] : 84
Taille de la matrice pour le groupe 6 [6, 7] : 99
Taille de la matrice pour le groupe 7 [7, 8] : 108
Taille de la matrice pour le groupe 8 [8, 9] : 120
Neurones stables actives:  set()
Neurones stables inactives:  {(7, 17), (1, 95), (7, 26), (7, 35), (5, 65), (8, 9), (5, 74), (9, 72), (5, 83), (5, 92), (6, 57), (9, 90), (6, 66), (6, 75), (6, 84), (3, 6), (2, 50), (3, 15), (4, 87), (3, 42), (7, 3), (1, 81), (1, 90), (7, 21), (1, 99), (5, 60), (5, 69), (6, 34), (9, 67), (5, 87), (5, 96), (6, 61), (6, 70), (2, 54), (3, 28), (4, 82), (3, 37), (1, 76), (1, 85), (5, 46), (9, 44), (5, 55), (6, 38), (5, 82), (8, 84), (8, 93), (3, 5), (3, 14), (4, 68), (1, 53), (4, 86), (1, 62), (1, 71), (7, 2), (1, 80), (7, 11), (9, 30), (5, 41), (1, 89), (9, 39), (5, 68), (9, 66), (5, 77), (6, 42), (7, 96), (8, 70), (8, 79), (8, 88), (2, 17), (3, 0), (3, 9), (4, 81), (1, 57), (4, 99), (5, 27), (1, 75), (9, 25), (5, 36), (5, 54), (6, 19), (9, 52), (5, 63), (6, 28), (8, 65), (8, 74), (8, 83), (4, 49), (4, 58), (1, 34), (1, 43), (1, 61), (9, 11), (5, 22), (1, 70), (5, 31), (5, 40), (6, 5), (9, 47), (5, 58), (8, 51), (8, 78), (2, 7), (4, 44), (1, 47), (4, 80), (5, 8), (5, 17), (1, 65), (3, 84), (9, 15), (5, 26), (3, 93), (5, 35), (6, 0), (9, 33), (5, 44), (7, 63), (7, 72), (7, 90), (8, 55), (2, 2), (8, 82), (4, 30), (4, 39), (1, 15), (1, 24), (1, 42), (5, 3), (1, 51), (3, 70), (5, 21), (3, 88), (9, 19), (5, 39), (6, 4), (6, 13), (7, 67), (8, 32), (7, 76), (8, 68), (4, 34), (4, 43), (1, 19), (4, 61), (1, 37), (3, 74), (3, 92), (7, 53), (7, 62), (8, 27), (8, 36), (8, 54), (4, 11), (6, 93), (4, 20), (4, 38), (1, 14), (4, 47), (1, 32), (2, 86), (2, 95), (3, 60), (5, 2), (3, 69), (5, 11), (7, 39), (8, 13), (7, 66), (8, 31), (7, 75), (9, 94), (8, 49), (4, 15), (6, 97), (4, 24), (1, 0), (1, 9), (1, 18), (3, 46), (3, 55), (5, 6), (7, 25), (3, 73), (7, 43), (8, 17), (9, 98), (6, 74), (4, 1), (6, 83), (6, 92), (4, 19), (1, 4), (3, 32), (2, 85), (3, 50), (2, 94), (7, 20), (9, 75), (5, 86), (6, 60), (9, 93), (6, 69), (6, 78), (4, 5), (2, 44), (2, 62), (3, 27), (2, 80), (3, 45), (7, 6), (7, 15), (3, 63), (7, 24), (8, 7), (5, 72), (8, 16), (9, 70), (5, 81), (9, 79), (5, 90), (6, 55), (6, 73), (4, 0), (6, 82), (4, 9), (3, 22), (2, 75), (3, 40), (3, 49), (7, 28), (7, 37), (9, 56), (9, 65), (5, 76), (6, 41), (5, 85), (6, 50), (9, 83), (6, 59), (6, 68), (8, 96), (3, 17), (4, 89), (3, 44), (4, 98), (1, 83), (7, 14), (1, 92), (7, 23), (5, 62), (6, 27), (6, 36), (6, 63), (2, 38), (2, 47), (3, 12), (1, 69), (1, 78), (7, 9), (1, 87), (9, 37), (5, 48), (5, 57), (5, 66), (6, 31), (5, 84), (8, 86), (8, 95), (2, 24), (2, 42), (3, 7), (3, 16), (4, 70), (3, 25), (4, 79), (4, 88), (1, 64), (4, 97), (7, 4), (1, 82), (5, 43), (1, 91), (6, 8), (5, 52), (5, 61), (9, 59), (5, 70), (6, 35), (2, 10), (2, 37), (3, 11), (4, 74), (1, 50), (4, 83), (1, 59), (4, 92), (1, 68), (1, 77), (9, 27), (6, 3), (6, 12), (6, 21), (9, 54), (6, 30), (6, 39), (8, 58), (8, 67), (8, 76), (2, 5), (8, 94), (4, 51), (1, 27), (1, 36), (4, 78), (9, 4), (5, 15), (1, 63), (9, 22), (5, 33), (5, 42), (6, 7), (9, 40), (5, 51), (7, 79), (7, 88), (7, 97), (8, 62), (2, 0), (8, 80), (2, 18), (1, 22), (4, 55), (1, 31), (4, 64), (4, 73), (5, 1), (5, 10), (1, 58), (3, 95), (9, 26), (9, 35), (6, 11), (7, 65), (6, 20), (7, 74), (8, 48), (7, 92), (8, 75), (4, 23), (4, 50), (1, 44), (2, 98), (3, 72), (3, 90), (5, 32), (6, 6), (8, 25), (7, 78), (8, 43), (4, 45), (1, 21), (2, 84), (1, 39), (3, 58), (5, 0), (5, 9), (3, 76), (9, 7), (7, 46), (7, 55), (7, 64), (7, 73), (7, 82), (8, 56), (6, 86), (4, 13), (6, 95), (4, 31), (1, 7), (4, 40), (1, 16), (2, 70), (1, 25), (2, 79), (2, 88), (5, 4), (5, 13), (7, 32), (8, 6), (8, 24), (8, 33), (9, 87), (5, 98), (6, 72), (4, 8), (6, 99), (4, 26), (1, 2), (1, 11), (2, 74), (3, 39), (7, 18), (3, 66), (3, 75), (7, 36), (8, 19), (8, 28), (9, 82), (6, 76), (4, 3), (6, 85), (4, 12), (6, 94), (1, 6), (3, 43), (3, 52), (7, 13), (7, 22), (8, 5), (7, 49), (5, 79), (5, 88), (6, 53), (9, 86), (5, 97), (4, 7), (4, 16), (2, 46), (2, 55), (2, 64), (2, 82), (3, 47), (3, 56)}
Adjusting MOSEK solver parameters
MOSEK time limit set to 180s
Adding objective function for Lan
Initializing variables...
CALLBACK num variables : 776016
Adding ReLU constraints for layer 1
Adding ReLU constraints for layer 2
Adding ReLU constraints for layer 3
Adding ReLU constraints for layer 4
Adding ReLU constraints for layer 5
Adding ReLU constraints for layer 6
Adding ReLU constraints for layer 7
Adding ReLU constraints for layer 8
Adding ReLU constraints for layer 9
Adding quadratic bounds constraint
Adding quadratic bounds constraint for layer 0
Adding quadratic bounds constraint for layer 1
Adding quadratic bounds constraint for layer 2
Adding quadratic bounds constraint for layer 3
Adding quadratic bounds constraint for layer 4
Adding quadratic bounds constraint for layer 5
Adding quadratic bounds constraint for layer 6
Adding quadratic bounds constraint for layer 7
Adding quadratic bounds constraint for layer 8
Adding quadratic bounds constraint for layer 9
Adding RLT constraint (compact)
Indexes pruned for layer 1 : []
Indexes pruned for layer 2 : [0, 2, 4, 6, 7, 9, 11, 14, 15, 16, 18, 19, 21, 22, 24, 25, 27, 31, 32, 34, 36, 37, 39, 42, 43, 44, 47, 50, 51, 53, 57, 58, 59, 61, 62, 63, 64, 65, 68, 69, 70, 71, 75, 76, 77, 78, 80, 81, 82, 83, 85, 87, 89, 90, 91, 92, 95, 99]
Indexes pruned for layer 3 : [0, 2, 5, 7, 10, 17, 18, 24, 37, 38, 42, 44, 46, 47, 50, 54, 55, 62, 64, 70, 74, 75, 79, 80, 82, 84, 85, 86, 88, 94, 95, 98]
Indexes pruned for layer 4 : [0, 5, 6, 7, 9, 11, 12, 14, 15, 16, 17, 22, 25, 27, 28, 32, 37, 39, 40, 42, 43, 44, 45, 46, 47, 49, 50, 52, 55, 56, 58, 60, 63, 66, 69, 70, 72, 73, 74, 75, 76, 84, 88, 90, 92, 93, 95]
Indexes pruned for layer 5 : [0, 1, 3, 5, 7, 8, 9, 11, 12, 13, 15, 16, 19, 20, 23, 24, 26, 30, 31, 34, 38, 39, 40, 43, 44, 45, 47, 49, 50, 51, 55, 58, 61, 64, 68, 70, 73, 74, 78, 79, 80, 81, 82, 83, 86, 87, 88, 89, 92, 97, 98, 99]
Indexes pruned for layer 6 : [0, 1, 2, 3, 4, 6, 8, 9, 10, 11, 13, 15, 17, 21, 22, 26, 27, 31, 32, 33, 35, 36, 39, 40, 41, 42, 43, 44, 46, 48, 51, 52, 54, 55, 57, 58, 60, 61, 62, 63, 65, 66, 68, 69, 70, 72, 74, 76, 77, 79, 81, 82, 83, 84, 85, 86, 87, 88, 90, 92, 96, 97, 98]
Indexes pruned for layer 7 : [0, 3, 4, 5, 6, 7, 8, 11, 12, 13, 19, 20, 21, 27, 28, 30, 31, 34, 35, 36, 38, 39, 41, 42, 50, 53, 55, 57, 59, 60, 61, 63, 66, 68, 69, 70, 72, 73, 74, 75, 76, 78, 82, 83, 84, 85, 86, 92, 93, 94, 95, 97, 99]
Indexes pruned for layer 8 : [2, 3, 4, 6, 9, 11, 13, 14, 15, 17, 18, 20, 21, 22, 23, 24, 25, 26, 28, 32, 35, 36, 37, 39, 43, 46, 49, 53, 55, 62, 63, 64, 65, 66, 67, 72, 73, 74, 75, 76, 78, 79, 82, 88, 90, 92, 96, 97]
Indexes pruned for layer 9 : [5, 6, 7, 9, 13, 16, 17, 19, 24, 25, 27, 28, 31, 32, 33, 36, 43, 48, 49, 51, 54, 55, 56, 58, 62, 65, 67, 68, 70, 74, 75, 76, 78, 79, 80, 82, 83, 84, 86, 88, 93, 94, 95, 96]
CALLBACK : RLT (compact) = 54387 (dont 0 en repli chemin lent)
Adding rec matrices constraint
Number of constraints for the matrix by layers: 403 for 10 layers, [784 100 100 100 100 100 100 100 100 100  10] neurons, boundary layers: [1, 2, 3, 4, 5, 6, 7, 8]
Adding first term equal zero constraint
CALLBACK : Ending constraints. Total number of constraints :  166692
Cuts in _write_presolve_row:  ['RLT', 'triangularization']
Number of constraints before optimization:  166692
Number of variables before optimization:  776016
All possible cuts:  ['RLT', 'triangularization', 'McCormick_beta_z', 'beta_logits_comparaison', 'beta_logits_comparaison_big_M', 'sum_beta_logits_equal_logit']
Cuts added to dic for _write_presolve_row:  {'RLT': True, 'triangularization': True, 'McCormick_beta_z': False, 'beta_logits_comparaison': False, 'beta_logits_comparaison_big_M': False, 'sum_beta_logits_equal_logit': False}
Writing pre-solve row to results.csv with data_index: 31 target: 9
Pre-solve row written to results.csv with data_index: 31 target: 9
Pre-solve row written to results.csv with 166692 constraints and 776016 variables.
INFO     01:27:34     [objective_classic.py:97] Adding Objective to the task
CALLBACK : Number of constraints : 166692
[conic bundle] factor=0.01 x 163161 contraintes dualisables candidates => 1632 reellement dualisees (les 161529 autres relachees mais jamais penalisees)
  [cb_native dynamic calibration] h(0)=-0.279568 pool_initial=31/1632
  [cb_native dynamic oracle #5] h=-0.279815 best=-0.279568 pool=31/1632
**** WARNING: FunctionProblem::add_variable(): subgradient extension failed
[cb_native dynamic] round 1: +50 -31 (pool=50/1632)
[cb_native dynamic] cycle detecte : le pool resultant de ce round (+31 -50) a deja ete visite -- arret pour eviter une oscillation infinie, n_iter=2, pool avant maj=50/1632.
[cb_native dynamic] n_iter=2 n_oracle_calls=9 n_pool_updates=1 pool_final=50/1632 termination_code=1 h_center=-0.279568 best_h=-0.279568 stop_reason=None
[conic bundle] data_index=31 target=9 optimal_value=-0.27956763335387413 n_iter=2 (199.14s)
Initializing TargetedSDP...
Creating list of ytargets...
K :  10
self.n :  [784 100 100 100 100 100 100 100 100 100  10]
Getting to compute bounds...
STUDY : use active neurons:  True use inactive neurons:  False
STUDY : Nb Stable neurons :  440
Number of cuts to test: 1
Cuts to test: [['RLT', 'triangularization']]
Initializing MosekClassicHandler

 
 folder name dans handler:  /lustre/fswork/projects/rech/llc/uvq13au/FastSDPCertification/results/benchmark/9x100-0.026/2026_10_02_00h37_33s_battery-targeted-rlt-notcert
LAST_LAYER in resolve_layer_groups :  False
K :  10
CHORDAL_DECOMPOSITION  in resolve layer groups:  True
INPUT_IN_VARIABLES in resolve_layer_groups :  True
Taille de la matrice pour le groupe 0 [0, 1] : 831
Taille de la matrice pour le groupe 1 [1, 2] : 113
Taille de la matrice pour le groupe 2 [2, 3] : 115
Taille de la matrice pour le groupe 3 [3, 4] : 92
Taille de la matrice pour le groupe 4 [4, 5] : 84
Taille de la matrice pour le groupe 5 [5, 6] : 86
Taille de la matrice pour le groupe 6 [6, 7] : 98
Taille de la matrice pour le groupe 7 [7, 8] : 107
Taille de la matrice pour le groupe 8 [8, 9] : 116
Neurones stables actives:  set()
Neurones stables inactives:  {(7, 17), (1, 95), (7, 26), (8, 9), (5, 74), (8, 18), (9, 72), (5, 83), (6, 48), (5, 92), (6, 57), (9, 90), (6, 66), (6, 75), (6, 84), (3, 6), (2, 50), (3, 15), (2, 68), (3, 42), (7, 3), (1, 81), (1, 90), (7, 21), (1, 99), (6, 34), (9, 67), (5, 87), (5, 96), (6, 61), (6, 70), (2, 54), (3, 28), (3, 37), (4, 91), (1, 85), (5, 46), (9, 44), (5, 55), (9, 53), (5, 73), (6, 38), (5, 82), (6, 47), (8, 84), (2, 13), (2, 31), (3, 5), (3, 14), (4, 68), (1, 53), (4, 86), (1, 62), (1, 71), (7, 2), (1, 80), (7, 11), (5, 41), (1, 89), (9, 39), (5, 68), (6, 33), (5, 77), (7, 96), (8, 70), (8, 88), (2, 17), (3, 0), (3, 9), (4, 81), (1, 66), (4, 99), (5, 27), (1, 75), (9, 25), (9, 34), (9, 52), (6, 28), (8, 65), (8, 74), (8, 83), (4, 49), (4, 58), (1, 34), (4, 67), (4, 85), (1, 61), (9, 11), (5, 22), (1, 70), (5, 31), (3, 98), (9, 29), (5, 40), (9, 38), (9, 47), (7, 86), (8, 51), (8, 78), (2, 7), (2, 16), (4, 44), (1, 47), (4, 80), (5, 17), (1, 65), (3, 84), (9, 15), (3, 93), (9, 24), (5, 35), (6, 0), (9, 33), (5, 44), (7, 63), (6, 18), (7, 72), (7, 90), (8, 55), (8, 82), (2, 11), (4, 30), (4, 39), (4, 48), (1, 24), (4, 57), (5, 3), (1, 51), (3, 70), (5, 21), (3, 88), (3, 97), (5, 39), (6, 13), (7, 67), (8, 32), (8, 50), (7, 94), (8, 68), (4, 34), (4, 43), (1, 19), (4, 52), (1, 28), (4, 61), (1, 37), (1, 46), (3, 74), (3, 83), (5, 25), (7, 62), (8, 27), (7, 71), (8, 36), (4, 11), (6, 93), (4, 20), (4, 29), (4, 38), (1, 14), (4, 47), (2, 86), (2, 95), (3, 60), (5, 2), (5, 11), (8, 13), (7, 57), (7, 66), (7, 75), (8, 49), (6, 79), (4, 15), (6, 97), (4, 24), (1, 0), (3, 46), (3, 55), (5, 6), (3, 73), (7, 43), (8, 17), (5, 91), (9, 98), (4, 1), (6, 83), (6, 92), (1, 4), (2, 67), (3, 32), (2, 85), (3, 50), (7, 29), (8, 21), (9, 75), (5, 86), (6, 60), (9, 93), (6, 78), (4, 5), (2, 44), (2, 53), (2, 62), (3, 27), (7, 6), (3, 63), (7, 24), (7, 33), (8, 7), (5, 72), (9, 70), (5, 81), (9, 79), (5, 90), (6, 55), (6, 73), (6, 82), (4, 9), (2, 39), (3, 13), (3, 22), (2, 75), (4, 94), (7, 1), (3, 49), (1, 88), (7, 19), (7, 28), (7, 37), (8, 2), (9, 56), (5, 67), (8, 11), (9, 65), (5, 76), (6, 41), (5, 85), (6, 50), (9, 83), (6, 59), (6, 68), (8, 96), (2, 34), (3, 8), (3, 17), (2, 61), (3, 44), (4, 98), (1, 74), (7, 5), (7, 14), (7, 23), (5, 62), (6, 27), (5, 71), (6, 36), (6, 54), (2, 38), (3, 3), (2, 47), (3, 12), (4, 75), (1, 60), (1, 69), (7, 0), (1, 78), (7, 9), (1, 87), (9, 37), (6, 22), (5, 66), (6, 31), (5, 84), (6, 58), (8, 95), (2, 42), (3, 7), (3, 16), (4, 70), (3, 25), (4, 79), (1, 55), (1, 64), (7, 4), (5, 34), (1, 82), (5, 43), (6, 8), (5, 52), (5, 61), (9, 59), (5, 70), (6, 35), (8, 72), (2, 10), (2, 19), (3, 11), (4, 65), (1, 41), (4, 74), (1, 50), (4, 92), (1, 68), (1, 77), (9, 27), (6, 3), (5, 47), (6, 12), (6, 21), (9, 54), (6, 30), (6, 39), (7, 93), (8, 67), (8, 94), (4, 42), (1, 27), (1, 36), (4, 78), (1, 54), (9, 4), (5, 15), (5, 33), (5, 42), (6, 7), (9, 40), (5, 51), (7, 79), (8, 62), (8, 71), (8, 80), (8, 89), (4, 55), (4, 64), (4, 73), (5, 1), (5, 10), (1, 58), (3, 86), (9, 17), (3, 95), (9, 26), (9, 35), (6, 11), (7, 65), (6, 20), (7, 74), (8, 48), (8, 75), (4, 23), (1, 17), (4, 50), (4, 59), (1, 44), (2, 98), (3, 72), (9, 12), (3, 90), (5, 32), (3, 99), (8, 25), (8, 43), (8, 52), (1, 12), (4, 45), (1, 21), (1, 39), (3, 58), (5, 0), (5, 9), (3, 76), (9, 7), (7, 55), (7, 64), (7, 73), (8, 56), (4, 4), (6, 86), (4, 13), (6, 95), (4, 22), (4, 31), (1, 7), (4, 40), (2, 70), (2, 88), (3, 53), (5, 4), (5, 13), (7, 32), (8, 6), (7, 59), (7, 68), (9, 87), (5, 98), (8, 42), (6, 72), (4, 8), (6, 99), (4, 26), (1, 2), (1, 11), (3, 39), (7, 18), (3, 66), (7, 36), (8, 1), (8, 19), (8, 28), (9, 82), (6, 76), (4, 3), (6, 85), (4, 12), (6, 94), (1, 6), (2, 69), (2, 78), (3, 43), (3, 52), (7, 13), (8, 5), (7, 49), (5, 79), (8, 23), (5, 88), (6, 53), (5, 97), (9, 95), (6, 80), (4, 7), (6, 89), (4, 16), (2, 46), (1, 1), (2, 55), (3, 20), (2, 64), (2, 82), (3, 56)}
Initializing TargetedSDP...
Creating list of ytargets...
K :  10
self.n :  [784 100 100 100 100 100 100 100 100 100  10]
Getting to compute bounds...
STUDY : use active neurons:  True use inactive neurons:  False
STUDY : Nb Stable neurons :  440
Number of cuts to test: 1
Cuts to test: [['RLT', 'triangularization']]
Initializing MosekClassicHandler

 
 folder name dans handler:  /lustre/fswork/projects/rech/llc/uvq13au/FastSDPCertification/results/benchmark/9x100-0.026/2026_10_02_00h37_33s_battery-targeted-rlt-notcert
LAST_LAYER in resolve_layer_groups :  False
K :  10
CHORDAL_DECOMPOSITION  in resolve layer groups:  True
INPUT_IN_VARIABLES in resolve_layer_groups :  True
Taille de la matrice pour le groupe 0 [0, 1] : 831
Taille de la matrice pour le groupe 1 [1, 2] : 113
Taille de la matrice pour le groupe 2 [2, 3] : 115
Taille de la matrice pour le groupe 3 [3, 4] : 92
Taille de la matrice pour le groupe 4 [4, 5] : 84
Taille de la matrice pour le groupe 5 [5, 6] : 86
Taille de la matrice pour le groupe 6 [6, 7] : 98
Taille de la matrice pour le groupe 7 [7, 8] : 107
Taille de la matrice pour le groupe 8 [8, 9] : 116
Neurones stables actives:  set()
Neurones stables inactives:  {(7, 17), (1, 95), (7, 26), (8, 9), (5, 74), (8, 18), (9, 72), (5, 83), (6, 48), (5, 92), (6, 57), (9, 90), (6, 66), (6, 75), (6, 84), (3, 6), (2, 50), (3, 15), (2, 68), (3, 42), (7, 3), (1, 81), (1, 90), (7, 21), (1, 99), (6, 34), (9, 67), (5, 87), (5, 96), (6, 61), (6, 70), (2, 54), (3, 28), (3, 37), (4, 91), (1, 85), (5, 46), (9, 44), (5, 55), (9, 53), (5, 73), (6, 38), (5, 82), (6, 47), (8, 84), (2, 13), (2, 31), (3, 5), (3, 14), (4, 68), (1, 53), (4, 86), (1, 62), (1, 71), (7, 2), (1, 80), (7, 11), (5, 41), (1, 89), (9, 39), (5, 68), (6, 33), (5, 77), (7, 96), (8, 70), (8, 88), (2, 17), (3, 0), (3, 9), (4, 81), (1, 66), (4, 99), (5, 27), (1, 75), (9, 25), (9, 34), (9, 52), (6, 28), (8, 65), (8, 74), (8, 83), (4, 49), (4, 58), (1, 34), (4, 67), (4, 85), (1, 61), (9, 11), (5, 22), (1, 70), (5, 31), (3, 98), (9, 29), (5, 40), (9, 38), (9, 47), (7, 86), (8, 51), (8, 78), (2, 7), (2, 16), (4, 44), (1, 47), (4, 80), (5, 17), (1, 65), (3, 84), (9, 15), (3, 93), (9, 24), (5, 35), (6, 0), (9, 33), (5, 44), (7, 63), (6, 18), (7, 72), (7, 90), (8, 55), (8, 82), (2, 11), (4, 30), (4, 39), (4, 48), (1, 24), (4, 57), (5, 3), (1, 51), (3, 70), (5, 21), (3, 88), (3, 97), (5, 39), (6, 13), (7, 67), (8, 32), (8, 50), (7, 94), (8, 68), (4, 34), (4, 43), (1, 19), (4, 52), (1, 28), (4, 61), (1, 37), (1, 46), (3, 74), (3, 83), (5, 25), (7, 62), (8, 27), (7, 71), (8, 36), (4, 11), (6, 93), (4, 20), (4, 29), (4, 38), (1, 14), (4, 47), (2, 86), (2, 95), (3, 60), (5, 2), (5, 11), (8, 13), (7, 57), (7, 66), (7, 75), (8, 49), (6, 79), (4, 15), (6, 97), (4, 24), (1, 0), (3, 46), (3, 55), (5, 6), (3, 73), (7, 43), (8, 17), (5, 91), (9, 98), (4, 1), (6, 83), (6, 92), (1, 4), (2, 67), (3, 32), (2, 85), (3, 50), (7, 29), (8, 21), (9, 75), (5, 86), (6, 60), (9, 93), (6, 78), (4, 5), (2, 44), (2, 53), (2, 62), (3, 27), (7, 6), (3, 63), (7, 24), (7, 33), (8, 7), (5, 72), (9, 70), (5, 81), (9, 79), (5, 90), (6, 55), (6, 73), (6, 82), (4, 9), (2, 39), (3, 13), (3, 22), (2, 75), (4, 94), (7, 1), (3, 49), (1, 88), (7, 19), (7, 28), (7, 37), (8, 2), (9, 56), (5, 67), (8, 11), (9, 65), (5, 76), (6, 41), (5, 85), (6, 50), (9, 83), (6, 59), (6, 68), (8, 96), (2, 34), (3, 8), (3, 17), (2, 61), (3, 44), (4, 98), (1, 74), (7, 5), (7, 14), (7, 23), (5, 62), (6, 27), (5, 71), (6, 36), (6, 54), (2, 38), (3, 3), (2, 47), (3, 12), (4, 75), (1, 60), (1, 69), (7, 0), (1, 78), (7, 9), (1, 87), (9, 37), (6, 22), (5, 66), (6, 31), (5, 84), (6, 58), (8, 95), (2, 42), (3, 7), (3, 16), (4, 70), (3, 25), (4, 79), (1, 55), (1, 64), (7, 4), (5, 34), (1, 82), (5, 43), (6, 8), (5, 52), (5, 61), (9, 59), (5, 70), (6, 35), (8, 72), (2, 10), (2, 19), (3, 11), (4, 65), (1, 41), (4, 74), (1, 50), (4, 92), (1, 68), (1, 77), (9, 27), (6, 3), (5, 47), (6, 12), (6, 21), (9, 54), (6, 30), (6, 39), (7, 93), (8, 67), (8, 94), (4, 42), (1, 27), (1, 36), (4, 78), (1, 54), (9, 4), (5, 15), (5, 33), (5, 42), (6, 7), (9, 40), (5, 51), (7, 79), (8, 62), (8, 71), (8, 80), (8, 89), (4, 55), (4, 64), (4, 73), (5, 1), (5, 10), (1, 58), (3, 86), (9, 17), (3, 95), (9, 26), (9, 35), (6, 11), (7, 65), (6, 20), (7, 74), (8, 48), (8, 75), (4, 23), (1, 17), (4, 50), (4, 59), (1, 44), (2, 98), (3, 72), (9, 12), (3, 90), (5, 32), (3, 99), (8, 25), (8, 43), (8, 52), (1, 12), (4, 45), (1, 21), (1, 39), (3, 58), (5, 0), (5, 9), (3, 76), (9, 7), (7, 55), (7, 64), (7, 73), (8, 56), (4, 4), (6, 86), (4, 13), (6, 95), (4, 22), (4, 31), (1, 7), (4, 40), (2, 70), (2, 88), (3, 53), (5, 4), (5, 13), (7, 32), (8, 6), (7, 59), (7, 68), (9, 87), (5, 98), (8, 42), (6, 72), (4, 8), (6, 99), (4, 26), (1, 2), (1, 11), (3, 39), (7, 18), (3, 66), (7, 36), (8, 1), (8, 19), (8, 28), (9, 82), (6, 76), (4, 3), (6, 85), (4, 12), (6, 94), (1, 6), (2, 69), (2, 78), (3, 43), (3, 52), (7, 13), (8, 5), (7, 49), (5, 79), (8, 23), (5, 88), (6, 53), (5, 97), (9, 95), (6, 80), (4, 7), (6, 89), (4, 16), (2, 46), (1, 1), (2, 55), (3, 20), (2, 64), (2, 82), (3, 56)}
Adjusting MOSEK solver parameters
MOSEK time limit set to 180s
Adding objective function for Lan
Initializing variables...
CALLBACK num variables : 780584
Adding ReLU constraints for layer 1
Adding ReLU constraints for layer 2
Adding ReLU constraints for layer 3
Adding ReLU constraints for layer 4
Adding ReLU constraints for layer 5
Adding ReLU constraints for layer 6
Adding ReLU constraints for layer 7
Adding ReLU constraints for layer 8
Adding ReLU constraints for layer 9
Adding quadratic bounds constraint
Adding quadratic bounds constraint for layer 0
Adding quadratic bounds constraint for layer 1
Adding quadratic bounds constraint for layer 2
Adding quadratic bounds constraint for layer 3
Adding quadratic bounds constraint for layer 4
Adding quadratic bounds constraint for layer 5
Adding quadratic bounds constraint for layer 6
Adding quadratic bounds constraint for layer 7
Adding quadratic bounds constraint for layer 8
Adding quadratic bounds constraint for layer 9
Adding RLT constraint (compact)
Indexes pruned for layer 1 : []
Indexes pruned for layer 2 : [0, 1, 2, 4, 6, 7, 11, 12, 14, 17, 19, 21, 24, 27, 28, 34, 36, 37, 39, 41, 44, 46, 47, 50, 51, 53, 54, 55, 58, 60, 61, 62, 64, 65, 66, 68, 69, 70, 71, 74, 75, 77, 78, 80, 81, 82, 85, 87, 88, 89, 90, 95, 99]
Indexes pruned for layer 3 : [7, 10, 11, 13, 16, 17, 19, 31, 34, 38, 39, 42, 44, 46, 47, 50, 53, 54, 55, 61, 62, 64, 67, 68, 69, 70, 75, 78, 82, 85, 86, 88, 95, 98]
Indexes pruned for layer 4 : [0, 3, 5, 6, 7, 8, 9, 11, 12, 13, 14, 15, 16, 17, 20, 22, 25, 27, 28, 32, 37, 39, 42, 43, 44, 46, 49, 50, 52, 53, 55, 56, 58, 60, 63, 66, 70, 72, 73, 74, 76, 83, 84, 86, 88, 90, 93, 95, 97, 98, 99]
Indexes pruned for layer 5 : [1, 3, 4, 5, 7, 8, 9, 11, 12, 13, 15, 16, 20, 22, 23, 24, 26, 29, 30, 31, 34, 38, 39, 40, 42, 43, 44, 45, 47, 48, 49, 50, 52, 55, 57, 58, 59, 61, 64, 65, 67, 68, 70, 73, 74, 75, 78, 79, 80, 81, 85, 86, 91, 92, 94, 98, 99]
Indexes pruned for layer 6 : [0, 1, 2, 3, 4, 6, 9, 10, 11, 13, 15, 17, 21, 22, 25, 27, 31, 32, 33, 34, 35, 39, 40, 41, 42, 43, 44, 46, 47, 51, 52, 55, 61, 62, 66, 67, 68, 70, 71, 72, 73, 74, 76, 77, 79, 81, 82, 83, 84, 85, 86, 87, 88, 90, 91, 92, 96, 97, 98]
Indexes pruned for layer 7 : [0, 3, 7, 8, 11, 12, 13, 18, 20, 21, 22, 27, 28, 30, 31, 33, 34, 35, 36, 38, 39, 41, 47, 48, 50, 53, 54, 55, 57, 58, 59, 60, 61, 66, 68, 70, 72, 73, 75, 76, 78, 79, 80, 82, 83, 84, 85, 86, 89, 92, 93, 94, 95, 97, 99]
Indexes pruned for layer 8 : [0, 1, 2, 3, 4, 5, 6, 9, 11, 13, 14, 17, 18, 19, 21, 23, 24, 26, 28, 29, 32, 33, 36, 37, 43, 49, 55, 57, 59, 62, 63, 64, 65, 66, 67, 68, 71, 72, 73, 74, 75, 79, 86, 90, 93, 94, 96]
Indexes pruned for layer 9 : [1, 2, 5, 6, 7, 9, 11, 13, 17, 18, 19, 21, 23, 25, 27, 28, 32, 36, 42, 43, 48, 49, 50, 51, 52, 55, 56, 62, 65, 67, 68, 70, 71, 72, 74, 75, 78, 80, 82, 83, 84, 88, 89, 94, 95, 96]
CALLBACK : RLT (compact) = 57494 (dont 0 en repli chemin lent)
Adding rec matrices constraint
Number of constraints for the matrix by layers: 398 for 10 layers, [784 100 100 100 100 100 100 100 100 100  10] neurons, boundary layers: [1, 2, 3, 4, 5, 6, 7, 8]
Adding first term equal zero constraint
CALLBACK : Ending constraints. Total number of constraints :  175973
Cuts in _write_presolve_row:  ['RLT', 'triangularization']
Number of constraints before optimization:  175973
Number of variables before optimization:  780584
All possible cuts:  ['RLT', 'triangularization', 'McCormick_beta_z', 'beta_logits_comparaison', 'beta_logits_comparaison_big_M', 'sum_beta_logits_equal_logit']
Cuts added to dic for _write_presolve_row:  {'RLT': True, 'triangularization': True, 'McCormick_beta_z': False, 'beta_logits_comparaison': False, 'beta_logits_comparaison_big_M': False, 'sum_beta_logits_equal_logit': False}
Writing pre-solve row to results.csv with data_index: 45 target: 0
Pre-solve row written to results.csv with data_index: 45 target: 0
Pre-solve row written to results.csv with 175973 constraints and 780584 variables.
INFO     01:30:58     [objective_classic.py:97] Adding Objective to the task
CALLBACK : Number of constraints : 175973
[conic bundle] factor=0.01 x 172482 contraintes dualisables candidates => 1725 reellement dualisees (les 170757 autres relachees mais jamais penalisees)
  [cb_native dynamic calibration] h(0)=7.701284 pool_initial=50/1725
[cb_native dynamic] h(0)=7.701284 > positivity_threshold=1e-06 -- arret immediat (stop_when_positive).
[conic bundle] data_index=45 target=0 optimal_value=7.701283538254555 n_iter=0 (57.59s)
Initializing TargetedSDP...
Creating list of ytargets...
K :  10
self.n :  [784 100 100 100 100 100 100 100 100 100  10]
Getting to compute bounds...
STUDY : use active neurons:  True use inactive neurons:  False
STUDY : Nb Stable neurons :  440
Number of cuts to test: 1
Cuts to test: [['RLT', 'triangularization']]
Initializing MosekClassicHandler

 
 folder name dans handler:  /lustre/fswork/projects/rech/llc/uvq13au/FastSDPCertification/results/benchmark/9x100-0.026/2026_10_02_00h37_33s_battery-targeted-rlt-notcert
LAST_LAYER in resolve_layer_groups :  False
K :  10
CHORDAL_DECOMPOSITION  in resolve layer groups:  True
INPUT_IN_VARIABLES in resolve_layer_groups :  True
Taille de la matrice pour le groupe 0 [0, 1] : 831
Taille de la matrice pour le groupe 1 [1, 2] : 113
Taille de la matrice pour le groupe 2 [2, 3] : 115
Taille de la matrice pour le groupe 3 [3, 4] : 92
Taille de la matrice pour le groupe 4 [4, 5] : 84
Taille de la matrice pour le groupe 5 [5, 6] : 86
Taille de la matrice pour le groupe 6 [6, 7] : 98
Taille de la matrice pour le groupe 7 [7, 8] : 107
Taille de la matrice pour le groupe 8 [8, 9] : 116
Neurones stables actives:  set()
Neurones stables inactives:  {(7, 17), (1, 95), (7, 26), (8, 9), (5, 74), (8, 18), (9, 72), (5, 83), (6, 48), (5, 92), (6, 57), (9, 90), (6, 66), (6, 75), (6, 84), (3, 6), (2, 50), (3, 15), (2, 68), (3, 42), (7, 3), (1, 81), (1, 90), (7, 21), (1, 99), (6, 34), (9, 67), (5, 87), (5, 96), (6, 61), (6, 70), (2, 54), (3, 28), (3, 37), (4, 91), (1, 85), (5, 46), (9, 44), (5, 55), (9, 53), (5, 73), (6, 38), (5, 82), (6, 47), (8, 84), (2, 13), (2, 31), (3, 5), (3, 14), (4, 68), (1, 53), (4, 86), (1, 62), (1, 71), (7, 2), (1, 80), (7, 11), (5, 41), (1, 89), (9, 39), (5, 68), (6, 33), (5, 77), (7, 96), (8, 70), (8, 88), (2, 17), (3, 0), (3, 9), (4, 81), (1, 66), (4, 99), (5, 27), (1, 75), (9, 25), (9, 34), (9, 52), (6, 28), (8, 65), (8, 74), (8, 83), (4, 49), (4, 58), (1, 34), (4, 67), (4, 85), (1, 61), (9, 11), (5, 22), (1, 70), (5, 31), (3, 98), (9, 29), (5, 40), (9, 38), (9, 47), (7, 86), (8, 51), (8, 78), (2, 7), (2, 16), (4, 44), (1, 47), (4, 80), (5, 17), (1, 65), (3, 84), (9, 15), (3, 93), (9, 24), (5, 35), (6, 0), (9, 33), (5, 44), (7, 63), (6, 18), (7, 72), (7, 90), (8, 55), (8, 82), (2, 11), (4, 30), (4, 39), (4, 48), (1, 24), (4, 57), (5, 3), (1, 51), (3, 70), (5, 21), (3, 88), (3, 97), (5, 39), (6, 13), (7, 67), (8, 32), (8, 50), (7, 94), (8, 68), (4, 34), (4, 43), (1, 19), (4, 52), (1, 28), (4, 61), (1, 37), (1, 46), (3, 74), (3, 83), (5, 25), (7, 62), (8, 27), (7, 71), (8, 36), (4, 11), (6, 93), (4, 20), (4, 29), (4, 38), (1, 14), (4, 47), (2, 86), (2, 95), (3, 60), (5, 2), (5, 11), (8, 13), (7, 57), (7, 66), (7, 75), (8, 49), (6, 79), (4, 15), (6, 97), (4, 24), (1, 0), (3, 46), (3, 55), (5, 6), (3, 73), (7, 43), (8, 17), (5, 91), (9, 98), (4, 1), (6, 83), (6, 92), (1, 4), (2, 67), (3, 32), (2, 85), (3, 50), (7, 29), (8, 21), (9, 75), (5, 86), (6, 60), (9, 93), (6, 78), (4, 5), (2, 44), (2, 53), (2, 62), (3, 27), (7, 6), (3, 63), (7, 24), (7, 33), (8, 7), (5, 72), (9, 70), (5, 81), (9, 79), (5, 90), (6, 55), (6, 73), (6, 82), (4, 9), (2, 39), (3, 13), (3, 22), (2, 75), (4, 94), (7, 1), (3, 49), (1, 88), (7, 19), (7, 28), (7, 37), (8, 2), (9, 56), (5, 67), (8, 11), (9, 65), (5, 76), (6, 41), (5, 85), (6, 50), (9, 83), (6, 59), (6, 68), (8, 96), (2, 34), (3, 8), (3, 17), (2, 61), (3, 44), (4, 98), (1, 74), (7, 5), (7, 14), (7, 23), (5, 62), (6, 27), (5, 71), (6, 36), (6, 54), (2, 38), (3, 3), (2, 47), (3, 12), (4, 75), (1, 60), (1, 69), (7, 0), (1, 78), (7, 9), (1, 87), (9, 37), (6, 22), (5, 66), (6, 31), (5, 84), (6, 58), (8, 95), (2, 42), (3, 7), (3, 16), (4, 70), (3, 25), (4, 79), (1, 55), (1, 64), (7, 4), (5, 34), (1, 82), (5, 43), (6, 8), (5, 52), (5, 61), (9, 59), (5, 70), (6, 35), (8, 72), (2, 10), (2, 19), (3, 11), (4, 65), (1, 41), (4, 74), (1, 50), (4, 92), (1, 68), (1, 77), (9, 27), (6, 3), (5, 47), (6, 12), (6, 21), (9, 54), (6, 30), (6, 39), (7, 93), (8, 67), (8, 94), (4, 42), (1, 27), (1, 36), (4, 78), (1, 54), (9, 4), (5, 15), (5, 33), (5, 42), (6, 7), (9, 40), (5, 51), (7, 79), (8, 62), (8, 71), (8, 80), (8, 89), (4, 55), (4, 64), (4, 73), (5, 1), (5, 10), (1, 58), (3, 86), (9, 17), (3, 95), (9, 26), (9, 35), (6, 11), (7, 65), (6, 20), (7, 74), (8, 48), (8, 75), (4, 23), (1, 17), (4, 50), (4, 59), (1, 44), (2, 98), (3, 72), (9, 12), (3, 90), (5, 32), (3, 99), (8, 25), (8, 43), (8, 52), (1, 12), (4, 45), (1, 21), (1, 39), (3, 58), (5, 0), (5, 9), (3, 76), (9, 7), (7, 55), (7, 64), (7, 73), (8, 56), (4, 4), (6, 86), (4, 13), (6, 95), (4, 22), (4, 31), (1, 7), (4, 40), (2, 70), (2, 88), (3, 53), (5, 4), (5, 13), (7, 32), (8, 6), (7, 59), (7, 68), (9, 87), (5, 98), (8, 42), (6, 72), (4, 8), (6, 99), (4, 26), (1, 2), (1, 11), (3, 39), (7, 18), (3, 66), (7, 36), (8, 1), (8, 19), (8, 28), (9, 82), (6, 76), (4, 3), (6, 85), (4, 12), (6, 94), (1, 6), (2, 69), (2, 78), (3, 43), (3, 52), (7, 13), (8, 5), (7, 49), (5, 79), (8, 23), (5, 88), (6, 53), (5, 97), (9, 95), (6, 80), (4, 7), (6, 89), (4, 16), (2, 46), (1, 1), (2, 55), (3, 20), (2, 64), (2, 82), (3, 56)}
Adjusting MOSEK solver parameters
MOSEK time limit set to 180s
Adding objective function for Lan
Initializing variables...
CALLBACK num variables : 780584
Adding ReLU constraints for layer 1
Adding ReLU constraints for layer 2
Adding ReLU constraints for layer 3
Adding ReLU constraints for layer 4
Adding ReLU constraints for layer 5
Adding ReLU constraints for layer 6
Adding ReLU constraints for layer 7
Adding ReLU constraints for layer 8
Adding ReLU constraints for layer 9
Adding quadratic bounds constraint
Adding quadratic bounds constraint for layer 0
Adding quadratic bounds constraint for layer 1
Adding quadratic bounds constraint for layer 2
Adding quadratic bounds constraint for layer 3
Adding quadratic bounds constraint for layer 4
Adding quadratic bounds constraint for layer 5
Adding quadratic bounds constraint for layer 6
Adding quadratic bounds constraint for layer 7
Adding quadratic bounds constraint for layer 8
Adding quadratic bounds constraint for layer 9
Adding RLT constraint (compact)
Indexes pruned for layer 1 : []
Indexes pruned for layer 2 : [0, 1, 2, 4, 6, 7, 11, 12, 14, 17, 19, 21, 24, 27, 28, 34, 36, 37, 39, 41, 44, 46, 47, 50, 51, 53, 54, 55, 58, 60, 61, 62, 64, 65, 66, 68, 69, 70, 71, 74, 75, 77, 78, 80, 81, 82, 85, 87, 88, 89, 90, 95, 99]
Indexes pruned for layer 3 : [7, 10, 11, 13, 16, 17, 19, 31, 34, 38, 39, 42, 44, 46, 47, 50, 53, 54, 55, 61, 62, 64, 67, 68, 69, 70, 75, 78, 82, 85, 86, 88, 95, 98]
Indexes pruned for layer 4 : [0, 3, 5, 6, 7, 8, 9, 11, 12, 13, 14, 15, 16, 17, 20, 22, 25, 27, 28, 32, 37, 39, 42, 43, 44, 46, 49, 50, 52, 53, 55, 56, 58, 60, 63, 66, 70, 72, 73, 74, 76, 83, 84, 86, 88, 90, 93, 95, 97, 98, 99]
Indexes pruned for layer 5 : [1, 3, 4, 5, 7, 8, 9, 11, 12, 13, 15, 16, 20, 22, 23, 24, 26, 29, 30, 31, 34, 38, 39, 40, 42, 43, 44, 45, 47, 48, 49, 50, 52, 55, 57, 58, 59, 61, 64, 65, 67, 68, 70, 73, 74, 75, 78, 79, 80, 81, 85, 86, 91, 92, 94, 98, 99]
Indexes pruned for layer 6 : [0, 1, 2, 3, 4, 6, 9, 10, 11, 13, 15, 17, 21, 22, 25, 27, 31, 32, 33, 34, 35, 39, 40, 41, 42, 43, 44, 46, 47, 51, 52, 55, 61, 62, 66, 67, 68, 70, 71, 72, 73, 74, 76, 77, 79, 81, 82, 83, 84, 85, 86, 87, 88, 90, 91, 92, 96, 97, 98]
Indexes pruned for layer 7 : [0, 3, 7, 8, 11, 12, 13, 18, 20, 21, 22, 27, 28, 30, 31, 33, 34, 35, 36, 38, 39, 41, 47, 48, 50, 53, 54, 55, 57, 58, 59, 60, 61, 66, 68, 70, 72, 73, 75, 76, 78, 79, 80, 82, 83, 84, 85, 86, 89, 92, 93, 94, 95, 97, 99]
Indexes pruned for layer 8 : [0, 1, 2, 3, 4, 5, 6, 9, 11, 13, 14, 17, 18, 19, 21, 23, 24, 26, 28, 29, 32, 33, 36, 37, 43, 49, 55, 57, 59, 62, 63, 64, 65, 66, 67, 68, 71, 72, 73, 74, 75, 79, 86, 90, 93, 94, 96]
Indexes pruned for layer 9 : [1, 2, 5, 6, 7, 9, 11, 13, 17, 18, 19, 21, 23, 25, 27, 28, 32, 36, 42, 43, 48, 49, 50, 51, 52, 55, 56, 62, 65, 67, 68, 70, 71, 72, 74, 75, 78, 80, 82, 83, 84, 88, 89, 94, 95, 96]
CALLBACK : RLT (compact) = 57494 (dont 0 en repli chemin lent)
Adding rec matrices constraint
Number of constraints for the matrix by layers: 398 for 10 layers, [784 100 100 100 100 100 100 100 100 100  10] neurons, boundary layers: [1, 2, 3, 4, 5, 6, 7, 8]
Adding first term equal zero constraint
CALLBACK : Ending constraints. Total number of constraints :  175973
Cuts in _write_presolve_row:  ['RLT', 'triangularization']
Number of constraints before optimization:  175973
Number of variables before optimization:  780584
All possible cuts:  ['RLT', 'triangularization', 'McCormick_beta_z', 'beta_logits_comparaison', 'beta_logits_comparaison_big_M', 'sum_beta_logits_equal_logit']
Cuts added to dic for _write_presolve_row:  {'RLT': True, 'triangularization': True, 'McCormick_beta_z': False, 'beta_logits_comparaison': False, 'beta_logits_comparaison_big_M': False, 'sum_beta_logits_equal_logit': False}
Writing pre-solve row to results.csv with data_index: 45 target: 1
Pre-solve row written to results.csv with data_index: 45 target: 1
Pre-solve row written to results.csv with 175973 constraints and 780584 variables.
INFO     01:31:57     [objective_classic.py:97] Adding Objective to the task
CALLBACK : Number of constraints : 175973
[conic bundle] factor=0.01 x 172482 contraintes dualisables candidates => 1725 reellement dualisees (les 170757 autres relachees mais jamais penalisees)
  [cb_native dynamic calibration] h(0)=3.594708 pool_initial=7/1725
[cb_native dynamic] h(0)=3.594708 > positivity_threshold=1e-06 -- arret immediat (stop_when_positive).
[conic bundle] data_index=45 target=1 optimal_value=3.59470782094434 n_iter=0 (42.34s)
Initializing TargetedSDP...
Creating list of ytargets...
K :  10
self.n :  [784 100 100 100 100 100 100 100 100 100  10]
Getting to compute bounds...
STUDY : use active neurons:  True use inactive neurons:  False
STUDY : Nb Stable neurons :  440
Number of cuts to test: 1
Cuts to test: [['RLT', 'triangularization']]
Initializing MosekClassicHandler

 
 folder name dans handler:  /lustre/fswork/projects/rech/llc/uvq13au/FastSDPCertification/results/benchmark/9x100-0.026/2026_10_02_00h37_33s_battery-targeted-rlt-notcert
LAST_LAYER in resolve_layer_groups :  False
K :  10
CHORDAL_DECOMPOSITION  in resolve layer groups:  True
INPUT_IN_VARIABLES in resolve_layer_groups :  True
Taille de la matrice pour le groupe 0 [0, 1] : 831
Taille de la matrice pour le groupe 1 [1, 2] : 113
Taille de la matrice pour le groupe 2 [2, 3] : 115
Taille de la matrice pour le groupe 3 [3, 4] : 92
Taille de la matrice pour le groupe 4 [4, 5] : 84
Taille de la matrice pour le groupe 5 [5, 6] : 86
Taille de la matrice pour le groupe 6 [6, 7] : 98
Taille de la matrice pour le groupe 7 [7, 8] : 107
Taille de la matrice pour le groupe 8 [8, 9] : 116
Neurones stables actives:  set()
Neurones stables inactives:  {(7, 17), (1, 95), (7, 26), (8, 9), (5, 74), (8, 18), (9, 72), (5, 83), (6, 48), (5, 92), (6, 57), (9, 90), (6, 66), (6, 75), (6, 84), (3, 6), (2, 50), (3, 15), (2, 68), (3, 42), (7, 3), (1, 81), (1, 90), (7, 21), (1, 99), (6, 34), (9, 67), (5, 87), (5, 96), (6, 61), (6, 70), (2, 54), (3, 28), (3, 37), (4, 91), (1, 85), (5, 46), (9, 44), (5, 55), (9, 53), (5, 73), (6, 38), (5, 82), (6, 47), (8, 84), (2, 13), (2, 31), (3, 5), (3, 14), (4, 68), (1, 53), (4, 86), (1, 62), (1, 71), (7, 2), (1, 80), (7, 11), (5, 41), (1, 89), (9, 39), (5, 68), (6, 33), (5, 77), (7, 96), (8, 70), (8, 88), (2, 17), (3, 0), (3, 9), (4, 81), (1, 66), (4, 99), (5, 27), (1, 75), (9, 25), (9, 34), (9, 52), (6, 28), (8, 65), (8, 74), (8, 83), (4, 49), (4, 58), (1, 34), (4, 67), (4, 85), (1, 61), (9, 11), (5, 22), (1, 70), (5, 31), (3, 98), (9, 29), (5, 40), (9, 38), (9, 47), (7, 86), (8, 51), (8, 78), (2, 7), (2, 16), (4, 44), (1, 47), (4, 80), (5, 17), (1, 65), (3, 84), (9, 15), (3, 93), (9, 24), (5, 35), (6, 0), (9, 33), (5, 44), (7, 63), (6, 18), (7, 72), (7, 90), (8, 55), (8, 82), (2, 11), (4, 30), (4, 39), (4, 48), (1, 24), (4, 57), (5, 3), (1, 51), (3, 70), (5, 21), (3, 88), (3, 97), (5, 39), (6, 13), (7, 67), (8, 32), (8, 50), (7, 94), (8, 68), (4, 34), (4, 43), (1, 19), (4, 52), (1, 28), (4, 61), (1, 37), (1, 46), (3, 74), (3, 83), (5, 25), (7, 62), (8, 27), (7, 71), (8, 36), (4, 11), (6, 93), (4, 20), (4, 29), (4, 38), (1, 14), (4, 47), (2, 86), (2, 95), (3, 60), (5, 2), (5, 11), (8, 13), (7, 57), (7, 66), (7, 75), (8, 49), (6, 79), (4, 15), (6, 97), (4, 24), (1, 0), (3, 46), (3, 55), (5, 6), (3, 73), (7, 43), (8, 17), (5, 91), (9, 98), (4, 1), (6, 83), (6, 92), (1, 4), (2, 67), (3, 32), (2, 85), (3, 50), (7, 29), (8, 21), (9, 75), (5, 86), (6, 60), (9, 93), (6, 78), (4, 5), (2, 44), (2, 53), (2, 62), (3, 27), (7, 6), (3, 63), (7, 24), (7, 33), (8, 7), (5, 72), (9, 70), (5, 81), (9, 79), (5, 90), (6, 55), (6, 73), (6, 82), (4, 9), (2, 39), (3, 13), (3, 22), (2, 75), (4, 94), (7, 1), (3, 49), (1, 88), (7, 19), (7, 28), (7, 37), (8, 2), (9, 56), (5, 67), (8, 11), (9, 65), (5, 76), (6, 41), (5, 85), (6, 50), (9, 83), (6, 59), (6, 68), (8, 96), (2, 34), (3, 8), (3, 17), (2, 61), (3, 44), (4, 98), (1, 74), (7, 5), (7, 14), (7, 23), (5, 62), (6, 27), (5, 71), (6, 36), (6, 54), (2, 38), (3, 3), (2, 47), (3, 12), (4, 75), (1, 60), (1, 69), (7, 0), (1, 78), (7, 9), (1, 87), (9, 37), (6, 22), (5, 66), (6, 31), (5, 84), (6, 58), (8, 95), (2, 42), (3, 7), (3, 16), (4, 70), (3, 25), (4, 79), (1, 55), (1, 64), (7, 4), (5, 34), (1, 82), (5, 43), (6, 8), (5, 52), (5, 61), (9, 59), (5, 70), (6, 35), (8, 72), (2, 10), (2, 19), (3, 11), (4, 65), (1, 41), (4, 74), (1, 50), (4, 92), (1, 68), (1, 77), (9, 27), (6, 3), (5, 47), (6, 12), (6, 21), (9, 54), (6, 30), (6, 39), (7, 93), (8, 67), (8, 94), (4, 42), (1, 27), (1, 36), (4, 78), (1, 54), (9, 4), (5, 15), (5, 33), (5, 42), (6, 7), (9, 40), (5, 51), (7, 79), (8, 62), (8, 71), (8, 80), (8, 89), (4, 55), (4, 64), (4, 73), (5, 1), (5, 10), (1, 58), (3, 86), (9, 17), (3, 95), (9, 26), (9, 35), (6, 11), (7, 65), (6, 20), (7, 74), (8, 48), (8, 75), (4, 23), (1, 17), (4, 50), (4, 59), (1, 44), (2, 98), (3, 72), (9, 12), (3, 90), (5, 32), (3, 99), (8, 25), (8, 43), (8, 52), (1, 12), (4, 45), (1, 21), (1, 39), (3, 58), (5, 0), (5, 9), (3, 76), (9, 7), (7, 55), (7, 64), (7, 73), (8, 56), (4, 4), (6, 86), (4, 13), (6, 95), (4, 22), (4, 31), (1, 7), (4, 40), (2, 70), (2, 88), (3, 53), (5, 4), (5, 13), (7, 32), (8, 6), (7, 59), (7, 68), (9, 87), (5, 98), (8, 42), (6, 72), (4, 8), (6, 99), (4, 26), (1, 2), (1, 11), (3, 39), (7, 18), (3, 66), (7, 36), (8, 1), (8, 19), (8, 28), (9, 82), (6, 76), (4, 3), (6, 85), (4, 12), (6, 94), (1, 6), (2, 69), (2, 78), (3, 43), (3, 52), (7, 13), (8, 5), (7, 49), (5, 79), (8, 23), (5, 88), (6, 53), (5, 97), (9, 95), (6, 80), (4, 7), (6, 89), (4, 16), (2, 46), (1, 1), (2, 55), (3, 20), (2, 64), (2, 82), (3, 56)}
Adjusting MOSEK solver parameters
MOSEK time limit set to 180s
Adding objective function for Lan
Initializing variables...
CALLBACK num variables : 780584
Adding ReLU constraints for layer 1
Adding ReLU constraints for layer 2
Adding ReLU constraints for layer 3
Adding ReLU constraints for layer 4
Adding ReLU constraints for layer 5
Adding ReLU constraints for layer 6
Adding ReLU constraints for layer 7
Adding ReLU constraints for layer 8
Adding ReLU constraints for layer 9
Adding quadratic bounds constraint
Adding quadratic bounds constraint for layer 0
Adding quadratic bounds constraint for layer 1
Adding quadratic bounds constraint for layer 2
Adding quadratic bounds constraint for layer 3
Adding quadratic bounds constraint for layer 4
Adding quadratic bounds constraint for layer 5
Adding quadratic bounds constraint for layer 6
Adding quadratic bounds constraint for layer 7
Adding quadratic bounds constraint for layer 8
Adding quadratic bounds constraint for layer 9
Adding RLT constraint (compact)
Indexes pruned for layer 1 : []
Indexes pruned for layer 2 : [0, 1, 2, 4, 6, 7, 11, 12, 14, 17, 19, 21, 24, 27, 28, 34, 36, 37, 39, 41, 44, 46, 47, 50, 51, 53, 54, 55, 58, 60, 61, 62, 64, 65, 66, 68, 69, 70, 71, 74, 75, 77, 78, 80, 81, 82, 85, 87, 88, 89, 90, 95, 99]
Indexes pruned for layer 3 : [7, 10, 11, 13, 16, 17, 19, 31, 34, 38, 39, 42, 44, 46, 47, 50, 53, 54, 55, 61, 62, 64, 67, 68, 69, 70, 75, 78, 82, 85, 86, 88, 95, 98]
Indexes pruned for layer 4 : [0, 3, 5, 6, 7, 8, 9, 11, 12, 13, 14, 15, 16, 17, 20, 22, 25, 27, 28, 32, 37, 39, 42, 43, 44, 46, 49, 50, 52, 53, 55, 56, 58, 60, 63, 66, 70, 72, 73, 74, 76, 83, 84, 86, 88, 90, 93, 95, 97, 98, 99]
Indexes pruned for layer 5 : [1, 3, 4, 5, 7, 8, 9, 11, 12, 13, 15, 16, 20, 22, 23, 24, 26, 29, 30, 31, 34, 38, 39, 40, 42, 43, 44, 45, 47, 48, 49, 50, 52, 55, 57, 58, 59, 61, 64, 65, 67, 68, 70, 73, 74, 75, 78, 79, 80, 81, 85, 86, 91, 92, 94, 98, 99]
Indexes pruned for layer 6 : [0, 1, 2, 3, 4, 6, 9, 10, 11, 13, 15, 17, 21, 22, 25, 27, 31, 32, 33, 34, 35, 39, 40, 41, 42, 43, 44, 46, 47, 51, 52, 55, 61, 62, 66, 67, 68, 70, 71, 72, 73, 74, 76, 77, 79, 81, 82, 83, 84, 85, 86, 87, 88, 90, 91, 92, 96, 97, 98]
Indexes pruned for layer 7 : [0, 3, 7, 8, 11, 12, 13, 18, 20, 21, 22, 27, 28, 30, 31, 33, 34, 35, 36, 38, 39, 41, 47, 48, 50, 53, 54, 55, 57, 58, 59, 60, 61, 66, 68, 70, 72, 73, 75, 76, 78, 79, 80, 82, 83, 84, 85, 86, 89, 92, 93, 94, 95, 97, 99]
Indexes pruned for layer 8 : [0, 1, 2, 3, 4, 5, 6, 9, 11, 13, 14, 17, 18, 19, 21, 23, 24, 26, 28, 29, 32, 33, 36, 37, 43, 49, 55, 57, 59, 62, 63, 64, 65, 66, 67, 68, 71, 72, 73, 74, 75, 79, 86, 90, 93, 94, 96]
Indexes pruned for layer 9 : [1, 2, 5, 6, 7, 9, 11, 13, 17, 18, 19, 21, 23, 25, 27, 28, 32, 36, 42, 43, 48, 49, 50, 51, 52, 55, 56, 62, 65, 67, 68, 70, 71, 72, 74, 75, 78, 80, 82, 83, 84, 88, 89, 94, 95, 96]
CALLBACK : RLT (compact) = 57494 (dont 0 en repli chemin lent)
Adding rec matrices constraint
Number of constraints for the matrix by layers: 398 for 10 layers, [784 100 100 100 100 100 100 100 100 100  10] neurons, boundary layers: [1, 2, 3, 4, 5, 6, 7, 8]
Adding first term equal zero constraint
CALLBACK : Ending constraints. Total number of constraints :  175973
Cuts in _write_presolve_row:  ['RLT', 'triangularization']
Number of constraints before optimization:  175973
Number of variables before optimization:  780584
All possible cuts:  ['RLT', 'triangularization', 'McCormick_beta_z', 'beta_logits_comparaison', 'beta_logits_comparaison_big_M', 'sum_beta_logits_equal_logit']
Cuts added to dic for _write_presolve_row:  {'RLT': True, 'triangularization': True, 'McCormick_beta_z': False, 'beta_logits_comparaison': False, 'beta_logits_comparaison_big_M': False, 'sum_beta_logits_equal_logit': False}
Writing pre-solve row to results.csv with data_index: 45 target: 2
Pre-solve row written to results.csv with data_index: 45 target: 2
Pre-solve row written to results.csv with 175973 constraints and 780584 variables.
INFO     01:32:42     [objective_classic.py:97] Adding Objective to the task
CALLBACK : Number of constraints : 175973
[conic bundle] factor=0.01 x 172482 contraintes dualisables candidates => 1725 reellement dualisees (les 170757 autres relachees mais jamais penalisees)
  [cb_native dynamic calibration] h(0)=3.500708 pool_initial=50/1725
[cb_native dynamic] h(0)=3.500708 > positivity_threshold=1e-06 -- arret immediat (stop_when_positive).
[conic bundle] data_index=45 target=2 optimal_value=3.500707764645262 n_iter=0 (41.58s)
Initializing TargetedSDP...
Creating list of ytargets...
K :  10
self.n :  [784 100 100 100 100 100 100 100 100 100  10]
Getting to compute bounds...
STUDY : use active neurons:  True use inactive neurons:  False
STUDY : Nb Stable neurons :  440
Number of cuts to test: 1
Cuts to test: [['RLT', 'triangularization']]
Initializing MosekClassicHandler

 
 folder name dans handler:  /lustre/fswork/projects/rech/llc/uvq13au/FastSDPCertification/results/benchmark/9x100-0.026/2026_10_02_00h37_33s_battery-targeted-rlt-notcert
LAST_LAYER in resolve_layer_groups :  False
K :  10
CHORDAL_DECOMPOSITION  in resolve layer groups:  True
INPUT_IN_VARIABLES in resolve_layer_groups :  True
Taille de la matrice pour le groupe 0 [0, 1] : 831
Taille de la matrice pour le groupe 1 [1, 2] : 113
Taille de la matrice pour le groupe 2 [2, 3] : 115
Taille de la matrice pour le groupe 3 [3, 4] : 92
Taille de la matrice pour le groupe 4 [4, 5] : 84
Taille de la matrice pour le groupe 5 [5, 6] : 86
Taille de la matrice pour le groupe 6 [6, 7] : 98
Taille de la matrice pour le groupe 7 [7, 8] : 107
Taille de la matrice pour le groupe 8 [8, 9] : 116
Neurones stables actives:  set()
Neurones stables inactives:  {(7, 17), (1, 95), (7, 26), (8, 9), (5, 74), (8, 18), (9, 72), (5, 83), (6, 48), (5, 92), (6, 57), (9, 90), (6, 66), (6, 75), (6, 84), (3, 6), (2, 50), (3, 15), (2, 68), (3, 42), (7, 3), (1, 81), (1, 90), (7, 21), (1, 99), (6, 34), (9, 67), (5, 87), (5, 96), (6, 61), (6, 70), (2, 54), (3, 28), (3, 37), (4, 91), (1, 85), (5, 46), (9, 44), (5, 55), (9, 53), (5, 73), (6, 38), (5, 82), (6, 47), (8, 84), (2, 13), (2, 31), (3, 5), (3, 14), (4, 68), (1, 53), (4, 86), (1, 62), (1, 71), (7, 2), (1, 80), (7, 11), (5, 41), (1, 89), (9, 39), (5, 68), (6, 33), (5, 77), (7, 96), (8, 70), (8, 88), (2, 17), (3, 0), (3, 9), (4, 81), (1, 66), (4, 99), (5, 27), (1, 75), (9, 25), (9, 34), (9, 52), (6, 28), (8, 65), (8, 74), (8, 83), (4, 49), (4, 58), (1, 34), (4, 67), (4, 85), (1, 61), (9, 11), (5, 22), (1, 70), (5, 31), (3, 98), (9, 29), (5, 40), (9, 38), (9, 47), (7, 86), (8, 51), (8, 78), (2, 7), (2, 16), (4, 44), (1, 47), (4, 80), (5, 17), (1, 65), (3, 84), (9, 15), (3, 93), (9, 24), (5, 35), (6, 0), (9, 33), (5, 44), (7, 63), (6, 18), (7, 72), (7, 90), (8, 55), (8, 82), (2, 11), (4, 30), (4, 39), (4, 48), (1, 24), (4, 57), (5, 3), (1, 51), (3, 70), (5, 21), (3, 88), (3, 97), (5, 39), (6, 13), (7, 67), (8, 32), (8, 50), (7, 94), (8, 68), (4, 34), (4, 43), (1, 19), (4, 52), (1, 28), (4, 61), (1, 37), (1, 46), (3, 74), (3, 83), (5, 25), (7, 62), (8, 27), (7, 71), (8, 36), (4, 11), (6, 93), (4, 20), (4, 29), (4, 38), (1, 14), (4, 47), (2, 86), (2, 95), (3, 60), (5, 2), (5, 11), (8, 13), (7, 57), (7, 66), (7, 75), (8, 49), (6, 79), (4, 15), (6, 97), (4, 24), (1, 0), (3, 46), (3, 55), (5, 6), (3, 73), (7, 43), (8, 17), (5, 91), (9, 98), (4, 1), (6, 83), (6, 92), (1, 4), (2, 67), (3, 32), (2, 85), (3, 50), (7, 29), (8, 21), (9, 75), (5, 86), (6, 60), (9, 93), (6, 78), (4, 5), (2, 44), (2, 53), (2, 62), (3, 27), (7, 6), (3, 63), (7, 24), (7, 33), (8, 7), (5, 72), (9, 70), (5, 81), (9, 79), (5, 90), (6, 55), (6, 73), (6, 82), (4, 9), (2, 39), (3, 13), (3, 22), (2, 75), (4, 94), (7, 1), (3, 49), (1, 88), (7, 19), (7, 28), (7, 37), (8, 2), (9, 56), (5, 67), (8, 11), (9, 65), (5, 76), (6, 41), (5, 85), (6, 50), (9, 83), (6, 59), (6, 68), (8, 96), (2, 34), (3, 8), (3, 17), (2, 61), (3, 44), (4, 98), (1, 74), (7, 5), (7, 14), (7, 23), (5, 62), (6, 27), (5, 71), (6, 36), (6, 54), (2, 38), (3, 3), (2, 47), (3, 12), (4, 75), (1, 60), (1, 69), (7, 0), (1, 78), (7, 9), (1, 87), (9, 37), (6, 22), (5, 66), (6, 31), (5, 84), (6, 58), (8, 95), (2, 42), (3, 7), (3, 16), (4, 70), (3, 25), (4, 79), (1, 55), (1, 64), (7, 4), (5, 34), (1, 82), (5, 43), (6, 8), (5, 52), (5, 61), (9, 59), (5, 70), (6, 35), (8, 72), (2, 10), (2, 19), (3, 11), (4, 65), (1, 41), (4, 74), (1, 50), (4, 92), (1, 68), (1, 77), (9, 27), (6, 3), (5, 47), (6, 12), (6, 21), (9, 54), (6, 30), (6, 39), (7, 93), (8, 67), (8, 94), (4, 42), (1, 27), (1, 36), (4, 78), (1, 54), (9, 4), (5, 15), (5, 33), (5, 42), (6, 7), (9, 40), (5, 51), (7, 79), (8, 62), (8, 71), (8, 80), (8, 89), (4, 55), (4, 64), (4, 73), (5, 1), (5, 10), (1, 58), (3, 86), (9, 17), (3, 95), (9, 26), (9, 35), (6, 11), (7, 65), (6, 20), (7, 74), (8, 48), (8, 75), (4, 23), (1, 17), (4, 50), (4, 59), (1, 44), (2, 98), (3, 72), (9, 12), (3, 90), (5, 32), (3, 99), (8, 25), (8, 43), (8, 52), (1, 12), (4, 45), (1, 21), (1, 39), (3, 58), (5, 0), (5, 9), (3, 76), (9, 7), (7, 55), (7, 64), (7, 73), (8, 56), (4, 4), (6, 86), (4, 13), (6, 95), (4, 22), (4, 31), (1, 7), (4, 40), (2, 70), (2, 88), (3, 53), (5, 4), (5, 13), (7, 32), (8, 6), (7, 59), (7, 68), (9, 87), (5, 98), (8, 42), (6, 72), (4, 8), (6, 99), (4, 26), (1, 2), (1, 11), (3, 39), (7, 18), (3, 66), (7, 36), (8, 1), (8, 19), (8, 28), (9, 82), (6, 76), (4, 3), (6, 85), (4, 12), (6, 94), (1, 6), (2, 69), (2, 78), (3, 43), (3, 52), (7, 13), (8, 5), (7, 49), (5, 79), (8, 23), (5, 88), (6, 53), (5, 97), (9, 95), (6, 80), (4, 7), (6, 89), (4, 16), (2, 46), (1, 1), (2, 55), (3, 20), (2, 64), (2, 82), (3, 56)}
Adjusting MOSEK solver parameters
MOSEK time limit set to 180s
Adding objective function for Lan
Initializing variables...
CALLBACK num variables : 780584
Adding ReLU constraints for layer 1
Adding ReLU constraints for layer 2
Adding ReLU constraints for layer 3
Adding ReLU constraints for layer 4
Adding ReLU constraints for layer 5
Adding ReLU constraints for layer 6
Adding ReLU constraints for layer 7
Adding ReLU constraints for layer 8
Adding ReLU constraints for layer 9
Adding quadratic bounds constraint
Adding quadratic bounds constraint for layer 0
Adding quadratic bounds constraint for layer 1
Adding quadratic bounds constraint for layer 2
Adding quadratic bounds constraint for layer 3
Adding quadratic bounds constraint for layer 4
Adding quadratic bounds constraint for layer 5
Adding quadratic bounds constraint for layer 6
Adding quadratic bounds constraint for layer 7
Adding quadratic bounds constraint for layer 8
Adding quadratic bounds constraint for layer 9
Adding RLT constraint (compact)
Indexes pruned for layer 1 : []
Indexes pruned for layer 2 : [0, 1, 2, 4, 6, 7, 11, 12, 14, 17, 19, 21, 24, 27, 28, 34, 36, 37, 39, 41, 44, 46, 47, 50, 51, 53, 54, 55, 58, 60, 61, 62, 64, 65, 66, 68, 69, 70, 71, 74, 75, 77, 78, 80, 81, 82, 85, 87, 88, 89, 90, 95, 99]
Indexes pruned for layer 3 : [7, 10, 11, 13, 16, 17, 19, 31, 34, 38, 39, 42, 44, 46, 47, 50, 53, 54, 55, 61, 62, 64, 67, 68, 69, 70, 75, 78, 82, 85, 86, 88, 95, 98]
Indexes pruned for layer 4 : [0, 3, 5, 6, 7, 8, 9, 11, 12, 13, 14, 15, 16, 17, 20, 22, 25, 27, 28, 32, 37, 39, 42, 43, 44, 46, 49, 50, 52, 53, 55, 56, 58, 60, 63, 66, 70, 72, 73, 74, 76, 83, 84, 86, 88, 90, 93, 95, 97, 98, 99]
Indexes pruned for layer 5 : [1, 3, 4, 5, 7, 8, 9, 11, 12, 13, 15, 16, 20, 22, 23, 24, 26, 29, 30, 31, 34, 38, 39, 40, 42, 43, 44, 45, 47, 48, 49, 50, 52, 55, 57, 58, 59, 61, 64, 65, 67, 68, 70, 73, 74, 75, 78, 79, 80, 81, 85, 86, 91, 92, 94, 98, 99]
Indexes pruned for layer 6 : [0, 1, 2, 3, 4, 6, 9, 10, 11, 13, 15, 17, 21, 22, 25, 27, 31, 32, 33, 34, 35, 39, 40, 41, 42, 43, 44, 46, 47, 51, 52, 55, 61, 62, 66, 67, 68, 70, 71, 72, 73, 74, 76, 77, 79, 81, 82, 83, 84, 85, 86, 87, 88, 90, 91, 92, 96, 97, 98]
Indexes pruned for layer 7 : [0, 3, 7, 8, 11, 12, 13, 18, 20, 21, 22, 27, 28, 30, 31, 33, 34, 35, 36, 38, 39, 41, 47, 48, 50, 53, 54, 55, 57, 58, 59, 60, 61, 66, 68, 70, 72, 73, 75, 76, 78, 79, 80, 82, 83, 84, 85, 86, 89, 92, 93, 94, 95, 97, 99]
Indexes pruned for layer 8 : [0, 1, 2, 3, 4, 5, 6, 9, 11, 13, 14, 17, 18, 19, 21, 23, 24, 26, 28, 29, 32, 33, 36, 37, 43, 49, 55, 57, 59, 62, 63, 64, 65, 66, 67, 68, 71, 72, 73, 74, 75, 79, 86, 90, 93, 94, 96]
Indexes pruned for layer 9 : [1, 2, 5, 6, 7, 9, 11, 13, 17, 18, 19, 21, 23, 25, 27, 28, 32, 36, 42, 43, 48, 49, 50, 51, 52, 55, 56, 62, 65, 67, 68, 70, 71, 72, 74, 75, 78, 80, 82, 83, 84, 88, 89, 94, 95, 96]
CALLBACK : RLT (compact) = 57494 (dont 0 en repli chemin lent)
Adding rec matrices constraint
Number of constraints for the matrix by layers: 398 for 10 layers, [784 100 100 100 100 100 100 100 100 100  10] neurons, boundary layers: [1, 2, 3, 4, 5, 6, 7, 8]
Adding first term equal zero constraint
CALLBACK : Ending constraints. Total number of constraints :  175973
Cuts in _write_presolve_row:  ['RLT', 'triangularization']
Number of constraints before optimization:  175973
Number of variables before optimization:  780584
All possible cuts:  ['RLT', 'triangularization', 'McCormick_beta_z', 'beta_logits_comparaison', 'beta_logits_comparaison_big_M', 'sum_beta_logits_equal_logit']
Cuts added to dic for _write_presolve_row:  {'RLT': True, 'triangularization': True, 'McCormick_beta_z': False, 'beta_logits_comparaison': False, 'beta_logits_comparaison_big_M': False, 'sum_beta_logits_equal_logit': False}
Writing pre-solve row to results.csv with data_index: 45 target: 3
Pre-solve row written to results.csv with data_index: 45 target: 3
Pre-solve row written to results.csv with 175973 constraints and 780584 variables.
INFO     01:33:25     [objective_classic.py:97] Adding Objective to the task
CALLBACK : Number of constraints : 175973
[conic bundle] factor=0.01 x 172482 contraintes dualisables candidates => 1725 reellement dualisees (les 170757 autres relachees mais jamais penalisees)
  [cb_native dynamic calibration] h(0)=3.178697 pool_initial=50/1725
[cb_native dynamic] h(0)=3.178697 > positivity_threshold=1e-06 -- arret immediat (stop_when_positive).
[conic bundle] data_index=45 target=3 optimal_value=3.178696899975141 n_iter=0 (40.50s)
Initializing TargetedSDP...
Creating list of ytargets...
K :  10
self.n :  [784 100 100 100 100 100 100 100 100 100  10]
Getting to compute bounds...
STUDY : use active neurons:  True use inactive neurons:  False
STUDY : Nb Stable neurons :  440
Number of cuts to test: 1
Cuts to test: [['RLT', 'triangularization']]
Initializing MosekClassicHandler

 
 folder name dans handler:  /lustre/fswork/projects/rech/llc/uvq13au/FastSDPCertification/results/benchmark/9x100-0.026/2026_10_02_00h37_33s_battery-targeted-rlt-notcert
LAST_LAYER in resolve_layer_groups :  False
K :  10
CHORDAL_DECOMPOSITION  in resolve layer groups:  True
INPUT_IN_VARIABLES in resolve_layer_groups :  True
Taille de la matrice pour le groupe 0 [0, 1] : 831
Taille de la matrice pour le groupe 1 [1, 2] : 113
Taille de la matrice pour le groupe 2 [2, 3] : 115
Taille de la matrice pour le groupe 3 [3, 4] : 92
Taille de la matrice pour le groupe 4 [4, 5] : 84
Taille de la matrice pour le groupe 5 [5, 6] : 86
Taille de la matrice pour le groupe 6 [6, 7] : 98
Taille de la matrice pour le groupe 7 [7, 8] : 107
Taille de la matrice pour le groupe 8 [8, 9] : 116
Neurones stables actives:  set()
Neurones stables inactives:  {(7, 17), (1, 95), (7, 26), (8, 9), (5, 74), (8, 18), (9, 72), (5, 83), (6, 48), (5, 92), (6, 57), (9, 90), (6, 66), (6, 75), (6, 84), (3, 6), (2, 50), (3, 15), (2, 68), (3, 42), (7, 3), (1, 81), (1, 90), (7, 21), (1, 99), (6, 34), (9, 67), (5, 87), (5, 96), (6, 61), (6, 70), (2, 54), (3, 28), (3, 37), (4, 91), (1, 85), (5, 46), (9, 44), (5, 55), (9, 53), (5, 73), (6, 38), (5, 82), (6, 47), (8, 84), (2, 13), (2, 31), (3, 5), (3, 14), (4, 68), (1, 53), (4, 86), (1, 62), (1, 71), (7, 2), (1, 80), (7, 11), (5, 41), (1, 89), (9, 39), (5, 68), (6, 33), (5, 77), (7, 96), (8, 70), (8, 88), (2, 17), (3, 0), (3, 9), (4, 81), (1, 66), (4, 99), (5, 27), (1, 75), (9, 25), (9, 34), (9, 52), (6, 28), (8, 65), (8, 74), (8, 83), (4, 49), (4, 58), (1, 34), (4, 67), (4, 85), (1, 61), (9, 11), (5, 22), (1, 70), (5, 31), (3, 98), (9, 29), (5, 40), (9, 38), (9, 47), (7, 86), (8, 51), (8, 78), (2, 7), (2, 16), (4, 44), (1, 47), (4, 80), (5, 17), (1, 65), (3, 84), (9, 15), (3, 93), (9, 24), (5, 35), (6, 0), (9, 33), (5, 44), (7, 63), (6, 18), (7, 72), (7, 90), (8, 55), (8, 82), (2, 11), (4, 30), (4, 39), (4, 48), (1, 24), (4, 57), (5, 3), (1, 51), (3, 70), (5, 21), (3, 88), (3, 97), (5, 39), (6, 13), (7, 67), (8, 32), (8, 50), (7, 94), (8, 68), (4, 34), (4, 43), (1, 19), (4, 52), (1, 28), (4, 61), (1, 37), (1, 46), (3, 74), (3, 83), (5, 25), (7, 62), (8, 27), (7, 71), (8, 36), (4, 11), (6, 93), (4, 20), (4, 29), (4, 38), (1, 14), (4, 47), (2, 86), (2, 95), (3, 60), (5, 2), (5, 11), (8, 13), (7, 57), (7, 66), (7, 75), (8, 49), (6, 79), (4, 15), (6, 97), (4, 24), (1, 0), (3, 46), (3, 55), (5, 6), (3, 73), (7, 43), (8, 17), (5, 91), (9, 98), (4, 1), (6, 83), (6, 92), (1, 4), (2, 67), (3, 32), (2, 85), (3, 50), (7, 29), (8, 21), (9, 75), (5, 86), (6, 60), (9, 93), (6, 78), (4, 5), (2, 44), (2, 53), (2, 62), (3, 27), (7, 6), (3, 63), (7, 24), (7, 33), (8, 7), (5, 72), (9, 70), (5, 81), (9, 79), (5, 90), (6, 55), (6, 73), (6, 82), (4, 9), (2, 39), (3, 13), (3, 22), (2, 75), (4, 94), (7, 1), (3, 49), (1, 88), (7, 19), (7, 28), (7, 37), (8, 2), (9, 56), (5, 67), (8, 11), (9, 65), (5, 76), (6, 41), (5, 85), (6, 50), (9, 83), (6, 59), (6, 68), (8, 96), (2, 34), (3, 8), (3, 17), (2, 61), (3, 44), (4, 98), (1, 74), (7, 5), (7, 14), (7, 23), (5, 62), (6, 27), (5, 71), (6, 36), (6, 54), (2, 38), (3, 3), (2, 47), (3, 12), (4, 75), (1, 60), (1, 69), (7, 0), (1, 78), (7, 9), (1, 87), (9, 37), (6, 22), (5, 66), (6, 31), (5, 84), (6, 58), (8, 95), (2, 42), (3, 7), (3, 16), (4, 70), (3, 25), (4, 79), (1, 55), (1, 64), (7, 4), (5, 34), (1, 82), (5, 43), (6, 8), (5, 52), (5, 61), (9, 59), (5, 70), (6, 35), (8, 72), (2, 10), (2, 19), (3, 11), (4, 65), (1, 41), (4, 74), (1, 50), (4, 92), (1, 68), (1, 77), (9, 27), (6, 3), (5, 47), (6, 12), (6, 21), (9, 54), (6, 30), (6, 39), (7, 93), (8, 67), (8, 94), (4, 42), (1, 27), (1, 36), (4, 78), (1, 54), (9, 4), (5, 15), (5, 33), (5, 42), (6, 7), (9, 40), (5, 51), (7, 79), (8, 62), (8, 71), (8, 80), (8, 89), (4, 55), (4, 64), (4, 73), (5, 1), (5, 10), (1, 58), (3, 86), (9, 17), (3, 95), (9, 26), (9, 35), (6, 11), (7, 65), (6, 20), (7, 74), (8, 48), (8, 75), (4, 23), (1, 17), (4, 50), (4, 59), (1, 44), (2, 98), (3, 72), (9, 12), (3, 90), (5, 32), (3, 99), (8, 25), (8, 43), (8, 52), (1, 12), (4, 45), (1, 21), (1, 39), (3, 58), (5, 0), (5, 9), (3, 76), (9, 7), (7, 55), (7, 64), (7, 73), (8, 56), (4, 4), (6, 86), (4, 13), (6, 95), (4, 22), (4, 31), (1, 7), (4, 40), (2, 70), (2, 88), (3, 53), (5, 4), (5, 13), (7, 32), (8, 6), (7, 59), (7, 68), (9, 87), (5, 98), (8, 42), (6, 72), (4, 8), (6, 99), (4, 26), (1, 2), (1, 11), (3, 39), (7, 18), (3, 66), (7, 36), (8, 1), (8, 19), (8, 28), (9, 82), (6, 76), (4, 3), (6, 85), (4, 12), (6, 94), (1, 6), (2, 69), (2, 78), (3, 43), (3, 52), (7, 13), (8, 5), (7, 49), (5, 79), (8, 23), (5, 88), (6, 53), (5, 97), (9, 95), (6, 80), (4, 7), (6, 89), (4, 16), (2, 46), (1, 1), (2, 55), (3, 20), (2, 64), (2, 82), (3, 56)}
Adjusting MOSEK solver parameters
MOSEK time limit set to 180s
Adding objective function for Lan
Initializing variables...
CALLBACK num variables : 780584
Adding ReLU constraints for layer 1
Adding ReLU constraints for layer 2
Adding ReLU constraints for layer 3
Adding ReLU constraints for layer 4
Adding ReLU constraints for layer 5
Adding ReLU constraints for layer 6
Adding ReLU constraints for layer 7
Adding ReLU constraints for layer 8
Adding ReLU constraints for layer 9
Adding quadratic bounds constraint
Adding quadratic bounds constraint for layer 0
Adding quadratic bounds constraint for layer 1
Adding quadratic bounds constraint for layer 2
Adding quadratic bounds constraint for layer 3
Adding quadratic bounds constraint for layer 4
Adding quadratic bounds constraint for layer 5
Adding quadratic bounds constraint for layer 6
Adding quadratic bounds constraint for layer 7
Adding quadratic bounds constraint for layer 8
Adding quadratic bounds constraint for layer 9
Adding RLT constraint (compact)
Indexes pruned for layer 1 : []
Indexes pruned for layer 2 : [0, 1, 2, 4, 6, 7, 11, 12, 14, 17, 19, 21, 24, 27, 28, 34, 36, 37, 39, 41, 44, 46, 47, 50, 51, 53, 54, 55, 58, 60, 61, 62, 64, 65, 66, 68, 69, 70, 71, 74, 75, 77, 78, 80, 81, 82, 85, 87, 88, 89, 90, 95, 99]
Indexes pruned for layer 3 : [7, 10, 11, 13, 16, 17, 19, 31, 34, 38, 39, 42, 44, 46, 47, 50, 53, 54, 55, 61, 62, 64, 67, 68, 69, 70, 75, 78, 82, 85, 86, 88, 95, 98]
Indexes pruned for layer 4 : [0, 3, 5, 6, 7, 8, 9, 11, 12, 13, 14, 15, 16, 17, 20, 22, 25, 27, 28, 32, 37, 39, 42, 43, 44, 46, 49, 50, 52, 53, 55, 56, 58, 60, 63, 66, 70, 72, 73, 74, 76, 83, 84, 86, 88, 90, 93, 95, 97, 98, 99]
Indexes pruned for layer 5 : [1, 3, 4, 5, 7, 8, 9, 11, 12, 13, 15, 16, 20, 22, 23, 24, 26, 29, 30, 31, 34, 38, 39, 40, 42, 43, 44, 45, 47, 48, 49, 50, 52, 55, 57, 58, 59, 61, 64, 65, 67, 68, 70, 73, 74, 75, 78, 79, 80, 81, 85, 86, 91, 92, 94, 98, 99]
Indexes pruned for layer 6 : [0, 1, 2, 3, 4, 6, 9, 10, 11, 13, 15, 17, 21, 22, 25, 27, 31, 32, 33, 34, 35, 39, 40, 41, 42, 43, 44, 46, 47, 51, 52, 55, 61, 62, 66, 67, 68, 70, 71, 72, 73, 74, 76, 77, 79, 81, 82, 83, 84, 85, 86, 87, 88, 90, 91, 92, 96, 97, 98]
Indexes pruned for layer 7 : [0, 3, 7, 8, 11, 12, 13, 18, 20, 21, 22, 27, 28, 30, 31, 33, 34, 35, 36, 38, 39, 41, 47, 48, 50, 53, 54, 55, 57, 58, 59, 60, 61, 66, 68, 70, 72, 73, 75, 76, 78, 79, 80, 82, 83, 84, 85, 86, 89, 92, 93, 94, 95, 97, 99]
Indexes pruned for layer 8 : [0, 1, 2, 3, 4, 5, 6, 9, 11, 13, 14, 17, 18, 19, 21, 23, 24, 26, 28, 29, 32, 33, 36, 37, 43, 49, 55, 57, 59, 62, 63, 64, 65, 66, 67, 68, 71, 72, 73, 74, 75, 79, 86, 90, 93, 94, 96]
Indexes pruned for layer 9 : [1, 2, 5, 6, 7, 9, 11, 13, 17, 18, 19, 21, 23, 25, 27, 28, 32, 36, 42, 43, 48, 49, 50, 51, 52, 55, 56, 62, 65, 67, 68, 70, 71, 72, 74, 75, 78, 80, 82, 83, 84, 88, 89, 94, 95, 96]
CALLBACK : RLT (compact) = 57494 (dont 0 en repli chemin lent)
Adding rec matrices constraint
Number of constraints for the matrix by layers: 398 for 10 layers, [784 100 100 100 100 100 100 100 100 100  10] neurons, boundary layers: [1, 2, 3, 4, 5, 6, 7, 8]
Adding first term equal zero constraint
CALLBACK : Ending constraints. Total number of constraints :  175973
Cuts in _write_presolve_row:  ['RLT', 'triangularization']
Number of constraints before optimization:  175973
Number of variables before optimization:  780584
All possible cuts:  ['RLT', 'triangularization', 'McCormick_beta_z', 'beta_logits_comparaison', 'beta_logits_comparaison_big_M', 'sum_beta_logits_equal_logit']
Cuts added to dic for _write_presolve_row:  {'RLT': True, 'triangularization': True, 'McCormick_beta_z': False, 'beta_logits_comparaison': False, 'beta_logits_comparaison_big_M': False, 'sum_beta_logits_equal_logit': False}
Writing pre-solve row to results.csv with data_index: 45 target: 5
Pre-solve row written to results.csv with data_index: 45 target: 5
Pre-solve row written to results.csv with 175973 constraints and 780584 variables.
INFO     01:34:08     [objective_classic.py:97] Adding Objective to the task
CALLBACK : Number of constraints : 175973
[conic bundle] factor=0.01 x 172482 contraintes dualisables candidates => 1725 reellement dualisees (les 170757 autres relachees mais jamais penalisees)
  [cb_native dynamic calibration] h(0)=1.841962 pool_initial=24/1725
[cb_native dynamic] h(0)=1.841962 > positivity_threshold=1e-06 -- arret immediat (stop_when_positive).
[conic bundle] data_index=45 target=5 optimal_value=1.8419623434242298 n_iter=0 (46.57s)
Initializing TargetedSDP...
Creating list of ytargets...
K :  10
self.n :  [784 100 100 100 100 100 100 100 100 100  10]
Getting to compute bounds...
STUDY : use active neurons:  True use inactive neurons:  False
STUDY : Nb Stable neurons :  440
Number of cuts to test: 1
Cuts to test: [['RLT', 'triangularization']]
Initializing MosekClassicHandler

 
 folder name dans handler:  /lustre/fswork/projects/rech/llc/uvq13au/FastSDPCertification/results/benchmark/9x100-0.026/2026_10_02_00h37_33s_battery-targeted-rlt-notcert
LAST_LAYER in resolve_layer_groups :  False
K :  10
CHORDAL_DECOMPOSITION  in resolve layer groups:  True
INPUT_IN_VARIABLES in resolve_layer_groups :  True
Taille de la matrice pour le groupe 0 [0, 1] : 831
Taille de la matrice pour le groupe 1 [1, 2] : 113
Taille de la matrice pour le groupe 2 [2, 3] : 115
Taille de la matrice pour le groupe 3 [3, 4] : 92
Taille de la matrice pour le groupe 4 [4, 5] : 84
Taille de la matrice pour le groupe 5 [5, 6] : 86
Taille de la matrice pour le groupe 6 [6, 7] : 98
Taille de la matrice pour le groupe 7 [7, 8] : 107
Taille de la matrice pour le groupe 8 [8, 9] : 116
Neurones stables actives:  set()
Neurones stables inactives:  {(7, 17), (1, 95), (7, 26), (8, 9), (5, 74), (8, 18), (9, 72), (5, 83), (6, 48), (5, 92), (6, 57), (9, 90), (6, 66), (6, 75), (6, 84), (3, 6), (2, 50), (3, 15), (2, 68), (3, 42), (7, 3), (1, 81), (1, 90), (7, 21), (1, 99), (6, 34), (9, 67), (5, 87), (5, 96), (6, 61), (6, 70), (2, 54), (3, 28), (3, 37), (4, 91), (1, 85), (5, 46), (9, 44), (5, 55), (9, 53), (5, 73), (6, 38), (5, 82), (6, 47), (8, 84), (2, 13), (2, 31), (3, 5), (3, 14), (4, 68), (1, 53), (4, 86), (1, 62), (1, 71), (7, 2), (1, 80), (7, 11), (5, 41), (1, 89), (9, 39), (5, 68), (6, 33), (5, 77), (7, 96), (8, 70), (8, 88), (2, 17), (3, 0), (3, 9), (4, 81), (1, 66), (4, 99), (5, 27), (1, 75), (9, 25), (9, 34), (9, 52), (6, 28), (8, 65), (8, 74), (8, 83), (4, 49), (4, 58), (1, 34), (4, 67), (4, 85), (1, 61), (9, 11), (5, 22), (1, 70), (5, 31), (3, 98), (9, 29), (5, 40), (9, 38), (9, 47), (7, 86), (8, 51), (8, 78), (2, 7), (2, 16), (4, 44), (1, 47), (4, 80), (5, 17), (1, 65), (3, 84), (9, 15), (3, 93), (9, 24), (5, 35), (6, 0), (9, 33), (5, 44), (7, 63), (6, 18), (7, 72), (7, 90), (8, 55), (8, 82), (2, 11), (4, 30), (4, 39), (4, 48), (1, 24), (4, 57), (5, 3), (1, 51), (3, 70), (5, 21), (3, 88), (3, 97), (5, 39), (6, 13), (7, 67), (8, 32), (8, 50), (7, 94), (8, 68), (4, 34), (4, 43), (1, 19), (4, 52), (1, 28), (4, 61), (1, 37), (1, 46), (3, 74), (3, 83), (5, 25), (7, 62), (8, 27), (7, 71), (8, 36), (4, 11), (6, 93), (4, 20), (4, 29), (4, 38), (1, 14), (4, 47), (2, 86), (2, 95), (3, 60), (5, 2), (5, 11), (8, 13), (7, 57), (7, 66), (7, 75), (8, 49), (6, 79), (4, 15), (6, 97), (4, 24), (1, 0), (3, 46), (3, 55), (5, 6), (3, 73), (7, 43), (8, 17), (5, 91), (9, 98), (4, 1), (6, 83), (6, 92), (1, 4), (2, 67), (3, 32), (2, 85), (3, 50), (7, 29), (8, 21), (9, 75), (5, 86), (6, 60), (9, 93), (6, 78), (4, 5), (2, 44), (2, 53), (2, 62), (3, 27), (7, 6), (3, 63), (7, 24), (7, 33), (8, 7), (5, 72), (9, 70), (5, 81), (9, 79), (5, 90), (6, 55), (6, 73), (6, 82), (4, 9), (2, 39), (3, 13), (3, 22), (2, 75), (4, 94), (7, 1), (3, 49), (1, 88), (7, 19), (7, 28), (7, 37), (8, 2), (9, 56), (5, 67), (8, 11), (9, 65), (5, 76), (6, 41), (5, 85), (6, 50), (9, 83), (6, 59), (6, 68), (8, 96), (2, 34), (3, 8), (3, 17), (2, 61), (3, 44), (4, 98), (1, 74), (7, 5), (7, 14), (7, 23), (5, 62), (6, 27), (5, 71), (6, 36), (6, 54), (2, 38), (3, 3), (2, 47), (3, 12), (4, 75), (1, 60), (1, 69), (7, 0), (1, 78), (7, 9), (1, 87), (9, 37), (6, 22), (5, 66), (6, 31), (5, 84), (6, 58), (8, 95), (2, 42), (3, 7), (3, 16), (4, 70), (3, 25), (4, 79), (1, 55), (1, 64), (7, 4), (5, 34), (1, 82), (5, 43), (6, 8), (5, 52), (5, 61), (9, 59), (5, 70), (6, 35), (8, 72), (2, 10), (2, 19), (3, 11), (4, 65), (1, 41), (4, 74), (1, 50), (4, 92), (1, 68), (1, 77), (9, 27), (6, 3), (5, 47), (6, 12), (6, 21), (9, 54), (6, 30), (6, 39), (7, 93), (8, 67), (8, 94), (4, 42), (1, 27), (1, 36), (4, 78), (1, 54), (9, 4), (5, 15), (5, 33), (5, 42), (6, 7), (9, 40), (5, 51), (7, 79), (8, 62), (8, 71), (8, 80), (8, 89), (4, 55), (4, 64), (4, 73), (5, 1), (5, 10), (1, 58), (3, 86), (9, 17), (3, 95), (9, 26), (9, 35), (6, 11), (7, 65), (6, 20), (7, 74), (8, 48), (8, 75), (4, 23), (1, 17), (4, 50), (4, 59), (1, 44), (2, 98), (3, 72), (9, 12), (3, 90), (5, 32), (3, 99), (8, 25), (8, 43), (8, 52), (1, 12), (4, 45), (1, 21), (1, 39), (3, 58), (5, 0), (5, 9), (3, 76), (9, 7), (7, 55), (7, 64), (7, 73), (8, 56), (4, 4), (6, 86), (4, 13), (6, 95), (4, 22), (4, 31), (1, 7), (4, 40), (2, 70), (2, 88), (3, 53), (5, 4), (5, 13), (7, 32), (8, 6), (7, 59), (7, 68), (9, 87), (5, 98), (8, 42), (6, 72), (4, 8), (6, 99), (4, 26), (1, 2), (1, 11), (3, 39), (7, 18), (3, 66), (7, 36), (8, 1), (8, 19), (8, 28), (9, 82), (6, 76), (4, 3), (6, 85), (4, 12), (6, 94), (1, 6), (2, 69), (2, 78), (3, 43), (3, 52), (7, 13), (8, 5), (7, 49), (5, 79), (8, 23), (5, 88), (6, 53), (5, 97), (9, 95), (6, 80), (4, 7), (6, 89), (4, 16), (2, 46), (1, 1), (2, 55), (3, 20), (2, 64), (2, 82), (3, 56)}
Adjusting MOSEK solver parameters
MOSEK time limit set to 180s
Adding objective function for Lan
Initializing variables...
CALLBACK num variables : 780584
Adding ReLU constraints for layer 1
Adding ReLU constraints for layer 2
Adding ReLU constraints for layer 3
Adding ReLU constraints for layer 4
Adding ReLU constraints for layer 5
Adding ReLU constraints for layer 6
Adding ReLU constraints for layer 7
Adding ReLU constraints for layer 8
Adding ReLU constraints for layer 9
Adding quadratic bounds constraint
Adding quadratic bounds constraint for layer 0
Adding quadratic bounds constraint for layer 1
Adding quadratic bounds constraint for layer 2
Adding quadratic bounds constraint for layer 3
Adding quadratic bounds constraint for layer 4
Adding quadratic bounds constraint for layer 5
Adding quadratic bounds constraint for layer 6
Adding quadratic bounds constraint for layer 7
Adding quadratic bounds constraint for layer 8
Adding quadratic bounds constraint for layer 9
Adding RLT constraint (compact)
Indexes pruned for layer 1 : []
Indexes pruned for layer 2 : [0, 1, 2, 4, 6, 7, 11, 12, 14, 17, 19, 21, 24, 27, 28, 34, 36, 37, 39, 41, 44, 46, 47, 50, 51, 53, 54, 55, 58, 60, 61, 62, 64, 65, 66, 68, 69, 70, 71, 74, 75, 77, 78, 80, 81, 82, 85, 87, 88, 89, 90, 95, 99]
Indexes pruned for layer 3 : [7, 10, 11, 13, 16, 17, 19, 31, 34, 38, 39, 42, 44, 46, 47, 50, 53, 54, 55, 61, 62, 64, 67, 68, 69, 70, 75, 78, 82, 85, 86, 88, 95, 98]
Indexes pruned for layer 4 : [0, 3, 5, 6, 7, 8, 9, 11, 12, 13, 14, 15, 16, 17, 20, 22, 25, 27, 28, 32, 37, 39, 42, 43, 44, 46, 49, 50, 52, 53, 55, 56, 58, 60, 63, 66, 70, 72, 73, 74, 76, 83, 84, 86, 88, 90, 93, 95, 97, 98, 99]
Indexes pruned for layer 5 : [1, 3, 4, 5, 7, 8, 9, 11, 12, 13, 15, 16, 20, 22, 23, 24, 26, 29, 30, 31, 34, 38, 39, 40, 42, 43, 44, 45, 47, 48, 49, 50, 52, 55, 57, 58, 59, 61, 64, 65, 67, 68, 70, 73, 74, 75, 78, 79, 80, 81, 85, 86, 91, 92, 94, 98, 99]
Indexes pruned for layer 6 : [0, 1, 2, 3, 4, 6, 9, 10, 11, 13, 15, 17, 21, 22, 25, 27, 31, 32, 33, 34, 35, 39, 40, 41, 42, 43, 44, 46, 47, 51, 52, 55, 61, 62, 66, 67, 68, 70, 71, 72, 73, 74, 76, 77, 79, 81, 82, 83, 84, 85, 86, 87, 88, 90, 91, 92, 96, 97, 98]
Indexes pruned for layer 7 : [0, 3, 7, 8, 11, 12, 13, 18, 20, 21, 22, 27, 28, 30, 31, 33, 34, 35, 36, 38, 39, 41, 47, 48, 50, 53, 54, 55, 57, 58, 59, 60, 61, 66, 68, 70, 72, 73, 75, 76, 78, 79, 80, 82, 83, 84, 85, 86, 89, 92, 93, 94, 95, 97, 99]
Indexes pruned for layer 8 : [0, 1, 2, 3, 4, 5, 6, 9, 11, 13, 14, 17, 18, 19, 21, 23, 24, 26, 28, 29, 32, 33, 36, 37, 43, 49, 55, 57, 59, 62, 63, 64, 65, 66, 67, 68, 71, 72, 73, 74, 75, 79, 86, 90, 93, 94, 96]
Indexes pruned for layer 9 : [1, 2, 5, 6, 7, 9, 11, 13, 17, 18, 19, 21, 23, 25, 27, 28, 32, 36, 42, 43, 48, 49, 50, 51, 52, 55, 56, 62, 65, 67, 68, 70, 71, 72, 74, 75, 78, 80, 82, 83, 84, 88, 89, 94, 95, 96]
CALLBACK : RLT (compact) = 57494 (dont 0 en repli chemin lent)
Adding rec matrices constraint
Number of constraints for the matrix by layers: 398 for 10 layers, [784 100 100 100 100 100 100 100 100 100  10] neurons, boundary layers: [1, 2, 3, 4, 5, 6, 7, 8]
Adding first term equal zero constraint
CALLBACK : Ending constraints. Total number of constraints :  175973
Cuts in _write_presolve_row:  ['RLT', 'triangularization']
Number of constraints before optimization:  175973
Number of variables before optimization:  780584
All possible cuts:  ['RLT', 'triangularization', 'McCormick_beta_z', 'beta_logits_comparaison', 'beta_logits_comparaison_big_M', 'sum_beta_logits_equal_logit']
Cuts added to dic for _write_presolve_row:  {'RLT': True, 'triangularization': True, 'McCormick_beta_z': False, 'beta_logits_comparaison': False, 'beta_logits_comparaison_big_M': False, 'sum_beta_logits_equal_logit': False}
Writing pre-solve row to results.csv with data_index: 45 target: 6
Pre-solve row written to results.csv with data_index: 45 target: 6
Pre-solve row written to results.csv with 175973 constraints and 780584 variables.
INFO     01:34:56     [objective_classic.py:97] Adding Objective to the task
CALLBACK : Number of constraints : 175973
[conic bundle] factor=0.01 x 172482 contraintes dualisables candidates => 1725 reellement dualisees (les 170757 autres relachees mais jamais penalisees)
  [cb_native dynamic calibration] h(0)=6.587514 pool_initial=50/1725
[cb_native dynamic] h(0)=6.587514 > positivity_threshold=1e-06 -- arret immediat (stop_when_positive).
[conic bundle] data_index=45 target=6 optimal_value=6.587513881528163 n_iter=0 (41.96s)
Initializing TargetedSDP...
Creating list of ytargets...
K :  10
self.n :  [784 100 100 100 100 100 100 100 100 100  10]
Getting to compute bounds...
STUDY : use active neurons:  True use inactive neurons:  False
STUDY : Nb Stable neurons :  440
Number of cuts to test: 1
Cuts to test: [['RLT', 'triangularization']]
Initializing MosekClassicHandler

 
 folder name dans handler:  /lustre/fswork/projects/rech/llc/uvq13au/FastSDPCertification/results/benchmark/9x100-0.026/2026_10_02_00h37_33s_battery-targeted-rlt-notcert
LAST_LAYER in resolve_layer_groups :  False
K :  10
CHORDAL_DECOMPOSITION  in resolve layer groups:  True
INPUT_IN_VARIABLES in resolve_layer_groups :  True
Taille de la matrice pour le groupe 0 [0, 1] : 831
Taille de la matrice pour le groupe 1 [1, 2] : 113
Taille de la matrice pour le groupe 2 [2, 3] : 115
Taille de la matrice pour le groupe 3 [3, 4] : 92
Taille de la matrice pour le groupe 4 [4, 5] : 84
Taille de la matrice pour le groupe 5 [5, 6] : 86
Taille de la matrice pour le groupe 6 [6, 7] : 98
Taille de la matrice pour le groupe 7 [7, 8] : 107
Taille de la matrice pour le groupe 8 [8, 9] : 116
Neurones stables actives:  set()
Neurones stables inactives:  {(7, 17), (1, 95), (7, 26), (8, 9), (5, 74), (8, 18), (9, 72), (5, 83), (6, 48), (5, 92), (6, 57), (9, 90), (6, 66), (6, 75), (6, 84), (3, 6), (2, 50), (3, 15), (2, 68), (3, 42), (7, 3), (1, 81), (1, 90), (7, 21), (1, 99), (6, 34), (9, 67), (5, 87), (5, 96), (6, 61), (6, 70), (2, 54), (3, 28), (3, 37), (4, 91), (1, 85), (5, 46), (9, 44), (5, 55), (9, 53), (5, 73), (6, 38), (5, 82), (6, 47), (8, 84), (2, 13), (2, 31), (3, 5), (3, 14), (4, 68), (1, 53), (4, 86), (1, 62), (1, 71), (7, 2), (1, 80), (7, 11), (5, 41), (1, 89), (9, 39), (5, 68), (6, 33), (5, 77), (7, 96), (8, 70), (8, 88), (2, 17), (3, 0), (3, 9), (4, 81), (1, 66), (4, 99), (5, 27), (1, 75), (9, 25), (9, 34), (9, 52), (6, 28), (8, 65), (8, 74), (8, 83), (4, 49), (4, 58), (1, 34), (4, 67), (4, 85), (1, 61), (9, 11), (5, 22), (1, 70), (5, 31), (3, 98), (9, 29), (5, 40), (9, 38), (9, 47), (7, 86), (8, 51), (8, 78), (2, 7), (2, 16), (4, 44), (1, 47), (4, 80), (5, 17), (1, 65), (3, 84), (9, 15), (3, 93), (9, 24), (5, 35), (6, 0), (9, 33), (5, 44), (7, 63), (6, 18), (7, 72), (7, 90), (8, 55), (8, 82), (2, 11), (4, 30), (4, 39), (4, 48), (1, 24), (4, 57), (5, 3), (1, 51), (3, 70), (5, 21), (3, 88), (3, 97), (5, 39), (6, 13), (7, 67), (8, 32), (8, 50), (7, 94), (8, 68), (4, 34), (4, 43), (1, 19), (4, 52), (1, 28), (4, 61), (1, 37), (1, 46), (3, 74), (3, 83), (5, 25), (7, 62), (8, 27), (7, 71), (8, 36), (4, 11), (6, 93), (4, 20), (4, 29), (4, 38), (1, 14), (4, 47), (2, 86), (2, 95), (3, 60), (5, 2), (5, 11), (8, 13), (7, 57), (7, 66), (7, 75), (8, 49), (6, 79), (4, 15), (6, 97), (4, 24), (1, 0), (3, 46), (3, 55), (5, 6), (3, 73), (7, 43), (8, 17), (5, 91), (9, 98), (4, 1), (6, 83), (6, 92), (1, 4), (2, 67), (3, 32), (2, 85), (3, 50), (7, 29), (8, 21), (9, 75), (5, 86), (6, 60), (9, 93), (6, 78), (4, 5), (2, 44), (2, 53), (2, 62), (3, 27), (7, 6), (3, 63), (7, 24), (7, 33), (8, 7), (5, 72), (9, 70), (5, 81), (9, 79), (5, 90), (6, 55), (6, 73), (6, 82), (4, 9), (2, 39), (3, 13), (3, 22), (2, 75), (4, 94), (7, 1), (3, 49), (1, 88), (7, 19), (7, 28), (7, 37), (8, 2), (9, 56), (5, 67), (8, 11), (9, 65), (5, 76), (6, 41), (5, 85), (6, 50), (9, 83), (6, 59), (6, 68), (8, 96), (2, 34), (3, 8), (3, 17), (2, 61), (3, 44), (4, 98), (1, 74), (7, 5), (7, 14), (7, 23), (5, 62), (6, 27), (5, 71), (6, 36), (6, 54), (2, 38), (3, 3), (2, 47), (3, 12), (4, 75), (1, 60), (1, 69), (7, 0), (1, 78), (7, 9), (1, 87), (9, 37), (6, 22), (5, 66), (6, 31), (5, 84), (6, 58), (8, 95), (2, 42), (3, 7), (3, 16), (4, 70), (3, 25), (4, 79), (1, 55), (1, 64), (7, 4), (5, 34), (1, 82), (5, 43), (6, 8), (5, 52), (5, 61), (9, 59), (5, 70), (6, 35), (8, 72), (2, 10), (2, 19), (3, 11), (4, 65), (1, 41), (4, 74), (1, 50), (4, 92), (1, 68), (1, 77), (9, 27), (6, 3), (5, 47), (6, 12), (6, 21), (9, 54), (6, 30), (6, 39), (7, 93), (8, 67), (8, 94), (4, 42), (1, 27), (1, 36), (4, 78), (1, 54), (9, 4), (5, 15), (5, 33), (5, 42), (6, 7), (9, 40), (5, 51), (7, 79), (8, 62), (8, 71), (8, 80), (8, 89), (4, 55), (4, 64), (4, 73), (5, 1), (5, 10), (1, 58), (3, 86), (9, 17), (3, 95), (9, 26), (9, 35), (6, 11), (7, 65), (6, 20), (7, 74), (8, 48), (8, 75), (4, 23), (1, 17), (4, 50), (4, 59), (1, 44), (2, 98), (3, 72), (9, 12), (3, 90), (5, 32), (3, 99), (8, 25), (8, 43), (8, 52), (1, 12), (4, 45), (1, 21), (1, 39), (3, 58), (5, 0), (5, 9), (3, 76), (9, 7), (7, 55), (7, 64), (7, 73), (8, 56), (4, 4), (6, 86), (4, 13), (6, 95), (4, 22), (4, 31), (1, 7), (4, 40), (2, 70), (2, 88), (3, 53), (5, 4), (5, 13), (7, 32), (8, 6), (7, 59), (7, 68), (9, 87), (5, 98), (8, 42), (6, 72), (4, 8), (6, 99), (4, 26), (1, 2), (1, 11), (3, 39), (7, 18), (3, 66), (7, 36), (8, 1), (8, 19), (8, 28), (9, 82), (6, 76), (4, 3), (6, 85), (4, 12), (6, 94), (1, 6), (2, 69), (2, 78), (3, 43), (3, 52), (7, 13), (8, 5), (7, 49), (5, 79), (8, 23), (5, 88), (6, 53), (5, 97), (9, 95), (6, 80), (4, 7), (6, 89), (4, 16), (2, 46), (1, 1), (2, 55), (3, 20), (2, 64), (2, 82), (3, 56)}
Adjusting MOSEK solver parameters
MOSEK time limit set to 180s
Adding objective function for Lan
Initializing variables...
CALLBACK num variables : 780584
Adding ReLU constraints for layer 1
Adding ReLU constraints for layer 2
Adding ReLU constraints for layer 3
Adding ReLU constraints for layer 4
Adding ReLU constraints for layer 5
Adding ReLU constraints for layer 6
Adding ReLU constraints for layer 7
Adding ReLU constraints for layer 8
Adding ReLU constraints for layer 9
Adding quadratic bounds constraint
Adding quadratic bounds constraint for layer 0
Adding quadratic bounds constraint for layer 1
Adding quadratic bounds constraint for layer 2
Adding quadratic bounds constraint for layer 3
Adding quadratic bounds constraint for layer 4
Adding quadratic bounds constraint for layer 5
Adding quadratic bounds constraint for layer 6
Adding quadratic bounds constraint for layer 7
Adding quadratic bounds constraint for layer 8
Adding quadratic bounds constraint for layer 9
Adding RLT constraint (compact)
Indexes pruned for layer 1 : []
Indexes pruned for layer 2 : [0, 1, 2, 4, 6, 7, 11, 12, 14, 17, 19, 21, 24, 27, 28, 34, 36, 37, 39, 41, 44, 46, 47, 50, 51, 53, 54, 55, 58, 60, 61, 62, 64, 65, 66, 68, 69, 70, 71, 74, 75, 77, 78, 80, 81, 82, 85, 87, 88, 89, 90, 95, 99]
Indexes pruned for layer 3 : [7, 10, 11, 13, 16, 17, 19, 31, 34, 38, 39, 42, 44, 46, 47, 50, 53, 54, 55, 61, 62, 64, 67, 68, 69, 70, 75, 78, 82, 85, 86, 88, 95, 98]
Indexes pruned for layer 4 : [0, 3, 5, 6, 7, 8, 9, 11, 12, 13, 14, 15, 16, 17, 20, 22, 25, 27, 28, 32, 37, 39, 42, 43, 44, 46, 49, 50, 52, 53, 55, 56, 58, 60, 63, 66, 70, 72, 73, 74, 76, 83, 84, 86, 88, 90, 93, 95, 97, 98, 99]
Indexes pruned for layer 5 : [1, 3, 4, 5, 7, 8, 9, 11, 12, 13, 15, 16, 20, 22, 23, 24, 26, 29, 30, 31, 34, 38, 39, 40, 42, 43, 44, 45, 47, 48, 49, 50, 52, 55, 57, 58, 59, 61, 64, 65, 67, 68, 70, 73, 74, 75, 78, 79, 80, 81, 85, 86, 91, 92, 94, 98, 99]
Indexes pruned for layer 6 : [0, 1, 2, 3, 4, 6, 9, 10, 11, 13, 15, 17, 21, 22, 25, 27, 31, 32, 33, 34, 35, 39, 40, 41, 42, 43, 44, 46, 47, 51, 52, 55, 61, 62, 66, 67, 68, 70, 71, 72, 73, 74, 76, 77, 79, 81, 82, 83, 84, 85, 86, 87, 88, 90, 91, 92, 96, 97, 98]
Indexes pruned for layer 7 : [0, 3, 7, 8, 11, 12, 13, 18, 20, 21, 22, 27, 28, 30, 31, 33, 34, 35, 36, 38, 39, 41, 47, 48, 50, 53, 54, 55, 57, 58, 59, 60, 61, 66, 68, 70, 72, 73, 75, 76, 78, 79, 80, 82, 83, 84, 85, 86, 89, 92, 93, 94, 95, 97, 99]
Indexes pruned for layer 8 : [0, 1, 2, 3, 4, 5, 6, 9, 11, 13, 14, 17, 18, 19, 21, 23, 24, 26, 28, 29, 32, 33, 36, 37, 43, 49, 55, 57, 59, 62, 63, 64, 65, 66, 67, 68, 71, 72, 73, 74, 75, 79, 86, 90, 93, 94, 96]
Indexes pruned for layer 9 : [1, 2, 5, 6, 7, 9, 11, 13, 17, 18, 19, 21, 23, 25, 27, 28, 32, 36, 42, 43, 48, 49, 50, 51, 52, 55, 56, 62, 65, 67, 68, 70, 71, 72, 74, 75, 78, 80, 82, 83, 84, 88, 89, 94, 95, 96]
CALLBACK : RLT (compact) = 57494 (dont 0 en repli chemin lent)
Adding rec matrices constraint
Number of constraints for the matrix by layers: 398 for 10 layers, [784 100 100 100 100 100 100 100 100 100  10] neurons, boundary layers: [1, 2, 3, 4, 5, 6, 7, 8]
Adding first term equal zero constraint
CALLBACK : Ending constraints. Total number of constraints :  175973
Cuts in _write_presolve_row:  ['RLT', 'triangularization']
Number of constraints before optimization:  175973
Number of variables before optimization:  780584
All possible cuts:  ['RLT', 'triangularization', 'McCormick_beta_z', 'beta_logits_comparaison', 'beta_logits_comparaison_big_M', 'sum_beta_logits_equal_logit']
Cuts added to dic for _write_presolve_row:  {'RLT': True, 'triangularization': True, 'McCormick_beta_z': False, 'beta_logits_comparaison': False, 'beta_logits_comparaison_big_M': False, 'sum_beta_logits_equal_logit': False}
Writing pre-solve row to results.csv with data_index: 45 target: 7
Pre-solve row written to results.csv with data_index: 45 target: 7
Pre-solve row written to results.csv with 175973 constraints and 780584 variables.
INFO     01:35:40     [objective_classic.py:97] Adding Objective to the task
CALLBACK : Number of constraints : 175973
[conic bundle] factor=0.01 x 172482 contraintes dualisables candidates => 1725 reellement dualisees (les 170757 autres relachees mais jamais penalisees)
  [cb_native dynamic calibration] h(0)=1.618535 pool_initial=50/1725
[cb_native dynamic] h(0)=1.618535 > positivity_threshold=1e-06 -- arret immediat (stop_when_positive).
[conic bundle] data_index=45 target=7 optimal_value=1.6185350845398168 n_iter=0 (43.51s)
Initializing TargetedSDP...
Creating list of ytargets...
K :  10
self.n :  [784 100 100 100 100 100 100 100 100 100  10]
Getting to compute bounds...
STUDY : use active neurons:  True use inactive neurons:  False
STUDY : Nb Stable neurons :  440
Number of cuts to test: 1
Cuts to test: [['RLT', 'triangularization']]
Initializing MosekClassicHandler

 
 folder name dans handler:  /lustre/fswork/projects/rech/llc/uvq13au/FastSDPCertification/results/benchmark/9x100-0.026/2026_10_02_00h37_33s_battery-targeted-rlt-notcert
LAST_LAYER in resolve_layer_groups :  False
K :  10
CHORDAL_DECOMPOSITION  in resolve layer groups:  True
INPUT_IN_VARIABLES in resolve_layer_groups :  True
Taille de la matrice pour le groupe 0 [0, 1] : 831
Taille de la matrice pour le groupe 1 [1, 2] : 113
Taille de la matrice pour le groupe 2 [2, 3] : 115
Taille de la matrice pour le groupe 3 [3, 4] : 92
Taille de la matrice pour le groupe 4 [4, 5] : 84
Taille de la matrice pour le groupe 5 [5, 6] : 86
Taille de la matrice pour le groupe 6 [6, 7] : 98
Taille de la matrice pour le groupe 7 [7, 8] : 107
Taille de la matrice pour le groupe 8 [8, 9] : 116
Neurones stables actives:  set()
Neurones stables inactives:  {(7, 17), (1, 95), (7, 26), (8, 9), (5, 74), (8, 18), (9, 72), (5, 83), (6, 48), (5, 92), (6, 57), (9, 90), (6, 66), (6, 75), (6, 84), (3, 6), (2, 50), (3, 15), (2, 68), (3, 42), (7, 3), (1, 81), (1, 90), (7, 21), (1, 99), (6, 34), (9, 67), (5, 87), (5, 96), (6, 61), (6, 70), (2, 54), (3, 28), (3, 37), (4, 91), (1, 85), (5, 46), (9, 44), (5, 55), (9, 53), (5, 73), (6, 38), (5, 82), (6, 47), (8, 84), (2, 13), (2, 31), (3, 5), (3, 14), (4, 68), (1, 53), (4, 86), (1, 62), (1, 71), (7, 2), (1, 80), (7, 11), (5, 41), (1, 89), (9, 39), (5, 68), (6, 33), (5, 77), (7, 96), (8, 70), (8, 88), (2, 17), (3, 0), (3, 9), (4, 81), (1, 66), (4, 99), (5, 27), (1, 75), (9, 25), (9, 34), (9, 52), (6, 28), (8, 65), (8, 74), (8, 83), (4, 49), (4, 58), (1, 34), (4, 67), (4, 85), (1, 61), (9, 11), (5, 22), (1, 70), (5, 31), (3, 98), (9, 29), (5, 40), (9, 38), (9, 47), (7, 86), (8, 51), (8, 78), (2, 7), (2, 16), (4, 44), (1, 47), (4, 80), (5, 17), (1, 65), (3, 84), (9, 15), (3, 93), (9, 24), (5, 35), (6, 0), (9, 33), (5, 44), (7, 63), (6, 18), (7, 72), (7, 90), (8, 55), (8, 82), (2, 11), (4, 30), (4, 39), (4, 48), (1, 24), (4, 57), (5, 3), (1, 51), (3, 70), (5, 21), (3, 88), (3, 97), (5, 39), (6, 13), (7, 67), (8, 32), (8, 50), (7, 94), (8, 68), (4, 34), (4, 43), (1, 19), (4, 52), (1, 28), (4, 61), (1, 37), (1, 46), (3, 74), (3, 83), (5, 25), (7, 62), (8, 27), (7, 71), (8, 36), (4, 11), (6, 93), (4, 20), (4, 29), (4, 38), (1, 14), (4, 47), (2, 86), (2, 95), (3, 60), (5, 2), (5, 11), (8, 13), (7, 57), (7, 66), (7, 75), (8, 49), (6, 79), (4, 15), (6, 97), (4, 24), (1, 0), (3, 46), (3, 55), (5, 6), (3, 73), (7, 43), (8, 17), (5, 91), (9, 98), (4, 1), (6, 83), (6, 92), (1, 4), (2, 67), (3, 32), (2, 85), (3, 50), (7, 29), (8, 21), (9, 75), (5, 86), (6, 60), (9, 93), (6, 78), (4, 5), (2, 44), (2, 53), (2, 62), (3, 27), (7, 6), (3, 63), (7, 24), (7, 33), (8, 7), (5, 72), (9, 70), (5, 81), (9, 79), (5, 90), (6, 55), (6, 73), (6, 82), (4, 9), (2, 39), (3, 13), (3, 22), (2, 75), (4, 94), (7, 1), (3, 49), (1, 88), (7, 19), (7, 28), (7, 37), (8, 2), (9, 56), (5, 67), (8, 11), (9, 65), (5, 76), (6, 41), (5, 85), (6, 50), (9, 83), (6, 59), (6, 68), (8, 96), (2, 34), (3, 8), (3, 17), (2, 61), (3, 44), (4, 98), (1, 74), (7, 5), (7, 14), (7, 23), (5, 62), (6, 27), (5, 71), (6, 36), (6, 54), (2, 38), (3, 3), (2, 47), (3, 12), (4, 75), (1, 60), (1, 69), (7, 0), (1, 78), (7, 9), (1, 87), (9, 37), (6, 22), (5, 66), (6, 31), (5, 84), (6, 58), (8, 95), (2, 42), (3, 7), (3, 16), (4, 70), (3, 25), (4, 79), (1, 55), (1, 64), (7, 4), (5, 34), (1, 82), (5, 43), (6, 8), (5, 52), (5, 61), (9, 59), (5, 70), (6, 35), (8, 72), (2, 10), (2, 19), (3, 11), (4, 65), (1, 41), (4, 74), (1, 50), (4, 92), (1, 68), (1, 77), (9, 27), (6, 3), (5, 47), (6, 12), (6, 21), (9, 54), (6, 30), (6, 39), (7, 93), (8, 67), (8, 94), (4, 42), (1, 27), (1, 36), (4, 78), (1, 54), (9, 4), (5, 15), (5, 33), (5, 42), (6, 7), (9, 40), (5, 51), (7, 79), (8, 62), (8, 71), (8, 80), (8, 89), (4, 55), (4, 64), (4, 73), (5, 1), (5, 10), (1, 58), (3, 86), (9, 17), (3, 95), (9, 26), (9, 35), (6, 11), (7, 65), (6, 20), (7, 74), (8, 48), (8, 75), (4, 23), (1, 17), (4, 50), (4, 59), (1, 44), (2, 98), (3, 72), (9, 12), (3, 90), (5, 32), (3, 99), (8, 25), (8, 43), (8, 52), (1, 12), (4, 45), (1, 21), (1, 39), (3, 58), (5, 0), (5, 9), (3, 76), (9, 7), (7, 55), (7, 64), (7, 73), (8, 56), (4, 4), (6, 86), (4, 13), (6, 95), (4, 22), (4, 31), (1, 7), (4, 40), (2, 70), (2, 88), (3, 53), (5, 4), (5, 13), (7, 32), (8, 6), (7, 59), (7, 68), (9, 87), (5, 98), (8, 42), (6, 72), (4, 8), (6, 99), (4, 26), (1, 2), (1, 11), (3, 39), (7, 18), (3, 66), (7, 36), (8, 1), (8, 19), (8, 28), (9, 82), (6, 76), (4, 3), (6, 85), (4, 12), (6, 94), (1, 6), (2, 69), (2, 78), (3, 43), (3, 52), (7, 13), (8, 5), (7, 49), (5, 79), (8, 23), (5, 88), (6, 53), (5, 97), (9, 95), (6, 80), (4, 7), (6, 89), (4, 16), (2, 46), (1, 1), (2, 55), (3, 20), (2, 64), (2, 82), (3, 56)}
Adjusting MOSEK solver parameters
MOSEK time limit set to 180s
Adding objective function for Lan
Initializing variables...
CALLBACK num variables : 780584
Adding ReLU constraints for layer 1
Adding ReLU constraints for layer 2
Adding ReLU constraints for layer 3
Adding ReLU constraints for layer 4
Adding ReLU constraints for layer 5
Adding ReLU constraints for layer 6
Adding ReLU constraints for layer 7
Adding ReLU constraints for layer 8
Adding ReLU constraints for layer 9
Adding quadratic bounds constraint
Adding quadratic bounds constraint for layer 0
Adding quadratic bounds constraint for layer 1
Adding quadratic bounds constraint for layer 2
Adding quadratic bounds constraint for layer 3
Adding quadratic bounds constraint for layer 4
Adding quadratic bounds constraint for layer 5
Adding quadratic bounds constraint for layer 6
Adding quadratic bounds constraint for layer 7
Adding quadratic bounds constraint for layer 8
Adding quadratic bounds constraint for layer 9
Adding RLT constraint (compact)
Indexes pruned for layer 1 : []
Indexes pruned for layer 2 : [0, 1, 2, 4, 6, 7, 11, 12, 14, 17, 19, 21, 24, 27, 28, 34, 36, 37, 39, 41, 44, 46, 47, 50, 51, 53, 54, 55, 58, 60, 61, 62, 64, 65, 66, 68, 69, 70, 71, 74, 75, 77, 78, 80, 81, 82, 85, 87, 88, 89, 90, 95, 99]
Indexes pruned for layer 3 : [7, 10, 11, 13, 16, 17, 19, 31, 34, 38, 39, 42, 44, 46, 47, 50, 53, 54, 55, 61, 62, 64, 67, 68, 69, 70, 75, 78, 82, 85, 86, 88, 95, 98]
Indexes pruned for layer 4 : [0, 3, 5, 6, 7, 8, 9, 11, 12, 13, 14, 15, 16, 17, 20, 22, 25, 27, 28, 32, 37, 39, 42, 43, 44, 46, 49, 50, 52, 53, 55, 56, 58, 60, 63, 66, 70, 72, 73, 74, 76, 83, 84, 86, 88, 90, 93, 95, 97, 98, 99]
Indexes pruned for layer 5 : [1, 3, 4, 5, 7, 8, 9, 11, 12, 13, 15, 16, 20, 22, 23, 24, 26, 29, 30, 31, 34, 38, 39, 40, 42, 43, 44, 45, 47, 48, 49, 50, 52, 55, 57, 58, 59, 61, 64, 65, 67, 68, 70, 73, 74, 75, 78, 79, 80, 81, 85, 86, 91, 92, 94, 98, 99]
Indexes pruned for layer 6 : [0, 1, 2, 3, 4, 6, 9, 10, 11, 13, 15, 17, 21, 22, 25, 27, 31, 32, 33, 34, 35, 39, 40, 41, 42, 43, 44, 46, 47, 51, 52, 55, 61, 62, 66, 67, 68, 70, 71, 72, 73, 74, 76, 77, 79, 81, 82, 83, 84, 85, 86, 87, 88, 90, 91, 92, 96, 97, 98]
Indexes pruned for layer 7 : [0, 3, 7, 8, 11, 12, 13, 18, 20, 21, 22, 27, 28, 30, 31, 33, 34, 35, 36, 38, 39, 41, 47, 48, 50, 53, 54, 55, 57, 58, 59, 60, 61, 66, 68, 70, 72, 73, 75, 76, 78, 79, 80, 82, 83, 84, 85, 86, 89, 92, 93, 94, 95, 97, 99]
Indexes pruned for layer 8 : [0, 1, 2, 3, 4, 5, 6, 9, 11, 13, 14, 17, 18, 19, 21, 23, 24, 26, 28, 29, 32, 33, 36, 37, 43, 49, 55, 57, 59, 62, 63, 64, 65, 66, 67, 68, 71, 72, 73, 74, 75, 79, 86, 90, 93, 94, 96]
Indexes pruned for layer 9 : [1, 2, 5, 6, 7, 9, 11, 13, 17, 18, 19, 21, 23, 25, 27, 28, 32, 36, 42, 43, 48, 49, 50, 51, 52, 55, 56, 62, 65, 67, 68, 70, 71, 72, 74, 75, 78, 80, 82, 83, 84, 88, 89, 94, 95, 96]
CALLBACK : RLT (compact) = 57494 (dont 0 en repli chemin lent)
Adding rec matrices constraint
Number of constraints for the matrix by layers: 398 for 10 layers, [784 100 100 100 100 100 100 100 100 100  10] neurons, boundary layers: [1, 2, 3, 4, 5, 6, 7, 8]
Adding first term equal zero constraint
CALLBACK : Ending constraints. Total number of constraints :  175973
Cuts in _write_presolve_row:  ['RLT', 'triangularization']
Number of constraints before optimization:  175973
Number of variables before optimization:  780584
All possible cuts:  ['RLT', 'triangularization', 'McCormick_beta_z', 'beta_logits_comparaison', 'beta_logits_comparaison_big_M', 'sum_beta_logits_equal_logit']
Cuts added to dic for _write_presolve_row:  {'RLT': True, 'triangularization': True, 'McCormick_beta_z': False, 'beta_logits_comparaison': False, 'beta_logits_comparaison_big_M': False, 'sum_beta_logits_equal_logit': False}
Writing pre-solve row to results.csv with data_index: 45 target: 8
Pre-solve row written to results.csv with data_index: 45 target: 8
Pre-solve row written to results.csv with 175973 constraints and 780584 variables.
INFO     01:36:25     [objective_classic.py:97] Adding Objective to the task
CALLBACK : Number of constraints : 175973
[conic bundle] factor=0.01 x 172482 contraintes dualisables candidates => 1725 reellement dualisees (les 170757 autres relachees mais jamais penalisees)
  [cb_native dynamic calibration] h(0)=2.480648 pool_initial=13/1725
[cb_native dynamic] h(0)=2.480648 > positivity_threshold=1e-06 -- arret immediat (stop_when_positive).
[conic bundle] data_index=45 target=8 optimal_value=2.4806478373964254 n_iter=0 (43.48s)
Initializing TargetedSDP...
Creating list of ytargets...
K :  10
self.n :  [784 100 100 100 100 100 100 100 100 100  10]
Getting to compute bounds...
STUDY : use active neurons:  True use inactive neurons:  False
STUDY : Nb Stable neurons :  440
Number of cuts to test: 1
Cuts to test: [['RLT', 'triangularization']]
Initializing MosekClassicHandler

 
 folder name dans handler:  /lustre/fswork/projects/rech/llc/uvq13au/FastSDPCertification/results/benchmark/9x100-0.026/2026_10_02_00h37_33s_battery-targeted-rlt-notcert
LAST_LAYER in resolve_layer_groups :  False
K :  10
CHORDAL_DECOMPOSITION  in resolve layer groups:  True
INPUT_IN_VARIABLES in resolve_layer_groups :  True
Taille de la matrice pour le groupe 0 [0, 1] : 831
Taille de la matrice pour le groupe 1 [1, 2] : 113
Taille de la matrice pour le groupe 2 [2, 3] : 115
Taille de la matrice pour le groupe 3 [3, 4] : 92
Taille de la matrice pour le groupe 4 [4, 5] : 84
Taille de la matrice pour le groupe 5 [5, 6] : 86
Taille de la matrice pour le groupe 6 [6, 7] : 98
Taille de la matrice pour le groupe 7 [7, 8] : 107
Taille de la matrice pour le groupe 8 [8, 9] : 116
Neurones stables actives:  set()
Neurones stables inactives:  {(7, 17), (1, 95), (7, 26), (8, 9), (5, 74), (8, 18), (9, 72), (5, 83), (6, 48), (5, 92), (6, 57), (9, 90), (6, 66), (6, 75), (6, 84), (3, 6), (2, 50), (3, 15), (2, 68), (3, 42), (7, 3), (1, 81), (1, 90), (7, 21), (1, 99), (6, 34), (9, 67), (5, 87), (5, 96), (6, 61), (6, 70), (2, 54), (3, 28), (3, 37), (4, 91), (1, 85), (5, 46), (9, 44), (5, 55), (9, 53), (5, 73), (6, 38), (5, 82), (6, 47), (8, 84), (2, 13), (2, 31), (3, 5), (3, 14), (4, 68), (1, 53), (4, 86), (1, 62), (1, 71), (7, 2), (1, 80), (7, 11), (5, 41), (1, 89), (9, 39), (5, 68), (6, 33), (5, 77), (7, 96), (8, 70), (8, 88), (2, 17), (3, 0), (3, 9), (4, 81), (1, 66), (4, 99), (5, 27), (1, 75), (9, 25), (9, 34), (9, 52), (6, 28), (8, 65), (8, 74), (8, 83), (4, 49), (4, 58), (1, 34), (4, 67), (4, 85), (1, 61), (9, 11), (5, 22), (1, 70), (5, 31), (3, 98), (9, 29), (5, 40), (9, 38), (9, 47), (7, 86), (8, 51), (8, 78), (2, 7), (2, 16), (4, 44), (1, 47), (4, 80), (5, 17), (1, 65), (3, 84), (9, 15), (3, 93), (9, 24), (5, 35), (6, 0), (9, 33), (5, 44), (7, 63), (6, 18), (7, 72), (7, 90), (8, 55), (8, 82), (2, 11), (4, 30), (4, 39), (4, 48), (1, 24), (4, 57), (5, 3), (1, 51), (3, 70), (5, 21), (3, 88), (3, 97), (5, 39), (6, 13), (7, 67), (8, 32), (8, 50), (7, 94), (8, 68), (4, 34), (4, 43), (1, 19), (4, 52), (1, 28), (4, 61), (1, 37), (1, 46), (3, 74), (3, 83), (5, 25), (7, 62), (8, 27), (7, 71), (8, 36), (4, 11), (6, 93), (4, 20), (4, 29), (4, 38), (1, 14), (4, 47), (2, 86), (2, 95), (3, 60), (5, 2), (5, 11), (8, 13), (7, 57), (7, 66), (7, 75), (8, 49), (6, 79), (4, 15), (6, 97), (4, 24), (1, 0), (3, 46), (3, 55), (5, 6), (3, 73), (7, 43), (8, 17), (5, 91), (9, 98), (4, 1), (6, 83), (6, 92), (1, 4), (2, 67), (3, 32), (2, 85), (3, 50), (7, 29), (8, 21), (9, 75), (5, 86), (6, 60), (9, 93), (6, 78), (4, 5), (2, 44), (2, 53), (2, 62), (3, 27), (7, 6), (3, 63), (7, 24), (7, 33), (8, 7), (5, 72), (9, 70), (5, 81), (9, 79), (5, 90), (6, 55), (6, 73), (6, 82), (4, 9), (2, 39), (3, 13), (3, 22), (2, 75), (4, 94), (7, 1), (3, 49), (1, 88), (7, 19), (7, 28), (7, 37), (8, 2), (9, 56), (5, 67), (8, 11), (9, 65), (5, 76), (6, 41), (5, 85), (6, 50), (9, 83), (6, 59), (6, 68), (8, 96), (2, 34), (3, 8), (3, 17), (2, 61), (3, 44), (4, 98), (1, 74), (7, 5), (7, 14), (7, 23), (5, 62), (6, 27), (5, 71), (6, 36), (6, 54), (2, 38), (3, 3), (2, 47), (3, 12), (4, 75), (1, 60), (1, 69), (7, 0), (1, 78), (7, 9), (1, 87), (9, 37), (6, 22), (5, 66), (6, 31), (5, 84), (6, 58), (8, 95), (2, 42), (3, 7), (3, 16), (4, 70), (3, 25), (4, 79), (1, 55), (1, 64), (7, 4), (5, 34), (1, 82), (5, 43), (6, 8), (5, 52), (5, 61), (9, 59), (5, 70), (6, 35), (8, 72), (2, 10), (2, 19), (3, 11), (4, 65), (1, 41), (4, 74), (1, 50), (4, 92), (1, 68), (1, 77), (9, 27), (6, 3), (5, 47), (6, 12), (6, 21), (9, 54), (6, 30), (6, 39), (7, 93), (8, 67), (8, 94), (4, 42), (1, 27), (1, 36), (4, 78), (1, 54), (9, 4), (5, 15), (5, 33), (5, 42), (6, 7), (9, 40), (5, 51), (7, 79), (8, 62), (8, 71), (8, 80), (8, 89), (4, 55), (4, 64), (4, 73), (5, 1), (5, 10), (1, 58), (3, 86), (9, 17), (3, 95), (9, 26), (9, 35), (6, 11), (7, 65), (6, 20), (7, 74), (8, 48), (8, 75), (4, 23), (1, 17), (4, 50), (4, 59), (1, 44), (2, 98), (3, 72), (9, 12), (3, 90), (5, 32), (3, 99), (8, 25), (8, 43), (8, 52), (1, 12), (4, 45), (1, 21), (1, 39), (3, 58), (5, 0), (5, 9), (3, 76), (9, 7), (7, 55), (7, 64), (7, 73), (8, 56), (4, 4), (6, 86), (4, 13), (6, 95), (4, 22), (4, 31), (1, 7), (4, 40), (2, 70), (2, 88), (3, 53), (5, 4), (5, 13), (7, 32), (8, 6), (7, 59), (7, 68), (9, 87), (5, 98), (8, 42), (6, 72), (4, 8), (6, 99), (4, 26), (1, 2), (1, 11), (3, 39), (7, 18), (3, 66), (7, 36), (8, 1), (8, 19), (8, 28), (9, 82), (6, 76), (4, 3), (6, 85), (4, 12), (6, 94), (1, 6), (2, 69), (2, 78), (3, 43), (3, 52), (7, 13), (8, 5), (7, 49), (5, 79), (8, 23), (5, 88), (6, 53), (5, 97), (9, 95), (6, 80), (4, 7), (6, 89), (4, 16), (2, 46), (1, 1), (2, 55), (3, 20), (2, 64), (2, 82), (3, 56)}
Adjusting MOSEK solver parameters
MOSEK time limit set to 180s
Adding objective function for Lan
Initializing variables...
CALLBACK num variables : 780584
Adding ReLU constraints for layer 1
Adding ReLU constraints for layer 2
Adding ReLU constraints for layer 3
Adding ReLU constraints for layer 4
Adding ReLU constraints for layer 5
Adding ReLU constraints for layer 6
Adding ReLU constraints for layer 7
Adding ReLU constraints for layer 8
Adding ReLU constraints for layer 9
Adding quadratic bounds constraint
Adding quadratic bounds constraint for layer 0
Adding quadratic bounds constraint for layer 1
Adding quadratic bounds constraint for layer 2
Adding quadratic bounds constraint for layer 3
Adding quadratic bounds constraint for layer 4
Adding quadratic bounds constraint for layer 5
Adding quadratic bounds constraint for layer 6
Adding quadratic bounds constraint for layer 7
Adding quadratic bounds constraint for layer 8
Adding quadratic bounds constraint for layer 9
Adding RLT constraint (compact)
Indexes pruned for layer 1 : []
Indexes pruned for layer 2 : [0, 1, 2, 4, 6, 7, 11, 12, 14, 17, 19, 21, 24, 27, 28, 34, 36, 37, 39, 41, 44, 46, 47, 50, 51, 53, 54, 55, 58, 60, 61, 62, 64, 65, 66, 68, 69, 70, 71, 74, 75, 77, 78, 80, 81, 82, 85, 87, 88, 89, 90, 95, 99]
Indexes pruned for layer 3 : [7, 10, 11, 13, 16, 17, 19, 31, 34, 38, 39, 42, 44, 46, 47, 50, 53, 54, 55, 61, 62, 64, 67, 68, 69, 70, 75, 78, 82, 85, 86, 88, 95, 98]
Indexes pruned for layer 4 : [0, 3, 5, 6, 7, 8, 9, 11, 12, 13, 14, 15, 16, 17, 20, 22, 25, 27, 28, 32, 37, 39, 42, 43, 44, 46, 49, 50, 52, 53, 55, 56, 58, 60, 63, 66, 70, 72, 73, 74, 76, 83, 84, 86, 88, 90, 93, 95, 97, 98, 99]
Indexes pruned for layer 5 : [1, 3, 4, 5, 7, 8, 9, 11, 12, 13, 15, 16, 20, 22, 23, 24, 26, 29, 30, 31, 34, 38, 39, 40, 42, 43, 44, 45, 47, 48, 49, 50, 52, 55, 57, 58, 59, 61, 64, 65, 67, 68, 70, 73, 74, 75, 78, 79, 80, 81, 85, 86, 91, 92, 94, 98, 99]
Indexes pruned for layer 6 : [0, 1, 2, 3, 4, 6, 9, 10, 11, 13, 15, 17, 21, 22, 25, 27, 31, 32, 33, 34, 35, 39, 40, 41, 42, 43, 44, 46, 47, 51, 52, 55, 61, 62, 66, 67, 68, 70, 71, 72, 73, 74, 76, 77, 79, 81, 82, 83, 84, 85, 86, 87, 88, 90, 91, 92, 96, 97, 98]
Indexes pruned for layer 7 : [0, 3, 7, 8, 11, 12, 13, 18, 20, 21, 22, 27, 28, 30, 31, 33, 34, 35, 36, 38, 39, 41, 47, 48, 50, 53, 54, 55, 57, 58, 59, 60, 61, 66, 68, 70, 72, 73, 75, 76, 78, 79, 80, 82, 83, 84, 85, 86, 89, 92, 93, 94, 95, 97, 99]
Indexes pruned for layer 8 : [0, 1, 2, 3, 4, 5, 6, 9, 11, 13, 14, 17, 18, 19, 21, 23, 24, 26, 28, 29, 32, 33, 36, 37, 43, 49, 55, 57, 59, 62, 63, 64, 65, 66, 67, 68, 71, 72, 73, 74, 75, 79, 86, 90, 93, 94, 96]
Indexes pruned for layer 9 : [1, 2, 5, 6, 7, 9, 11, 13, 17, 18, 19, 21, 23, 25, 27, 28, 32, 36, 42, 43, 48, 49, 50, 51, 52, 55, 56, 62, 65, 67, 68, 70, 71, 72, 74, 75, 78, 80, 82, 83, 84, 88, 89, 94, 95, 96]
CALLBACK : RLT (compact) = 57494 (dont 0 en repli chemin lent)
Adding rec matrices constraint
Number of constraints for the matrix by layers: 398 for 10 layers, [784 100 100 100 100 100 100 100 100 100  10] neurons, boundary layers: [1, 2, 3, 4, 5, 6, 7, 8]
Adding first term equal zero constraint
CALLBACK : Ending constraints. Total number of constraints :  175973
Cuts in _write_presolve_row:  ['RLT', 'triangularization']
Number of constraints before optimization:  175973
Number of variables before optimization:  780584
All possible cuts:  ['RLT', 'triangularization', 'McCormick_beta_z', 'beta_logits_comparaison', 'beta_logits_comparaison_big_M', 'sum_beta_logits_equal_logit']
Cuts added to dic for _write_presolve_row:  {'RLT': True, 'triangularization': True, 'McCormick_beta_z': False, 'beta_logits_comparaison': False, 'beta_logits_comparaison_big_M': False, 'sum_beta_logits_equal_logit': False}
Writing pre-solve row to results.csv with data_index: 45 target: 9
Pre-solve row written to results.csv with data_index: 45 target: 9
Pre-solve row written to results.csv with 175973 constraints and 780584 variables.
INFO     01:37:10     [objective_classic.py:97] Adding Objective to the task
CALLBACK : Number of constraints : 175973
[conic bundle] factor=0.01 x 172482 contraintes dualisables candidates => 1725 reellement dualisees (les 170757 autres relachees mais jamais penalisees)
  [cb_native dynamic calibration] h(0)=-0.451151 pool_initial=11/1725
  [cb_native dynamic oracle #5] h=-0.452850 best=-0.451151 pool=11/1725
[cb_native dynamic] pool converge (rien a ajouter/retirer) et termination_code=1 a n_iter=2, pool=11/1725.
[cb_native dynamic] n_iter=2 n_oracle_calls=8 n_pool_updates=0 pool_final=11/1725 termination_code=1 h_center=-0.451145 best_h=-0.451145 stop_reason=None
[conic bundle] data_index=45 target=9 optimal_value=-0.4511453689793563 n_iter=2 (226.09s)
Initializing TargetedSDP...
Creating list of ytargets...
K :  10
self.n :  [784 100 100 100 100 100 100 100 100 100  10]
Getting to compute bounds...
STUDY : use active neurons:  True use inactive neurons:  False
STUDY : Nb Stable neurons :  419
Number of cuts to test: 1
Cuts to test: [['RLT', 'triangularization']]
Initializing MosekClassicHandler

 
 folder name dans handler:  /lustre/fswork/projects/rech/llc/uvq13au/FastSDPCertification/results/benchmark/9x100-0.026/2026_10_02_00h37_33s_battery-targeted-rlt-notcert
LAST_LAYER in resolve_layer_groups :  False
K :  10
CHORDAL_DECOMPOSITION  in resolve layer groups:  True
INPUT_IN_VARIABLES in resolve_layer_groups :  True
Taille de la matrice pour le groupe 0 [0, 1] : 832
Taille de la matrice pour le groupe 1 [1, 2] : 108
Taille de la matrice pour le groupe 2 [2, 3] : 108
Taille de la matrice pour le groupe 3 [3, 4] : 96
Taille de la matrice pour le groupe 4 [4, 5] : 92
Taille de la matrice pour le groupe 5 [5, 6] : 90
Taille de la matrice pour le groupe 6 [6, 7] : 107
Taille de la matrice pour le groupe 7 [7, 8] : 121
Taille de la matrice pour le groupe 8 [8, 9] : 126
Neurones stables actives:  set()
Neurones stables inactives:  {(7, 17), (1, 95), (7, 26), (7, 35), (8, 0), (5, 65), (8, 9), (5, 74), (9, 72), (5, 83), (6, 48), (5, 92), (6, 57), (9, 90), (4, 2), (3, 6), (2, 50), (3, 15), (2, 68), (4, 87), (3, 42), (7, 3), (1, 90), (1, 99), (5, 60), (9, 67), (5, 87), (6, 61), (6, 70), (3, 1), (2, 54), (3, 28), (4, 82), (3, 37), (4, 91), (1, 85), (5, 46), (9, 44), (5, 55), (9, 53), (5, 73), (6, 38), (5, 82), (8, 84), (8, 93), (2, 31), (3, 5), (3, 14), (4, 68), (1, 53), (1, 71), (7, 2), (7, 11), (9, 30), (5, 41), (9, 39), (6, 15), (6, 24), (5, 68), (5, 77), (6, 42), (7, 96), (6, 51), (8, 70), (8, 88), (2, 17), (3, 0), (3, 9), (3, 18), (4, 72), (4, 81), (1, 57), (4, 99), (5, 27), (1, 75), (9, 25), (5, 36), (9, 52), (5, 63), (6, 28), (6, 37), (8, 65), (8, 83), (2, 12), (2, 21), (4, 49), (4, 58), (4, 67), (4, 85), (1, 61), (9, 11), (5, 22), (1, 70), (5, 31), (9, 29), (5, 40), (6, 14), (9, 47), (5, 58), (6, 23), (8, 51), (7, 95), (8, 78), (2, 7), (4, 44), (1, 38), (4, 80), (1, 56), (5, 17), (1, 65), (3, 84), (9, 15), (3, 93), (5, 35), (6, 0), (9, 33), (7, 63), (6, 18), (7, 72), (7, 81), (7, 90), (8, 55), (8, 82), (2, 11), (4, 30), (4, 39), (1, 24), (4, 57), (1, 42), (2, 96), (5, 3), (3, 70), (5, 21), (3, 88), (3, 97), (5, 39), (6, 13), (8, 32), (8, 68), (4, 34), (4, 43), (1, 19), (1, 28), (3, 65), (3, 74), (7, 62), (8, 27), (8, 36), (4, 11), (6, 93), (1, 5), (1, 14), (4, 47), (1, 32), (2, 86), (2, 95), (3, 60), (5, 2), (5, 11), (3, 78), (8, 13), (7, 57), (7, 66), (8, 31), (7, 75), (8, 49), (4, 24), (1, 0), (1, 9), (1, 18), (2, 81), (2, 90), (2, 99), (5, 6), (3, 73), (8, 17), (5, 91), (8, 44), (9, 98), (6, 74), (4, 1), (6, 83), (6, 92), (1, 13), (2, 67), (2, 85), (3, 50), (9, 75), (5, 86), (5, 95), (6, 60), (9, 93), (6, 69), (6, 78), (6, 87), (6, 96), (2, 44), (2, 62), (3, 27), (7, 6), (3, 54), (3, 63), (7, 24), (8, 7), (5, 72), (9, 70), (5, 81), (9, 79), (5, 90), (6, 73), (4, 0), (4, 9), (6, 91), (3, 22), (2, 75), (4, 94), (3, 49), (7, 28), (7, 37), (8, 2), (9, 56), (5, 67), (9, 65), (6, 41), (5, 85), (9, 83), (6, 59), (6, 68), (8, 96), (2, 34), (3, 8), (2, 52), (3, 17), (2, 61), (4, 89), (1, 83), (7, 14), (7, 23), (5, 62), (6, 27), (5, 71), (6, 36), (2, 20), (2, 38), (3, 3), (2, 47), (3, 12), (4, 84), (1, 60), (1, 78), (7, 9), (1, 87), (5, 48), (5, 57), (5, 66), (5, 84), (6, 49), (2, 6), (8, 95), (2, 24), (2, 42), (3, 7), (3, 16), (4, 70), (3, 25), (4, 79), (1, 55), (4, 88), (4, 97), (1, 73), (7, 4), (5, 34), (1, 82), (1, 91), (6, 8), (5, 52), (5, 61), (9, 59), (5, 70), (6, 35), (7, 89), (8, 81), (2, 28), (3, 11), (4, 65), (1, 50), (4, 83), (4, 92), (1, 68), (1, 77), (9, 27), (6, 3), (6, 12), (6, 21), (9, 54), (6, 30), (6, 39), (8, 67), (1, 36), (1, 45), (4, 78), (1, 54), (9, 4), (5, 15), (1, 63), (5, 33), (5, 42), (6, 7), (9, 40), (6, 25), (7, 79), (8, 62), (8, 71), (1, 22), (4, 55), (4, 73), (5, 1), (5, 10), (1, 58), (9, 8), (3, 86), (3, 95), (9, 26), (9, 35), (6, 11), (7, 65), (6, 20), (7, 74), (7, 83), (8, 48), (7, 92), (8, 66), (8, 75), (2, 4), (4, 23), (1, 8), (4, 41), (4, 50), (1, 26), (4, 59), (1, 44), (2, 98), (5, 5), (3, 72), (3, 81), (3, 90), (3, 99), (6, 6), (8, 25), (8, 43), (1, 12), (4, 45), (1, 21), (1, 39), (2, 93), (3, 58), (5, 0), (3, 76), (9, 7), (7, 55), (7, 64), (8, 56), (6, 86), (4, 13), (6, 95), (4, 31), (1, 7), (4, 40), (2, 70), (1, 25), (2, 79), (2, 88), (3, 71), (5, 13), (7, 32), (8, 6), (7, 59), (8, 33), (9, 87), (6, 72), (4, 8), (6, 99), (4, 26), (1, 2), (1, 11), (3, 39), (7, 18), (3, 66), (3, 75), (7, 36), (8, 1), (7, 45), (8, 19), (9, 82), (6, 76), (4, 3), (6, 85), (4, 12), (2, 51), (1, 6), (3, 34), (3, 43), (3, 52), (7, 40), (8, 5), (7, 49), (9, 68), (5, 79), (5, 88), (6, 53), (6, 62), (6, 80), (4, 7), (4, 16), (2, 46), (3, 20), (2, 64), (2, 73), (3, 56)}
Initializing TargetedSDP...
Creating list of ytargets...
K :  10
self.n :  [784 100 100 100 100 100 100 100 100 100  10]
Getting to compute bounds...
STUDY : use active neurons:  True use inactive neurons:  False
STUDY : Nb Stable neurons :  419
Number of cuts to test: 1
Cuts to test: [['RLT', 'triangularization']]
Initializing MosekClassicHandler

 
 folder name dans handler:  /lustre/fswork/projects/rech/llc/uvq13au/FastSDPCertification/results/benchmark/9x100-0.026/2026_10_02_00h37_33s_battery-targeted-rlt-notcert
LAST_LAYER in resolve_layer_groups :  False
K :  10
CHORDAL_DECOMPOSITION  in resolve layer groups:  True
INPUT_IN_VARIABLES in resolve_layer_groups :  True
Taille de la matrice pour le groupe 0 [0, 1] : 832
Taille de la matrice pour le groupe 1 [1, 2] : 108
Taille de la matrice pour le groupe 2 [2, 3] : 108
Taille de la matrice pour le groupe 3 [3, 4] : 96
Taille de la matrice pour le groupe 4 [4, 5] : 92
Taille de la matrice pour le groupe 5 [5, 6] : 90
Taille de la matrice pour le groupe 6 [6, 7] : 107
Taille de la matrice pour le groupe 7 [7, 8] : 121
Taille de la matrice pour le groupe 8 [8, 9] : 126
Neurones stables actives:  set()
Neurones stables inactives:  {(7, 17), (1, 95), (7, 26), (7, 35), (8, 0), (5, 65), (8, 9), (5, 74), (9, 72), (5, 83), (6, 48), (5, 92), (6, 57), (9, 90), (4, 2), (3, 6), (2, 50), (3, 15), (2, 68), (4, 87), (3, 42), (7, 3), (1, 90), (1, 99), (5, 60), (9, 67), (5, 87), (6, 61), (6, 70), (3, 1), (2, 54), (3, 28), (4, 82), (3, 37), (4, 91), (1, 85), (5, 46), (9, 44), (5, 55), (9, 53), (5, 73), (6, 38), (5, 82), (8, 84), (8, 93), (2, 31), (3, 5), (3, 14), (4, 68), (1, 53), (1, 71), (7, 2), (7, 11), (9, 30), (5, 41), (9, 39), (6, 15), (6, 24), (5, 68), (5, 77), (6, 42), (7, 96), (6, 51), (8, 70), (8, 88), (2, 17), (3, 0), (3, 9), (3, 18), (4, 72), (4, 81), (1, 57), (4, 99), (5, 27), (1, 75), (9, 25), (5, 36), (9, 52), (5, 63), (6, 28), (6, 37), (8, 65), (8, 83), (2, 12), (2, 21), (4, 49), (4, 58), (4, 67), (4, 85), (1, 61), (9, 11), (5, 22), (1, 70), (5, 31), (9, 29), (5, 40), (6, 14), (9, 47), (5, 58), (6, 23), (8, 51), (7, 95), (8, 78), (2, 7), (4, 44), (1, 38), (4, 80), (1, 56), (5, 17), (1, 65), (3, 84), (9, 15), (3, 93), (5, 35), (6, 0), (9, 33), (7, 63), (6, 18), (7, 72), (7, 81), (7, 90), (8, 55), (8, 82), (2, 11), (4, 30), (4, 39), (1, 24), (4, 57), (1, 42), (2, 96), (5, 3), (3, 70), (5, 21), (3, 88), (3, 97), (5, 39), (6, 13), (8, 32), (8, 68), (4, 34), (4, 43), (1, 19), (1, 28), (3, 65), (3, 74), (7, 62), (8, 27), (8, 36), (4, 11), (6, 93), (1, 5), (1, 14), (4, 47), (1, 32), (2, 86), (2, 95), (3, 60), (5, 2), (5, 11), (3, 78), (8, 13), (7, 57), (7, 66), (8, 31), (7, 75), (8, 49), (4, 24), (1, 0), (1, 9), (1, 18), (2, 81), (2, 90), (2, 99), (5, 6), (3, 73), (8, 17), (5, 91), (8, 44), (9, 98), (6, 74), (4, 1), (6, 83), (6, 92), (1, 13), (2, 67), (2, 85), (3, 50), (9, 75), (5, 86), (5, 95), (6, 60), (9, 93), (6, 69), (6, 78), (6, 87), (6, 96), (2, 44), (2, 62), (3, 27), (7, 6), (3, 54), (3, 63), (7, 24), (8, 7), (5, 72), (9, 70), (5, 81), (9, 79), (5, 90), (6, 73), (4, 0), (4, 9), (6, 91), (3, 22), (2, 75), (4, 94), (3, 49), (7, 28), (7, 37), (8, 2), (9, 56), (5, 67), (9, 65), (6, 41), (5, 85), (9, 83), (6, 59), (6, 68), (8, 96), (2, 34), (3, 8), (2, 52), (3, 17), (2, 61), (4, 89), (1, 83), (7, 14), (7, 23), (5, 62), (6, 27), (5, 71), (6, 36), (2, 20), (2, 38), (3, 3), (2, 47), (3, 12), (4, 84), (1, 60), (1, 78), (7, 9), (1, 87), (5, 48), (5, 57), (5, 66), (5, 84), (6, 49), (2, 6), (8, 95), (2, 24), (2, 42), (3, 7), (3, 16), (4, 70), (3, 25), (4, 79), (1, 55), (4, 88), (4, 97), (1, 73), (7, 4), (5, 34), (1, 82), (1, 91), (6, 8), (5, 52), (5, 61), (9, 59), (5, 70), (6, 35), (7, 89), (8, 81), (2, 28), (3, 11), (4, 65), (1, 50), (4, 83), (4, 92), (1, 68), (1, 77), (9, 27), (6, 3), (6, 12), (6, 21), (9, 54), (6, 30), (6, 39), (8, 67), (1, 36), (1, 45), (4, 78), (1, 54), (9, 4), (5, 15), (1, 63), (5, 33), (5, 42), (6, 7), (9, 40), (6, 25), (7, 79), (8, 62), (8, 71), (1, 22), (4, 55), (4, 73), (5, 1), (5, 10), (1, 58), (9, 8), (3, 86), (3, 95), (9, 26), (9, 35), (6, 11), (7, 65), (6, 20), (7, 74), (7, 83), (8, 48), (7, 92), (8, 66), (8, 75), (2, 4), (4, 23), (1, 8), (4, 41), (4, 50), (1, 26), (4, 59), (1, 44), (2, 98), (5, 5), (3, 72), (3, 81), (3, 90), (3, 99), (6, 6), (8, 25), (8, 43), (1, 12), (4, 45), (1, 21), (1, 39), (2, 93), (3, 58), (5, 0), (3, 76), (9, 7), (7, 55), (7, 64), (8, 56), (6, 86), (4, 13), (6, 95), (4, 31), (1, 7), (4, 40), (2, 70), (1, 25), (2, 79), (2, 88), (3, 71), (5, 13), (7, 32), (8, 6), (7, 59), (8, 33), (9, 87), (6, 72), (4, 8), (6, 99), (4, 26), (1, 2), (1, 11), (3, 39), (7, 18), (3, 66), (3, 75), (7, 36), (8, 1), (7, 45), (8, 19), (9, 82), (6, 76), (4, 3), (6, 85), (4, 12), (2, 51), (1, 6), (3, 34), (3, 43), (3, 52), (7, 40), (8, 5), (7, 49), (9, 68), (5, 79), (5, 88), (6, 53), (6, 62), (6, 80), (4, 7), (4, 16), (2, 46), (3, 20), (2, 64), (2, 73), (3, 56)}
Adjusting MOSEK solver parameters
MOSEK time limit set to 180s
Adding objective function for Lan
Initializing variables...
CALLBACK num variables : 790054
Adding ReLU constraints for layer 1
Adding ReLU constraints for layer 2
Adding ReLU constraints for layer 3
Adding ReLU constraints for layer 4
Adding ReLU constraints for layer 5
Adding ReLU constraints for layer 6
Adding ReLU constraints for layer 7
Adding ReLU constraints for layer 8
Adding ReLU constraints for layer 9
Adding quadratic bounds constraint
Adding quadratic bounds constraint for layer 0
Adding quadratic bounds constraint for layer 1
Adding quadratic bounds constraint for layer 2
Adding quadratic bounds constraint for layer 3
Adding quadratic bounds constraint for layer 4
Adding quadratic bounds constraint for layer 5
Adding quadratic bounds constraint for layer 6
Adding quadratic bounds constraint for layer 7
Adding quadratic bounds constraint for layer 8
Adding quadratic bounds constraint for layer 9
Adding RLT constraint (compact)
Indexes pruned for layer 1 : []
Indexes pruned for layer 2 : [0, 2, 5, 6, 7, 8, 9, 11, 12, 13, 14, 18, 19, 21, 22, 24, 25, 26, 28, 32, 36, 38, 39, 42, 44, 45, 50, 53, 54, 55, 56, 57, 58, 60, 61, 63, 65, 68, 70, 71, 73, 75, 77, 78, 82, 83, 85, 87, 90, 91, 95, 99]
Indexes pruned for layer 3 : [4, 6, 7, 11, 12, 17, 20, 21, 24, 28, 31, 34, 38, 42, 44, 46, 47, 50, 51, 52, 54, 61, 62, 64, 67, 68, 70, 73, 75, 79, 81, 85, 86, 88, 90, 93, 95, 96, 98, 99]
Indexes pruned for layer 4 : [0, 1, 3, 5, 6, 7, 8, 9, 11, 12, 14, 15, 16, 17, 18, 20, 22, 25, 27, 28, 34, 37, 39, 42, 43, 49, 50, 52, 54, 56, 58, 60, 63, 65, 66, 70, 71, 72, 73, 74, 75, 76, 78, 81, 84, 86, 88, 90, 93, 95, 97, 99]
Indexes pruned for layer 5 : [0, 1, 2, 3, 7, 8, 9, 11, 12, 13, 16, 23, 24, 26, 30, 31, 34, 39, 40, 41, 43, 44, 45, 47, 49, 50, 55, 57, 58, 59, 65, 67, 68, 70, 72, 73, 78, 79, 80, 81, 82, 83, 84, 85, 87, 88, 89, 91, 92, 94, 97, 99]
Indexes pruned for layer 6 : [0, 1, 2, 3, 5, 6, 10, 11, 13, 15, 17, 21, 22, 27, 31, 33, 34, 35, 36, 39, 40, 41, 42, 46, 48, 52, 55, 57, 58, 60, 61, 62, 63, 65, 66, 67, 68, 70, 71, 72, 73, 74, 77, 79, 81, 82, 83, 84, 85, 86, 87, 88, 90, 91, 92, 95]
Indexes pruned for layer 7 : [0, 3, 6, 7, 8, 11, 12, 13, 14, 15, 18, 20, 21, 23, 24, 25, 27, 28, 30, 35, 36, 37, 38, 39, 41, 42, 48, 49, 51, 53, 57, 59, 60, 61, 62, 68, 69, 70, 72, 73, 74, 76, 78, 80, 83, 85, 86, 87, 91, 92, 93, 95, 96, 99]
Indexes pruned for layer 8 : [2, 3, 4, 6, 9, 11, 14, 17, 18, 23, 24, 26, 28, 32, 35, 36, 37, 40, 45, 49, 55, 57, 59, 62, 63, 64, 65, 66, 72, 74, 75, 79, 81, 83, 89, 90, 92, 95, 96]
Indexes pruned for layer 9 : [0, 1, 2, 5, 6, 7, 9, 13, 17, 19, 25, 27, 31, 32, 33, 36, 43, 44, 48, 49, 51, 55, 56, 62, 65, 66, 67, 68, 70, 71, 75, 78, 81, 82, 83, 84, 88, 93, 95, 96]
CALLBACK : RLT (compact) = 60258 (dont 0 en repli chemin lent)
Adding rec matrices constraint
Number of constraints for the matrix by layers: 415 for 10 layers, [784 100 100 100 100 100 100 100 100 100  10] neurons, boundary layers: [1, 2, 3, 4, 5, 6, 7, 8]
Adding first term equal zero constraint
CALLBACK : Ending constraints. Total number of constraints :  184387
Cuts in _write_presolve_row:  ['RLT', 'triangularization']
Number of constraints before optimization:  184387
Number of variables before optimization:  790054
All possible cuts:  ['RLT', 'triangularization', 'McCormick_beta_z', 'beta_logits_comparaison', 'beta_logits_comparaison_big_M', 'sum_beta_logits_equal_logit']
Cuts added to dic for _write_presolve_row:  {'RLT': True, 'triangularization': True, 'McCormick_beta_z': False, 'beta_logits_comparaison': False, 'beta_logits_comparaison_big_M': False, 'sum_beta_logits_equal_logit': False}
Writing pre-solve row to results.csv with data_index: 59 target: 0
Pre-solve row written to results.csv with data_index: 59 target: 0
Pre-solve row written to results.csv with 184387 constraints and 790054 variables.
INFO     01:41:03     [objective_classic.py:97] Adding Objective to the task
CALLBACK : Number of constraints : 184387
[conic bundle] factor=0.01 x 180774 contraintes dualisables candidates => 1808 reellement dualisees (les 178966 autres relachees mais jamais penalisees)
  [cb_native dynamic calibration] h(0)=1.134305 pool_initial=50/1808
[cb_native dynamic] h(0)=1.134305 > positivity_threshold=1e-06 -- arret immediat (stop_when_positive).
[conic bundle] data_index=59 target=0 optimal_value=1.134305093233857 n_iter=0 (76.55s)
Initializing TargetedSDP...
Creating list of ytargets...
K :  10
self.n :  [784 100 100 100 100 100 100 100 100 100  10]
Getting to compute bounds...
STUDY : use active neurons:  True use inactive neurons:  False
STUDY : Nb Stable neurons :  419
Number of cuts to test: 1
Cuts to test: [['RLT', 'triangularization']]
Initializing MosekClassicHandler

 
 folder name dans handler:  /lustre/fswork/projects/rech/llc/uvq13au/FastSDPCertification/results/benchmark/9x100-0.026/2026_10_02_00h37_33s_battery-targeted-rlt-notcert
LAST_LAYER in resolve_layer_groups :  False
K :  10
CHORDAL_DECOMPOSITION  in resolve layer groups:  True
INPUT_IN_VARIABLES in resolve_layer_groups :  True
Taille de la matrice pour le groupe 0 [0, 1] : 832
Taille de la matrice pour le groupe 1 [1, 2] : 108
Taille de la matrice pour le groupe 2 [2, 3] : 108
Taille de la matrice pour le groupe 3 [3, 4] : 96
Taille de la matrice pour le groupe 4 [4, 5] : 92
Taille de la matrice pour le groupe 5 [5, 6] : 90
Taille de la matrice pour le groupe 6 [6, 7] : 107
Taille de la matrice pour le groupe 7 [7, 8] : 121
Taille de la matrice pour le groupe 8 [8, 9] : 126
Neurones stables actives:  set()
Neurones stables inactives:  {(7, 17), (1, 95), (7, 26), (7, 35), (8, 0), (5, 65), (8, 9), (5, 74), (9, 72), (5, 83), (6, 48), (5, 92), (6, 57), (9, 90), (4, 2), (3, 6), (2, 50), (3, 15), (2, 68), (4, 87), (3, 42), (7, 3), (1, 90), (1, 99), (5, 60), (9, 67), (5, 87), (6, 61), (6, 70), (3, 1), (2, 54), (3, 28), (4, 82), (3, 37), (4, 91), (1, 85), (5, 46), (9, 44), (5, 55), (9, 53), (5, 73), (6, 38), (5, 82), (8, 84), (8, 93), (2, 31), (3, 5), (3, 14), (4, 68), (1, 53), (1, 71), (7, 2), (7, 11), (9, 30), (5, 41), (9, 39), (6, 15), (6, 24), (5, 68), (5, 77), (6, 42), (7, 96), (6, 51), (8, 70), (8, 88), (2, 17), (3, 0), (3, 9), (3, 18), (4, 72), (4, 81), (1, 57), (4, 99), (5, 27), (1, 75), (9, 25), (5, 36), (9, 52), (5, 63), (6, 28), (6, 37), (8, 65), (8, 83), (2, 12), (2, 21), (4, 49), (4, 58), (4, 67), (4, 85), (1, 61), (9, 11), (5, 22), (1, 70), (5, 31), (9, 29), (5, 40), (6, 14), (9, 47), (5, 58), (6, 23), (8, 51), (7, 95), (8, 78), (2, 7), (4, 44), (1, 38), (4, 80), (1, 56), (5, 17), (1, 65), (3, 84), (9, 15), (3, 93), (5, 35), (6, 0), (9, 33), (7, 63), (6, 18), (7, 72), (7, 81), (7, 90), (8, 55), (8, 82), (2, 11), (4, 30), (4, 39), (1, 24), (4, 57), (1, 42), (2, 96), (5, 3), (3, 70), (5, 21), (3, 88), (3, 97), (5, 39), (6, 13), (8, 32), (8, 68), (4, 34), (4, 43), (1, 19), (1, 28), (3, 65), (3, 74), (7, 62), (8, 27), (8, 36), (4, 11), (6, 93), (1, 5), (1, 14), (4, 47), (1, 32), (2, 86), (2, 95), (3, 60), (5, 2), (5, 11), (3, 78), (8, 13), (7, 57), (7, 66), (8, 31), (7, 75), (8, 49), (4, 24), (1, 0), (1, 9), (1, 18), (2, 81), (2, 90), (2, 99), (5, 6), (3, 73), (8, 17), (5, 91), (8, 44), (9, 98), (6, 74), (4, 1), (6, 83), (6, 92), (1, 13), (2, 67), (2, 85), (3, 50), (9, 75), (5, 86), (5, 95), (6, 60), (9, 93), (6, 69), (6, 78), (6, 87), (6, 96), (2, 44), (2, 62), (3, 27), (7, 6), (3, 54), (3, 63), (7, 24), (8, 7), (5, 72), (9, 70), (5, 81), (9, 79), (5, 90), (6, 73), (4, 0), (4, 9), (6, 91), (3, 22), (2, 75), (4, 94), (3, 49), (7, 28), (7, 37), (8, 2), (9, 56), (5, 67), (9, 65), (6, 41), (5, 85), (9, 83), (6, 59), (6, 68), (8, 96), (2, 34), (3, 8), (2, 52), (3, 17), (2, 61), (4, 89), (1, 83), (7, 14), (7, 23), (5, 62), (6, 27), (5, 71), (6, 36), (2, 20), (2, 38), (3, 3), (2, 47), (3, 12), (4, 84), (1, 60), (1, 78), (7, 9), (1, 87), (5, 48), (5, 57), (5, 66), (5, 84), (6, 49), (2, 6), (8, 95), (2, 24), (2, 42), (3, 7), (3, 16), (4, 70), (3, 25), (4, 79), (1, 55), (4, 88), (4, 97), (1, 73), (7, 4), (5, 34), (1, 82), (1, 91), (6, 8), (5, 52), (5, 61), (9, 59), (5, 70), (6, 35), (7, 89), (8, 81), (2, 28), (3, 11), (4, 65), (1, 50), (4, 83), (4, 92), (1, 68), (1, 77), (9, 27), (6, 3), (6, 12), (6, 21), (9, 54), (6, 30), (6, 39), (8, 67), (1, 36), (1, 45), (4, 78), (1, 54), (9, 4), (5, 15), (1, 63), (5, 33), (5, 42), (6, 7), (9, 40), (6, 25), (7, 79), (8, 62), (8, 71), (1, 22), (4, 55), (4, 73), (5, 1), (5, 10), (1, 58), (9, 8), (3, 86), (3, 95), (9, 26), (9, 35), (6, 11), (7, 65), (6, 20), (7, 74), (7, 83), (8, 48), (7, 92), (8, 66), (8, 75), (2, 4), (4, 23), (1, 8), (4, 41), (4, 50), (1, 26), (4, 59), (1, 44), (2, 98), (5, 5), (3, 72), (3, 81), (3, 90), (3, 99), (6, 6), (8, 25), (8, 43), (1, 12), (4, 45), (1, 21), (1, 39), (2, 93), (3, 58), (5, 0), (3, 76), (9, 7), (7, 55), (7, 64), (8, 56), (6, 86), (4, 13), (6, 95), (4, 31), (1, 7), (4, 40), (2, 70), (1, 25), (2, 79), (2, 88), (3, 71), (5, 13), (7, 32), (8, 6), (7, 59), (8, 33), (9, 87), (6, 72), (4, 8), (6, 99), (4, 26), (1, 2), (1, 11), (3, 39), (7, 18), (3, 66), (3, 75), (7, 36), (8, 1), (7, 45), (8, 19), (9, 82), (6, 76), (4, 3), (6, 85), (4, 12), (2, 51), (1, 6), (3, 34), (3, 43), (3, 52), (7, 40), (8, 5), (7, 49), (9, 68), (5, 79), (5, 88), (6, 53), (6, 62), (6, 80), (4, 7), (4, 16), (2, 46), (3, 20), (2, 64), (2, 73), (3, 56)}
Adjusting MOSEK solver parameters
MOSEK time limit set to 180s
Adding objective function for Lan
Initializing variables...
CALLBACK num variables : 790054
Adding ReLU constraints for layer 1
Adding ReLU constraints for layer 2
Adding ReLU constraints for layer 3
Adding ReLU constraints for layer 4
Adding ReLU constraints for layer 5
Adding ReLU constraints for layer 6
Adding ReLU constraints for layer 7
Adding ReLU constraints for layer 8
Adding ReLU constraints for layer 9
Adding quadratic bounds constraint
Adding quadratic bounds constraint for layer 0
Adding quadratic bounds constraint for layer 1
Adding quadratic bounds constraint for layer 2
Adding quadratic bounds constraint for layer 3
Adding quadratic bounds constraint for layer 4
Adding quadratic bounds constraint for layer 5
Adding quadratic bounds constraint for layer 6
Adding quadratic bounds constraint for layer 7
Adding quadratic bounds constraint for layer 8
Adding quadratic bounds constraint for layer 9
Adding RLT constraint (compact)
Indexes pruned for layer 1 : []
Indexes pruned for layer 2 : [0, 2, 5, 6, 7, 8, 9, 11, 12, 13, 14, 18, 19, 21, 22, 24, 25, 26, 28, 32, 36, 38, 39, 42, 44, 45, 50, 53, 54, 55, 56, 57, 58, 60, 61, 63, 65, 68, 70, 71, 73, 75, 77, 78, 82, 83, 85, 87, 90, 91, 95, 99]
Indexes pruned for layer 3 : [4, 6, 7, 11, 12, 17, 20, 21, 24, 28, 31, 34, 38, 42, 44, 46, 47, 50, 51, 52, 54, 61, 62, 64, 67, 68, 70, 73, 75, 79, 81, 85, 86, 88, 90, 93, 95, 96, 98, 99]
Indexes pruned for layer 4 : [0, 1, 3, 5, 6, 7, 8, 9, 11, 12, 14, 15, 16, 17, 18, 20, 22, 25, 27, 28, 34, 37, 39, 42, 43, 49, 50, 52, 54, 56, 58, 60, 63, 65, 66, 70, 71, 72, 73, 74, 75, 76, 78, 81, 84, 86, 88, 90, 93, 95, 97, 99]
Indexes pruned for layer 5 : [0, 1, 2, 3, 7, 8, 9, 11, 12, 13, 16, 23, 24, 26, 30, 31, 34, 39, 40, 41, 43, 44, 45, 47, 49, 50, 55, 57, 58, 59, 65, 67, 68, 70, 72, 73, 78, 79, 80, 81, 82, 83, 84, 85, 87, 88, 89, 91, 92, 94, 97, 99]
Indexes pruned for layer 6 : [0, 1, 2, 3, 5, 6, 10, 11, 13, 15, 17, 21, 22, 27, 31, 33, 34, 35, 36, 39, 40, 41, 42, 46, 48, 52, 55, 57, 58, 60, 61, 62, 63, 65, 66, 67, 68, 70, 71, 72, 73, 74, 77, 79, 81, 82, 83, 84, 85, 86, 87, 88, 90, 91, 92, 95]
Indexes pruned for layer 7 : [0, 3, 6, 7, 8, 11, 12, 13, 14, 15, 18, 20, 21, 23, 24, 25, 27, 28, 30, 35, 36, 37, 38, 39, 41, 42, 48, 49, 51, 53, 57, 59, 60, 61, 62, 68, 69, 70, 72, 73, 74, 76, 78, 80, 83, 85, 86, 87, 91, 92, 93, 95, 96, 99]
Indexes pruned for layer 8 : [2, 3, 4, 6, 9, 11, 14, 17, 18, 23, 24, 26, 28, 32, 35, 36, 37, 40, 45, 49, 55, 57, 59, 62, 63, 64, 65, 66, 72, 74, 75, 79, 81, 83, 89, 90, 92, 95, 96]
Indexes pruned for layer 9 : [0, 1, 2, 5, 6, 7, 9, 13, 17, 19, 25, 27, 31, 32, 33, 36, 43, 44, 48, 49, 51, 55, 56, 62, 65, 66, 67, 68, 70, 71, 75, 78, 81, 82, 83, 84, 88, 93, 95, 96]
CALLBACK : RLT (compact) = 60258 (dont 0 en repli chemin lent)
Adding rec matrices constraint
Number of constraints for the matrix by layers: 415 for 10 layers, [784 100 100 100 100 100 100 100 100 100  10] neurons, boundary layers: [1, 2, 3, 4, 5, 6, 7, 8]
Adding first term equal zero constraint
CALLBACK : Ending constraints. Total number of constraints :  184387
Cuts in _write_presolve_row:  ['RLT', 'triangularization']
Number of constraints before optimization:  184387
Number of variables before optimization:  790054
All possible cuts:  ['RLT', 'triangularization', 'McCormick_beta_z', 'beta_logits_comparaison', 'beta_logits_comparaison_big_M', 'sum_beta_logits_equal_logit']
Cuts added to dic for _write_presolve_row:  {'RLT': True, 'triangularization': True, 'McCormick_beta_z': False, 'beta_logits_comparaison': False, 'beta_logits_comparaison_big_M': False, 'sum_beta_logits_equal_logit': False}
Writing pre-solve row to results.csv with data_index: 59 target: 1
Pre-solve row written to results.csv with data_index: 59 target: 1
Pre-solve row written to results.csv with 184387 constraints and 790054 variables.
INFO     01:42:22     [objective_classic.py:97] Adding Objective to the task
CALLBACK : Number of constraints : 184387
[conic bundle] factor=0.01 x 180774 contraintes dualisables candidates => 1808 reellement dualisees (les 178966 autres relachees mais jamais penalisees)
  [cb_native dynamic calibration] h(0)=1.876090 pool_initial=43/1808
[cb_native dynamic] h(0)=1.876090 > positivity_threshold=1e-06 -- arret immediat (stop_when_positive).
[conic bundle] data_index=59 target=1 optimal_value=1.8760899991292792 n_iter=0 (44.22s)
Initializing TargetedSDP...
Creating list of ytargets...
K :  10
self.n :  [784 100 100 100 100 100 100 100 100 100  10]
Getting to compute bounds...
STUDY : use active neurons:  True use inactive neurons:  False
STUDY : Nb Stable neurons :  419
Number of cuts to test: 1
Cuts to test: [['RLT', 'triangularization']]
Initializing MosekClassicHandler

 
 folder name dans handler:  /lustre/fswork/projects/rech/llc/uvq13au/FastSDPCertification/results/benchmark/9x100-0.026/2026_10_02_00h37_33s_battery-targeted-rlt-notcert
LAST_LAYER in resolve_layer_groups :  False
K :  10
CHORDAL_DECOMPOSITION  in resolve layer groups:  True
INPUT_IN_VARIABLES in resolve_layer_groups :  True
Taille de la matrice pour le groupe 0 [0, 1] : 832
Taille de la matrice pour le groupe 1 [1, 2] : 108
Taille de la matrice pour le groupe 2 [2, 3] : 108
Taille de la matrice pour le groupe 3 [3, 4] : 96
Taille de la matrice pour le groupe 4 [4, 5] : 92
Taille de la matrice pour le groupe 5 [5, 6] : 90
Taille de la matrice pour le groupe 6 [6, 7] : 107
Taille de la matrice pour le groupe 7 [7, 8] : 121
Taille de la matrice pour le groupe 8 [8, 9] : 126
Neurones stables actives:  set()
Neurones stables inactives:  {(7, 17), (1, 95), (7, 26), (7, 35), (8, 0), (5, 65), (8, 9), (5, 74), (9, 72), (5, 83), (6, 48), (5, 92), (6, 57), (9, 90), (4, 2), (3, 6), (2, 50), (3, 15), (2, 68), (4, 87), (3, 42), (7, 3), (1, 90), (1, 99), (5, 60), (9, 67), (5, 87), (6, 61), (6, 70), (3, 1), (2, 54), (3, 28), (4, 82), (3, 37), (4, 91), (1, 85), (5, 46), (9, 44), (5, 55), (9, 53), (5, 73), (6, 38), (5, 82), (8, 84), (8, 93), (2, 31), (3, 5), (3, 14), (4, 68), (1, 53), (1, 71), (7, 2), (7, 11), (9, 30), (5, 41), (9, 39), (6, 15), (6, 24), (5, 68), (5, 77), (6, 42), (7, 96), (6, 51), (8, 70), (8, 88), (2, 17), (3, 0), (3, 9), (3, 18), (4, 72), (4, 81), (1, 57), (4, 99), (5, 27), (1, 75), (9, 25), (5, 36), (9, 52), (5, 63), (6, 28), (6, 37), (8, 65), (8, 83), (2, 12), (2, 21), (4, 49), (4, 58), (4, 67), (4, 85), (1, 61), (9, 11), (5, 22), (1, 70), (5, 31), (9, 29), (5, 40), (6, 14), (9, 47), (5, 58), (6, 23), (8, 51), (7, 95), (8, 78), (2, 7), (4, 44), (1, 38), (4, 80), (1, 56), (5, 17), (1, 65), (3, 84), (9, 15), (3, 93), (5, 35), (6, 0), (9, 33), (7, 63), (6, 18), (7, 72), (7, 81), (7, 90), (8, 55), (8, 82), (2, 11), (4, 30), (4, 39), (1, 24), (4, 57), (1, 42), (2, 96), (5, 3), (3, 70), (5, 21), (3, 88), (3, 97), (5, 39), (6, 13), (8, 32), (8, 68), (4, 34), (4, 43), (1, 19), (1, 28), (3, 65), (3, 74), (7, 62), (8, 27), (8, 36), (4, 11), (6, 93), (1, 5), (1, 14), (4, 47), (1, 32), (2, 86), (2, 95), (3, 60), (5, 2), (5, 11), (3, 78), (8, 13), (7, 57), (7, 66), (8, 31), (7, 75), (8, 49), (4, 24), (1, 0), (1, 9), (1, 18), (2, 81), (2, 90), (2, 99), (5, 6), (3, 73), (8, 17), (5, 91), (8, 44), (9, 98), (6, 74), (4, 1), (6, 83), (6, 92), (1, 13), (2, 67), (2, 85), (3, 50), (9, 75), (5, 86), (5, 95), (6, 60), (9, 93), (6, 69), (6, 78), (6, 87), (6, 96), (2, 44), (2, 62), (3, 27), (7, 6), (3, 54), (3, 63), (7, 24), (8, 7), (5, 72), (9, 70), (5, 81), (9, 79), (5, 90), (6, 73), (4, 0), (4, 9), (6, 91), (3, 22), (2, 75), (4, 94), (3, 49), (7, 28), (7, 37), (8, 2), (9, 56), (5, 67), (9, 65), (6, 41), (5, 85), (9, 83), (6, 59), (6, 68), (8, 96), (2, 34), (3, 8), (2, 52), (3, 17), (2, 61), (4, 89), (1, 83), (7, 14), (7, 23), (5, 62), (6, 27), (5, 71), (6, 36), (2, 20), (2, 38), (3, 3), (2, 47), (3, 12), (4, 84), (1, 60), (1, 78), (7, 9), (1, 87), (5, 48), (5, 57), (5, 66), (5, 84), (6, 49), (2, 6), (8, 95), (2, 24), (2, 42), (3, 7), (3, 16), (4, 70), (3, 25), (4, 79), (1, 55), (4, 88), (4, 97), (1, 73), (7, 4), (5, 34), (1, 82), (1, 91), (6, 8), (5, 52), (5, 61), (9, 59), (5, 70), (6, 35), (7, 89), (8, 81), (2, 28), (3, 11), (4, 65), (1, 50), (4, 83), (4, 92), (1, 68), (1, 77), (9, 27), (6, 3), (6, 12), (6, 21), (9, 54), (6, 30), (6, 39), (8, 67), (1, 36), (1, 45), (4, 78), (1, 54), (9, 4), (5, 15), (1, 63), (5, 33), (5, 42), (6, 7), (9, 40), (6, 25), (7, 79), (8, 62), (8, 71), (1, 22), (4, 55), (4, 73), (5, 1), (5, 10), (1, 58), (9, 8), (3, 86), (3, 95), (9, 26), (9, 35), (6, 11), (7, 65), (6, 20), (7, 74), (7, 83), (8, 48), (7, 92), (8, 66), (8, 75), (2, 4), (4, 23), (1, 8), (4, 41), (4, 50), (1, 26), (4, 59), (1, 44), (2, 98), (5, 5), (3, 72), (3, 81), (3, 90), (3, 99), (6, 6), (8, 25), (8, 43), (1, 12), (4, 45), (1, 21), (1, 39), (2, 93), (3, 58), (5, 0), (3, 76), (9, 7), (7, 55), (7, 64), (8, 56), (6, 86), (4, 13), (6, 95), (4, 31), (1, 7), (4, 40), (2, 70), (1, 25), (2, 79), (2, 88), (3, 71), (5, 13), (7, 32), (8, 6), (7, 59), (8, 33), (9, 87), (6, 72), (4, 8), (6, 99), (4, 26), (1, 2), (1, 11), (3, 39), (7, 18), (3, 66), (3, 75), (7, 36), (8, 1), (7, 45), (8, 19), (9, 82), (6, 76), (4, 3), (6, 85), (4, 12), (2, 51), (1, 6), (3, 34), (3, 43), (3, 52), (7, 40), (8, 5), (7, 49), (9, 68), (5, 79), (5, 88), (6, 53), (6, 62), (6, 80), (4, 7), (4, 16), (2, 46), (3, 20), (2, 64), (2, 73), (3, 56)}
Adjusting MOSEK solver parameters
MOSEK time limit set to 180s
Adding objective function for Lan
Initializing variables...
CALLBACK num variables : 790054
Adding ReLU constraints for layer 1
Adding ReLU constraints for layer 2
Adding ReLU constraints for layer 3
Adding ReLU constraints for layer 4
Adding ReLU constraints for layer 5
Adding ReLU constraints for layer 6
Adding ReLU constraints for layer 7
Adding ReLU constraints for layer 8
Adding ReLU constraints for layer 9
Adding quadratic bounds constraint
Adding quadratic bounds constraint for layer 0
Adding quadratic bounds constraint for layer 1
Adding quadratic bounds constraint for layer 2
Adding quadratic bounds constraint for layer 3
Adding quadratic bounds constraint for layer 4
Adding quadratic bounds constraint for layer 5
Adding quadratic bounds constraint for layer 6
Adding quadratic bounds constraint for layer 7
Adding quadratic bounds constraint for layer 8
Adding quadratic bounds constraint for layer 9
Adding RLT constraint (compact)
Indexes pruned for layer 1 : []
Indexes pruned for layer 2 : [0, 2, 5, 6, 7, 8, 9, 11, 12, 13, 14, 18, 19, 21, 22, 24, 25, 26, 28, 32, 36, 38, 39, 42, 44, 45, 50, 53, 54, 55, 56, 57, 58, 60, 61, 63, 65, 68, 70, 71, 73, 75, 77, 78, 82, 83, 85, 87, 90, 91, 95, 99]
Indexes pruned for layer 3 : [4, 6, 7, 11, 12, 17, 20, 21, 24, 28, 31, 34, 38, 42, 44, 46, 47, 50, 51, 52, 54, 61, 62, 64, 67, 68, 70, 73, 75, 79, 81, 85, 86, 88, 90, 93, 95, 96, 98, 99]
Indexes pruned for layer 4 : [0, 1, 3, 5, 6, 7, 8, 9, 11, 12, 14, 15, 16, 17, 18, 20, 22, 25, 27, 28, 34, 37, 39, 42, 43, 49, 50, 52, 54, 56, 58, 60, 63, 65, 66, 70, 71, 72, 73, 74, 75, 76, 78, 81, 84, 86, 88, 90, 93, 95, 97, 99]
Indexes pruned for layer 5 : [0, 1, 2, 3, 7, 8, 9, 11, 12, 13, 16, 23, 24, 26, 30, 31, 34, 39, 40, 41, 43, 44, 45, 47, 49, 50, 55, 57, 58, 59, 65, 67, 68, 70, 72, 73, 78, 79, 80, 81, 82, 83, 84, 85, 87, 88, 89, 91, 92, 94, 97, 99]
Indexes pruned for layer 6 : [0, 1, 2, 3, 5, 6, 10, 11, 13, 15, 17, 21, 22, 27, 31, 33, 34, 35, 36, 39, 40, 41, 42, 46, 48, 52, 55, 57, 58, 60, 61, 62, 63, 65, 66, 67, 68, 70, 71, 72, 73, 74, 77, 79, 81, 82, 83, 84, 85, 86, 87, 88, 90, 91, 92, 95]
Indexes pruned for layer 7 : [0, 3, 6, 7, 8, 11, 12, 13, 14, 15, 18, 20, 21, 23, 24, 25, 27, 28, 30, 35, 36, 37, 38, 39, 41, 42, 48, 49, 51, 53, 57, 59, 60, 61, 62, 68, 69, 70, 72, 73, 74, 76, 78, 80, 83, 85, 86, 87, 91, 92, 93, 95, 96, 99]
Indexes pruned for layer 8 : [2, 3, 4, 6, 9, 11, 14, 17, 18, 23, 24, 26, 28, 32, 35, 36, 37, 40, 45, 49, 55, 57, 59, 62, 63, 64, 65, 66, 72, 74, 75, 79, 81, 83, 89, 90, 92, 95, 96]
Indexes pruned for layer 9 : [0, 1, 2, 5, 6, 7, 9, 13, 17, 19, 25, 27, 31, 32, 33, 36, 43, 44, 48, 49, 51, 55, 56, 62, 65, 66, 67, 68, 70, 71, 75, 78, 81, 82, 83, 84, 88, 93, 95, 96]
CALLBACK : RLT (compact) = 60258 (dont 0 en repli chemin lent)
Adding rec matrices constraint
Number of constraints for the matrix by layers: 415 for 10 layers, [784 100 100 100 100 100 100 100 100 100  10] neurons, boundary layers: [1, 2, 3, 4, 5, 6, 7, 8]
Adding first term equal zero constraint
CALLBACK : Ending constraints. Total number of constraints :  184387
Cuts in _write_presolve_row:  ['RLT', 'triangularization']
Number of constraints before optimization:  184387
Number of variables before optimization:  790054
All possible cuts:  ['RLT', 'triangularization', 'McCormick_beta_z', 'beta_logits_comparaison', 'beta_logits_comparaison_big_M', 'sum_beta_logits_equal_logit']
Cuts added to dic for _write_presolve_row:  {'RLT': True, 'triangularization': True, 'McCormick_beta_z': False, 'beta_logits_comparaison': False, 'beta_logits_comparaison_big_M': False, 'sum_beta_logits_equal_logit': False}
Writing pre-solve row to results.csv with data_index: 59 target: 2
Pre-solve row written to results.csv with data_index: 59 target: 2
Pre-solve row written to results.csv with 184387 constraints and 790054 variables.
INFO     01:43:07     [objective_classic.py:97] Adding Objective to the task
CALLBACK : Number of constraints : 184387
[conic bundle] factor=0.01 x 180774 contraintes dualisables candidates => 1808 reellement dualisees (les 178966 autres relachees mais jamais penalisees)
  [cb_native dynamic calibration] h(0)=1.577201 pool_initial=45/1808
[cb_native dynamic] h(0)=1.577201 > positivity_threshold=1e-06 -- arret immediat (stop_when_positive).
[conic bundle] data_index=59 target=2 optimal_value=1.5772005046135216 n_iter=0 (43.90s)
Initializing TargetedSDP...
Creating list of ytargets...
K :  10
self.n :  [784 100 100 100 100 100 100 100 100 100  10]
Getting to compute bounds...
STUDY : use active neurons:  True use inactive neurons:  False
STUDY : Nb Stable neurons :  419
Number of cuts to test: 1
Cuts to test: [['RLT', 'triangularization']]
Initializing MosekClassicHandler

 
 folder name dans handler:  /lustre/fswork/projects/rech/llc/uvq13au/FastSDPCertification/results/benchmark/9x100-0.026/2026_10_02_00h37_33s_battery-targeted-rlt-notcert
LAST_LAYER in resolve_layer_groups :  False
K :  10
CHORDAL_DECOMPOSITION  in resolve layer groups:  True
INPUT_IN_VARIABLES in resolve_layer_groups :  True
Taille de la matrice pour le groupe 0 [0, 1] : 832
Taille de la matrice pour le groupe 1 [1, 2] : 108
Taille de la matrice pour le groupe 2 [2, 3] : 108
Taille de la matrice pour le groupe 3 [3, 4] : 96
Taille de la matrice pour le groupe 4 [4, 5] : 92
Taille de la matrice pour le groupe 5 [5, 6] : 90
Taille de la matrice pour le groupe 6 [6, 7] : 107
Taille de la matrice pour le groupe 7 [7, 8] : 121
Taille de la matrice pour le groupe 8 [8, 9] : 126
Neurones stables actives:  set()
Neurones stables inactives:  {(7, 17), (1, 95), (7, 26), (7, 35), (8, 0), (5, 65), (8, 9), (5, 74), (9, 72), (5, 83), (6, 48), (5, 92), (6, 57), (9, 90), (4, 2), (3, 6), (2, 50), (3, 15), (2, 68), (4, 87), (3, 42), (7, 3), (1, 90), (1, 99), (5, 60), (9, 67), (5, 87), (6, 61), (6, 70), (3, 1), (2, 54), (3, 28), (4, 82), (3, 37), (4, 91), (1, 85), (5, 46), (9, 44), (5, 55), (9, 53), (5, 73), (6, 38), (5, 82), (8, 84), (8, 93), (2, 31), (3, 5), (3, 14), (4, 68), (1, 53), (1, 71), (7, 2), (7, 11), (9, 30), (5, 41), (9, 39), (6, 15), (6, 24), (5, 68), (5, 77), (6, 42), (7, 96), (6, 51), (8, 70), (8, 88), (2, 17), (3, 0), (3, 9), (3, 18), (4, 72), (4, 81), (1, 57), (4, 99), (5, 27), (1, 75), (9, 25), (5, 36), (9, 52), (5, 63), (6, 28), (6, 37), (8, 65), (8, 83), (2, 12), (2, 21), (4, 49), (4, 58), (4, 67), (4, 85), (1, 61), (9, 11), (5, 22), (1, 70), (5, 31), (9, 29), (5, 40), (6, 14), (9, 47), (5, 58), (6, 23), (8, 51), (7, 95), (8, 78), (2, 7), (4, 44), (1, 38), (4, 80), (1, 56), (5, 17), (1, 65), (3, 84), (9, 15), (3, 93), (5, 35), (6, 0), (9, 33), (7, 63), (6, 18), (7, 72), (7, 81), (7, 90), (8, 55), (8, 82), (2, 11), (4, 30), (4, 39), (1, 24), (4, 57), (1, 42), (2, 96), (5, 3), (3, 70), (5, 21), (3, 88), (3, 97), (5, 39), (6, 13), (8, 32), (8, 68), (4, 34), (4, 43), (1, 19), (1, 28), (3, 65), (3, 74), (7, 62), (8, 27), (8, 36), (4, 11), (6, 93), (1, 5), (1, 14), (4, 47), (1, 32), (2, 86), (2, 95), (3, 60), (5, 2), (5, 11), (3, 78), (8, 13), (7, 57), (7, 66), (8, 31), (7, 75), (8, 49), (4, 24), (1, 0), (1, 9), (1, 18), (2, 81), (2, 90), (2, 99), (5, 6), (3, 73), (8, 17), (5, 91), (8, 44), (9, 98), (6, 74), (4, 1), (6, 83), (6, 92), (1, 13), (2, 67), (2, 85), (3, 50), (9, 75), (5, 86), (5, 95), (6, 60), (9, 93), (6, 69), (6, 78), (6, 87), (6, 96), (2, 44), (2, 62), (3, 27), (7, 6), (3, 54), (3, 63), (7, 24), (8, 7), (5, 72), (9, 70), (5, 81), (9, 79), (5, 90), (6, 73), (4, 0), (4, 9), (6, 91), (3, 22), (2, 75), (4, 94), (3, 49), (7, 28), (7, 37), (8, 2), (9, 56), (5, 67), (9, 65), (6, 41), (5, 85), (9, 83), (6, 59), (6, 68), (8, 96), (2, 34), (3, 8), (2, 52), (3, 17), (2, 61), (4, 89), (1, 83), (7, 14), (7, 23), (5, 62), (6, 27), (5, 71), (6, 36), (2, 20), (2, 38), (3, 3), (2, 47), (3, 12), (4, 84), (1, 60), (1, 78), (7, 9), (1, 87), (5, 48), (5, 57), (5, 66), (5, 84), (6, 49), (2, 6), (8, 95), (2, 24), (2, 42), (3, 7), (3, 16), (4, 70), (3, 25), (4, 79), (1, 55), (4, 88), (4, 97), (1, 73), (7, 4), (5, 34), (1, 82), (1, 91), (6, 8), (5, 52), (5, 61), (9, 59), (5, 70), (6, 35), (7, 89), (8, 81), (2, 28), (3, 11), (4, 65), (1, 50), (4, 83), (4, 92), (1, 68), (1, 77), (9, 27), (6, 3), (6, 12), (6, 21), (9, 54), (6, 30), (6, 39), (8, 67), (1, 36), (1, 45), (4, 78), (1, 54), (9, 4), (5, 15), (1, 63), (5, 33), (5, 42), (6, 7), (9, 40), (6, 25), (7, 79), (8, 62), (8, 71), (1, 22), (4, 55), (4, 73), (5, 1), (5, 10), (1, 58), (9, 8), (3, 86), (3, 95), (9, 26), (9, 35), (6, 11), (7, 65), (6, 20), (7, 74), (7, 83), (8, 48), (7, 92), (8, 66), (8, 75), (2, 4), (4, 23), (1, 8), (4, 41), (4, 50), (1, 26), (4, 59), (1, 44), (2, 98), (5, 5), (3, 72), (3, 81), (3, 90), (3, 99), (6, 6), (8, 25), (8, 43), (1, 12), (4, 45), (1, 21), (1, 39), (2, 93), (3, 58), (5, 0), (3, 76), (9, 7), (7, 55), (7, 64), (8, 56), (6, 86), (4, 13), (6, 95), (4, 31), (1, 7), (4, 40), (2, 70), (1, 25), (2, 79), (2, 88), (3, 71), (5, 13), (7, 32), (8, 6), (7, 59), (8, 33), (9, 87), (6, 72), (4, 8), (6, 99), (4, 26), (1, 2), (1, 11), (3, 39), (7, 18), (3, 66), (3, 75), (7, 36), (8, 1), (7, 45), (8, 19), (9, 82), (6, 76), (4, 3), (6, 85), (4, 12), (2, 51), (1, 6), (3, 34), (3, 43), (3, 52), (7, 40), (8, 5), (7, 49), (9, 68), (5, 79), (5, 88), (6, 53), (6, 62), (6, 80), (4, 7), (4, 16), (2, 46), (3, 20), (2, 64), (2, 73), (3, 56)}
Adjusting MOSEK solver parameters
MOSEK time limit set to 180s
Adding objective function for Lan
Initializing variables...
CALLBACK num variables : 790054
Adding ReLU constraints for layer 1
Adding ReLU constraints for layer 2
Adding ReLU constraints for layer 3
Adding ReLU constraints for layer 4
Adding ReLU constraints for layer 5
Adding ReLU constraints for layer 6
Adding ReLU constraints for layer 7
Adding ReLU constraints for layer 8
Adding ReLU constraints for layer 9
Adding quadratic bounds constraint
Adding quadratic bounds constraint for layer 0
Adding quadratic bounds constraint for layer 1
Adding quadratic bounds constraint for layer 2
Adding quadratic bounds constraint for layer 3
Adding quadratic bounds constraint for layer 4
Adding quadratic bounds constraint for layer 5
Adding quadratic bounds constraint for layer 6
Adding quadratic bounds constraint for layer 7
Adding quadratic bounds constraint for layer 8
Adding quadratic bounds constraint for layer 9
Adding RLT constraint (compact)
Indexes pruned for layer 1 : []
Indexes pruned for layer 2 : [0, 2, 5, 6, 7, 8, 9, 11, 12, 13, 14, 18, 19, 21, 22, 24, 25, 26, 28, 32, 36, 38, 39, 42, 44, 45, 50, 53, 54, 55, 56, 57, 58, 60, 61, 63, 65, 68, 70, 71, 73, 75, 77, 78, 82, 83, 85, 87, 90, 91, 95, 99]
Indexes pruned for layer 3 : [4, 6, 7, 11, 12, 17, 20, 21, 24, 28, 31, 34, 38, 42, 44, 46, 47, 50, 51, 52, 54, 61, 62, 64, 67, 68, 70, 73, 75, 79, 81, 85, 86, 88, 90, 93, 95, 96, 98, 99]
Indexes pruned for layer 4 : [0, 1, 3, 5, 6, 7, 8, 9, 11, 12, 14, 15, 16, 17, 18, 20, 22, 25, 27, 28, 34, 37, 39, 42, 43, 49, 50, 52, 54, 56, 58, 60, 63, 65, 66, 70, 71, 72, 73, 74, 75, 76, 78, 81, 84, 86, 88, 90, 93, 95, 97, 99]
Indexes pruned for layer 5 : [0, 1, 2, 3, 7, 8, 9, 11, 12, 13, 16, 23, 24, 26, 30, 31, 34, 39, 40, 41, 43, 44, 45, 47, 49, 50, 55, 57, 58, 59, 65, 67, 68, 70, 72, 73, 78, 79, 80, 81, 82, 83, 84, 85, 87, 88, 89, 91, 92, 94, 97, 99]
Indexes pruned for layer 6 : [0, 1, 2, 3, 5, 6, 10, 11, 13, 15, 17, 21, 22, 27, 31, 33, 34, 35, 36, 39, 40, 41, 42, 46, 48, 52, 55, 57, 58, 60, 61, 62, 63, 65, 66, 67, 68, 70, 71, 72, 73, 74, 77, 79, 81, 82, 83, 84, 85, 86, 87, 88, 90, 91, 92, 95]
Indexes pruned for layer 7 : [0, 3, 6, 7, 8, 11, 12, 13, 14, 15, 18, 20, 21, 23, 24, 25, 27, 28, 30, 35, 36, 37, 38, 39, 41, 42, 48, 49, 51, 53, 57, 59, 60, 61, 62, 68, 69, 70, 72, 73, 74, 76, 78, 80, 83, 85, 86, 87, 91, 92, 93, 95, 96, 99]
Indexes pruned for layer 8 : [2, 3, 4, 6, 9, 11, 14, 17, 18, 23, 24, 26, 28, 32, 35, 36, 37, 40, 45, 49, 55, 57, 59, 62, 63, 64, 65, 66, 72, 74, 75, 79, 81, 83, 89, 90, 92, 95, 96]
Indexes pruned for layer 9 : [0, 1, 2, 5, 6, 7, 9, 13, 17, 19, 25, 27, 31, 32, 33, 36, 43, 44, 48, 49, 51, 55, 56, 62, 65, 66, 67, 68, 70, 71, 75, 78, 81, 82, 83, 84, 88, 93, 95, 96]
CALLBACK : RLT (compact) = 60258 (dont 0 en repli chemin lent)
Adding rec matrices constraint
Number of constraints for the matrix by layers: 415 for 10 layers, [784 100 100 100 100 100 100 100 100 100  10] neurons, boundary layers: [1, 2, 3, 4, 5, 6, 7, 8]
Adding first term equal zero constraint
CALLBACK : Ending constraints. Total number of constraints :  184387
Cuts in _write_presolve_row:  ['RLT', 'triangularization']
Number of constraints before optimization:  184387
Number of variables before optimization:  790054
All possible cuts:  ['RLT', 'triangularization', 'McCormick_beta_z', 'beta_logits_comparaison', 'beta_logits_comparaison_big_M', 'sum_beta_logits_equal_logit']
Cuts added to dic for _write_presolve_row:  {'RLT': True, 'triangularization': True, 'McCormick_beta_z': False, 'beta_logits_comparaison': False, 'beta_logits_comparaison_big_M': False, 'sum_beta_logits_equal_logit': False}
Writing pre-solve row to results.csv with data_index: 59 target: 3
Pre-solve row written to results.csv with data_index: 59 target: 3
Pre-solve row written to results.csv with 184387 constraints and 790054 variables.
INFO     01:43:52     [objective_classic.py:97] Adding Objective to the task
CALLBACK : Number of constraints : 184387
[conic bundle] factor=0.01 x 180774 contraintes dualisables candidates => 1808 reellement dualisees (les 178966 autres relachees mais jamais penalisees)
  [cb_native dynamic calibration] h(0)=1.598266 pool_initial=42/1808
[cb_native dynamic] h(0)=1.598266 > positivity_threshold=1e-06 -- arret immediat (stop_when_positive).
[conic bundle] data_index=59 target=3 optimal_value=1.598265886783533 n_iter=0 (43.47s)
Initializing TargetedSDP...
Creating list of ytargets...
K :  10
self.n :  [784 100 100 100 100 100 100 100 100 100  10]
Getting to compute bounds...
STUDY : use active neurons:  True use inactive neurons:  False
STUDY : Nb Stable neurons :  419
Number of cuts to test: 1
Cuts to test: [['RLT', 'triangularization']]
Initializing MosekClassicHandler

 
 folder name dans handler:  /lustre/fswork/projects/rech/llc/uvq13au/FastSDPCertification/results/benchmark/9x100-0.026/2026_10_02_00h37_33s_battery-targeted-rlt-notcert
LAST_LAYER in resolve_layer_groups :  False
K :  10
CHORDAL_DECOMPOSITION  in resolve layer groups:  True
INPUT_IN_VARIABLES in resolve_layer_groups :  True
Taille de la matrice pour le groupe 0 [0, 1] : 832
Taille de la matrice pour le groupe 1 [1, 2] : 108
Taille de la matrice pour le groupe 2 [2, 3] : 108
Taille de la matrice pour le groupe 3 [3, 4] : 96
Taille de la matrice pour le groupe 4 [4, 5] : 92
Taille de la matrice pour le groupe 5 [5, 6] : 90
Taille de la matrice pour le groupe 6 [6, 7] : 107
Taille de la matrice pour le groupe 7 [7, 8] : 121
Taille de la matrice pour le groupe 8 [8, 9] : 126
Neurones stables actives:  set()
Neurones stables inactives:  {(7, 17), (1, 95), (7, 26), (7, 35), (8, 0), (5, 65), (8, 9), (5, 74), (9, 72), (5, 83), (6, 48), (5, 92), (6, 57), (9, 90), (4, 2), (3, 6), (2, 50), (3, 15), (2, 68), (4, 87), (3, 42), (7, 3), (1, 90), (1, 99), (5, 60), (9, 67), (5, 87), (6, 61), (6, 70), (3, 1), (2, 54), (3, 28), (4, 82), (3, 37), (4, 91), (1, 85), (5, 46), (9, 44), (5, 55), (9, 53), (5, 73), (6, 38), (5, 82), (8, 84), (8, 93), (2, 31), (3, 5), (3, 14), (4, 68), (1, 53), (1, 71), (7, 2), (7, 11), (9, 30), (5, 41), (9, 39), (6, 15), (6, 24), (5, 68), (5, 77), (6, 42), (7, 96), (6, 51), (8, 70), (8, 88), (2, 17), (3, 0), (3, 9), (3, 18), (4, 72), (4, 81), (1, 57), (4, 99), (5, 27), (1, 75), (9, 25), (5, 36), (9, 52), (5, 63), (6, 28), (6, 37), (8, 65), (8, 83), (2, 12), (2, 21), (4, 49), (4, 58), (4, 67), (4, 85), (1, 61), (9, 11), (5, 22), (1, 70), (5, 31), (9, 29), (5, 40), (6, 14), (9, 47), (5, 58), (6, 23), (8, 51), (7, 95), (8, 78), (2, 7), (4, 44), (1, 38), (4, 80), (1, 56), (5, 17), (1, 65), (3, 84), (9, 15), (3, 93), (5, 35), (6, 0), (9, 33), (7, 63), (6, 18), (7, 72), (7, 81), (7, 90), (8, 55), (8, 82), (2, 11), (4, 30), (4, 39), (1, 24), (4, 57), (1, 42), (2, 96), (5, 3), (3, 70), (5, 21), (3, 88), (3, 97), (5, 39), (6, 13), (8, 32), (8, 68), (4, 34), (4, 43), (1, 19), (1, 28), (3, 65), (3, 74), (7, 62), (8, 27), (8, 36), (4, 11), (6, 93), (1, 5), (1, 14), (4, 47), (1, 32), (2, 86), (2, 95), (3, 60), (5, 2), (5, 11), (3, 78), (8, 13), (7, 57), (7, 66), (8, 31), (7, 75), (8, 49), (4, 24), (1, 0), (1, 9), (1, 18), (2, 81), (2, 90), (2, 99), (5, 6), (3, 73), (8, 17), (5, 91), (8, 44), (9, 98), (6, 74), (4, 1), (6, 83), (6, 92), (1, 13), (2, 67), (2, 85), (3, 50), (9, 75), (5, 86), (5, 95), (6, 60), (9, 93), (6, 69), (6, 78), (6, 87), (6, 96), (2, 44), (2, 62), (3, 27), (7, 6), (3, 54), (3, 63), (7, 24), (8, 7), (5, 72), (9, 70), (5, 81), (9, 79), (5, 90), (6, 73), (4, 0), (4, 9), (6, 91), (3, 22), (2, 75), (4, 94), (3, 49), (7, 28), (7, 37), (8, 2), (9, 56), (5, 67), (9, 65), (6, 41), (5, 85), (9, 83), (6, 59), (6, 68), (8, 96), (2, 34), (3, 8), (2, 52), (3, 17), (2, 61), (4, 89), (1, 83), (7, 14), (7, 23), (5, 62), (6, 27), (5, 71), (6, 36), (2, 20), (2, 38), (3, 3), (2, 47), (3, 12), (4, 84), (1, 60), (1, 78), (7, 9), (1, 87), (5, 48), (5, 57), (5, 66), (5, 84), (6, 49), (2, 6), (8, 95), (2, 24), (2, 42), (3, 7), (3, 16), (4, 70), (3, 25), (4, 79), (1, 55), (4, 88), (4, 97), (1, 73), (7, 4), (5, 34), (1, 82), (1, 91), (6, 8), (5, 52), (5, 61), (9, 59), (5, 70), (6, 35), (7, 89), (8, 81), (2, 28), (3, 11), (4, 65), (1, 50), (4, 83), (4, 92), (1, 68), (1, 77), (9, 27), (6, 3), (6, 12), (6, 21), (9, 54), (6, 30), (6, 39), (8, 67), (1, 36), (1, 45), (4, 78), (1, 54), (9, 4), (5, 15), (1, 63), (5, 33), (5, 42), (6, 7), (9, 40), (6, 25), (7, 79), (8, 62), (8, 71), (1, 22), (4, 55), (4, 73), (5, 1), (5, 10), (1, 58), (9, 8), (3, 86), (3, 95), (9, 26), (9, 35), (6, 11), (7, 65), (6, 20), (7, 74), (7, 83), (8, 48), (7, 92), (8, 66), (8, 75), (2, 4), (4, 23), (1, 8), (4, 41), (4, 50), (1, 26), (4, 59), (1, 44), (2, 98), (5, 5), (3, 72), (3, 81), (3, 90), (3, 99), (6, 6), (8, 25), (8, 43), (1, 12), (4, 45), (1, 21), (1, 39), (2, 93), (3, 58), (5, 0), (3, 76), (9, 7), (7, 55), (7, 64), (8, 56), (6, 86), (4, 13), (6, 95), (4, 31), (1, 7), (4, 40), (2, 70), (1, 25), (2, 79), (2, 88), (3, 71), (5, 13), (7, 32), (8, 6), (7, 59), (8, 33), (9, 87), (6, 72), (4, 8), (6, 99), (4, 26), (1, 2), (1, 11), (3, 39), (7, 18), (3, 66), (3, 75), (7, 36), (8, 1), (7, 45), (8, 19), (9, 82), (6, 76), (4, 3), (6, 85), (4, 12), (2, 51), (1, 6), (3, 34), (3, 43), (3, 52), (7, 40), (8, 5), (7, 49), (9, 68), (5, 79), (5, 88), (6, 53), (6, 62), (6, 80), (4, 7), (4, 16), (2, 46), (3, 20), (2, 64), (2, 73), (3, 56)}
Adjusting MOSEK solver parameters
MOSEK time limit set to 180s
Adding objective function for Lan
Initializing variables...
CALLBACK num variables : 790054
Adding ReLU constraints for layer 1
Adding ReLU constraints for layer 2
Adding ReLU constraints for layer 3
Adding ReLU constraints for layer 4
Adding ReLU constraints for layer 5
Adding ReLU constraints for layer 6
Adding ReLU constraints for layer 7
Adding ReLU constraints for layer 8
Adding ReLU constraints for layer 9
Adding quadratic bounds constraint
Adding quadratic bounds constraint for layer 0
Adding quadratic bounds constraint for layer 1
Adding quadratic bounds constraint for layer 2
Adding quadratic bounds constraint for layer 3
Adding quadratic bounds constraint for layer 4
Adding quadratic bounds constraint for layer 5
Adding quadratic bounds constraint for layer 6
Adding quadratic bounds constraint for layer 7
Adding quadratic bounds constraint for layer 8
Adding quadratic bounds constraint for layer 9
Adding RLT constraint (compact)
Indexes pruned for layer 1 : []
Indexes pruned for layer 2 : [0, 2, 5, 6, 7, 8, 9, 11, 12, 13, 14, 18, 19, 21, 22, 24, 25, 26, 28, 32, 36, 38, 39, 42, 44, 45, 50, 53, 54, 55, 56, 57, 58, 60, 61, 63, 65, 68, 70, 71, 73, 75, 77, 78, 82, 83, 85, 87, 90, 91, 95, 99]
Indexes pruned for layer 3 : [4, 6, 7, 11, 12, 17, 20, 21, 24, 28, 31, 34, 38, 42, 44, 46, 47, 50, 51, 52, 54, 61, 62, 64, 67, 68, 70, 73, 75, 79, 81, 85, 86, 88, 90, 93, 95, 96, 98, 99]
Indexes pruned for layer 4 : [0, 1, 3, 5, 6, 7, 8, 9, 11, 12, 14, 15, 16, 17, 18, 20, 22, 25, 27, 28, 34, 37, 39, 42, 43, 49, 50, 52, 54, 56, 58, 60, 63, 65, 66, 70, 71, 72, 73, 74, 75, 76, 78, 81, 84, 86, 88, 90, 93, 95, 97, 99]
Indexes pruned for layer 5 : [0, 1, 2, 3, 7, 8, 9, 11, 12, 13, 16, 23, 24, 26, 30, 31, 34, 39, 40, 41, 43, 44, 45, 47, 49, 50, 55, 57, 58, 59, 65, 67, 68, 70, 72, 73, 78, 79, 80, 81, 82, 83, 84, 85, 87, 88, 89, 91, 92, 94, 97, 99]
Indexes pruned for layer 6 : [0, 1, 2, 3, 5, 6, 10, 11, 13, 15, 17, 21, 22, 27, 31, 33, 34, 35, 36, 39, 40, 41, 42, 46, 48, 52, 55, 57, 58, 60, 61, 62, 63, 65, 66, 67, 68, 70, 71, 72, 73, 74, 77, 79, 81, 82, 83, 84, 85, 86, 87, 88, 90, 91, 92, 95]
Indexes pruned for layer 7 : [0, 3, 6, 7, 8, 11, 12, 13, 14, 15, 18, 20, 21, 23, 24, 25, 27, 28, 30, 35, 36, 37, 38, 39, 41, 42, 48, 49, 51, 53, 57, 59, 60, 61, 62, 68, 69, 70, 72, 73, 74, 76, 78, 80, 83, 85, 86, 87, 91, 92, 93, 95, 96, 99]
Indexes pruned for layer 8 : [2, 3, 4, 6, 9, 11, 14, 17, 18, 23, 24, 26, 28, 32, 35, 36, 37, 40, 45, 49, 55, 57, 59, 62, 63, 64, 65, 66, 72, 74, 75, 79, 81, 83, 89, 90, 92, 95, 96]
Indexes pruned for layer 9 : [0, 1, 2, 5, 6, 7, 9, 13, 17, 19, 25, 27, 31, 32, 33, 36, 43, 44, 48, 49, 51, 55, 56, 62, 65, 66, 67, 68, 70, 71, 75, 78, 81, 82, 83, 84, 88, 93, 95, 96]
CALLBACK : RLT (compact) = 60258 (dont 0 en repli chemin lent)
Adding rec matrices constraint
Number of constraints for the matrix by layers: 415 for 10 layers, [784 100 100 100 100 100 100 100 100 100  10] neurons, boundary layers: [1, 2, 3, 4, 5, 6, 7, 8]
Adding first term equal zero constraint
CALLBACK : Ending constraints. Total number of constraints :  184387
Cuts in _write_presolve_row:  ['RLT', 'triangularization']
Number of constraints before optimization:  184387
Number of variables before optimization:  790054
All possible cuts:  ['RLT', 'triangularization', 'McCormick_beta_z', 'beta_logits_comparaison', 'beta_logits_comparaison_big_M', 'sum_beta_logits_equal_logit']
Cuts added to dic for _write_presolve_row:  {'RLT': True, 'triangularization': True, 'McCormick_beta_z': False, 'beta_logits_comparaison': False, 'beta_logits_comparaison_big_M': False, 'sum_beta_logits_equal_logit': False}
Writing pre-solve row to results.csv with data_index: 59 target: 4
Pre-solve row written to results.csv with data_index: 59 target: 4
Pre-solve row written to results.csv with 184387 constraints and 790054 variables.
INFO     01:44:38     [objective_classic.py:97] Adding Objective to the task
CALLBACK : Number of constraints : 184387
[conic bundle] factor=0.01 x 180774 contraintes dualisables candidates => 1808 reellement dualisees (les 178966 autres relachees mais jamais penalisees)
  [cb_native dynamic calibration] h(0)=2.102337 pool_initial=50/1808
[cb_native dynamic] h(0)=2.102337 > positivity_threshold=1e-06 -- arret immediat (stop_when_positive).
[conic bundle] data_index=59 target=4 optimal_value=2.102336781941356 n_iter=0 (44.76s)
Initializing TargetedSDP...
Creating list of ytargets...
K :  10
self.n :  [784 100 100 100 100 100 100 100 100 100  10]
Getting to compute bounds...
STUDY : use active neurons:  True use inactive neurons:  False
STUDY : Nb Stable neurons :  419
Number of cuts to test: 1
Cuts to test: [['RLT', 'triangularization']]
Initializing MosekClassicHandler

 
 folder name dans handler:  /lustre/fswork/projects/rech/llc/uvq13au/FastSDPCertification/results/benchmark/9x100-0.026/2026_10_02_00h37_33s_battery-targeted-rlt-notcert
LAST_LAYER in resolve_layer_groups :  False
K :  10
CHORDAL_DECOMPOSITION  in resolve layer groups:  True
INPUT_IN_VARIABLES in resolve_layer_groups :  True
Taille de la matrice pour le groupe 0 [0, 1] : 832
Taille de la matrice pour le groupe 1 [1, 2] : 108
Taille de la matrice pour le groupe 2 [2, 3] : 108
Taille de la matrice pour le groupe 3 [3, 4] : 96
Taille de la matrice pour le groupe 4 [4, 5] : 92
Taille de la matrice pour le groupe 5 [5, 6] : 90
Taille de la matrice pour le groupe 6 [6, 7] : 107
Taille de la matrice pour le groupe 7 [7, 8] : 121
Taille de la matrice pour le groupe 8 [8, 9] : 126
Neurones stables actives:  set()
Neurones stables inactives:  {(7, 17), (1, 95), (7, 26), (7, 35), (8, 0), (5, 65), (8, 9), (5, 74), (9, 72), (5, 83), (6, 48), (5, 92), (6, 57), (9, 90), (4, 2), (3, 6), (2, 50), (3, 15), (2, 68), (4, 87), (3, 42), (7, 3), (1, 90), (1, 99), (5, 60), (9, 67), (5, 87), (6, 61), (6, 70), (3, 1), (2, 54), (3, 28), (4, 82), (3, 37), (4, 91), (1, 85), (5, 46), (9, 44), (5, 55), (9, 53), (5, 73), (6, 38), (5, 82), (8, 84), (8, 93), (2, 31), (3, 5), (3, 14), (4, 68), (1, 53), (1, 71), (7, 2), (7, 11), (9, 30), (5, 41), (9, 39), (6, 15), (6, 24), (5, 68), (5, 77), (6, 42), (7, 96), (6, 51), (8, 70), (8, 88), (2, 17), (3, 0), (3, 9), (3, 18), (4, 72), (4, 81), (1, 57), (4, 99), (5, 27), (1, 75), (9, 25), (5, 36), (9, 52), (5, 63), (6, 28), (6, 37), (8, 65), (8, 83), (2, 12), (2, 21), (4, 49), (4, 58), (4, 67), (4, 85), (1, 61), (9, 11), (5, 22), (1, 70), (5, 31), (9, 29), (5, 40), (6, 14), (9, 47), (5, 58), (6, 23), (8, 51), (7, 95), (8, 78), (2, 7), (4, 44), (1, 38), (4, 80), (1, 56), (5, 17), (1, 65), (3, 84), (9, 15), (3, 93), (5, 35), (6, 0), (9, 33), (7, 63), (6, 18), (7, 72), (7, 81), (7, 90), (8, 55), (8, 82), (2, 11), (4, 30), (4, 39), (1, 24), (4, 57), (1, 42), (2, 96), (5, 3), (3, 70), (5, 21), (3, 88), (3, 97), (5, 39), (6, 13), (8, 32), (8, 68), (4, 34), (4, 43), (1, 19), (1, 28), (3, 65), (3, 74), (7, 62), (8, 27), (8, 36), (4, 11), (6, 93), (1, 5), (1, 14), (4, 47), (1, 32), (2, 86), (2, 95), (3, 60), (5, 2), (5, 11), (3, 78), (8, 13), (7, 57), (7, 66), (8, 31), (7, 75), (8, 49), (4, 24), (1, 0), (1, 9), (1, 18), (2, 81), (2, 90), (2, 99), (5, 6), (3, 73), (8, 17), (5, 91), (8, 44), (9, 98), (6, 74), (4, 1), (6, 83), (6, 92), (1, 13), (2, 67), (2, 85), (3, 50), (9, 75), (5, 86), (5, 95), (6, 60), (9, 93), (6, 69), (6, 78), (6, 87), (6, 96), (2, 44), (2, 62), (3, 27), (7, 6), (3, 54), (3, 63), (7, 24), (8, 7), (5, 72), (9, 70), (5, 81), (9, 79), (5, 90), (6, 73), (4, 0), (4, 9), (6, 91), (3, 22), (2, 75), (4, 94), (3, 49), (7, 28), (7, 37), (8, 2), (9, 56), (5, 67), (9, 65), (6, 41), (5, 85), (9, 83), (6, 59), (6, 68), (8, 96), (2, 34), (3, 8), (2, 52), (3, 17), (2, 61), (4, 89), (1, 83), (7, 14), (7, 23), (5, 62), (6, 27), (5, 71), (6, 36), (2, 20), (2, 38), (3, 3), (2, 47), (3, 12), (4, 84), (1, 60), (1, 78), (7, 9), (1, 87), (5, 48), (5, 57), (5, 66), (5, 84), (6, 49), (2, 6), (8, 95), (2, 24), (2, 42), (3, 7), (3, 16), (4, 70), (3, 25), (4, 79), (1, 55), (4, 88), (4, 97), (1, 73), (7, 4), (5, 34), (1, 82), (1, 91), (6, 8), (5, 52), (5, 61), (9, 59), (5, 70), (6, 35), (7, 89), (8, 81), (2, 28), (3, 11), (4, 65), (1, 50), (4, 83), (4, 92), (1, 68), (1, 77), (9, 27), (6, 3), (6, 12), (6, 21), (9, 54), (6, 30), (6, 39), (8, 67), (1, 36), (1, 45), (4, 78), (1, 54), (9, 4), (5, 15), (1, 63), (5, 33), (5, 42), (6, 7), (9, 40), (6, 25), (7, 79), (8, 62), (8, 71), (1, 22), (4, 55), (4, 73), (5, 1), (5, 10), (1, 58), (9, 8), (3, 86), (3, 95), (9, 26), (9, 35), (6, 11), (7, 65), (6, 20), (7, 74), (7, 83), (8, 48), (7, 92), (8, 66), (8, 75), (2, 4), (4, 23), (1, 8), (4, 41), (4, 50), (1, 26), (4, 59), (1, 44), (2, 98), (5, 5), (3, 72), (3, 81), (3, 90), (3, 99), (6, 6), (8, 25), (8, 43), (1, 12), (4, 45), (1, 21), (1, 39), (2, 93), (3, 58), (5, 0), (3, 76), (9, 7), (7, 55), (7, 64), (8, 56), (6, 86), (4, 13), (6, 95), (4, 31), (1, 7), (4, 40), (2, 70), (1, 25), (2, 79), (2, 88), (3, 71), (5, 13), (7, 32), (8, 6), (7, 59), (8, 33), (9, 87), (6, 72), (4, 8), (6, 99), (4, 26), (1, 2), (1, 11), (3, 39), (7, 18), (3, 66), (3, 75), (7, 36), (8, 1), (7, 45), (8, 19), (9, 82), (6, 76), (4, 3), (6, 85), (4, 12), (2, 51), (1, 6), (3, 34), (3, 43), (3, 52), (7, 40), (8, 5), (7, 49), (9, 68), (5, 79), (5, 88), (6, 53), (6, 62), (6, 80), (4, 7), (4, 16), (2, 46), (3, 20), (2, 64), (2, 73), (3, 56)}
Adjusting MOSEK solver parameters
MOSEK time limit set to 180s
Adding objective function for Lan
Initializing variables...
CALLBACK num variables : 790054
Adding ReLU constraints for layer 1
Adding ReLU constraints for layer 2
Adding ReLU constraints for layer 3
Adding ReLU constraints for layer 4
Adding ReLU constraints for layer 5
Adding ReLU constraints for layer 6
Adding ReLU constraints for layer 7
Adding ReLU constraints for layer 8
Adding ReLU constraints for layer 9
Adding quadratic bounds constraint
Adding quadratic bounds constraint for layer 0
Adding quadratic bounds constraint for layer 1
Adding quadratic bounds constraint for layer 2
Adding quadratic bounds constraint for layer 3
Adding quadratic bounds constraint for layer 4
Adding quadratic bounds constraint for layer 5
Adding quadratic bounds constraint for layer 6
Adding quadratic bounds constraint for layer 7
Adding quadratic bounds constraint for layer 8
Adding quadratic bounds constraint for layer 9
Adding RLT constraint (compact)
Indexes pruned for layer 1 : []
Indexes pruned for layer 2 : [0, 2, 5, 6, 7, 8, 9, 11, 12, 13, 14, 18, 19, 21, 22, 24, 25, 26, 28, 32, 36, 38, 39, 42, 44, 45, 50, 53, 54, 55, 56, 57, 58, 60, 61, 63, 65, 68, 70, 71, 73, 75, 77, 78, 82, 83, 85, 87, 90, 91, 95, 99]
Indexes pruned for layer 3 : [4, 6, 7, 11, 12, 17, 20, 21, 24, 28, 31, 34, 38, 42, 44, 46, 47, 50, 51, 52, 54, 61, 62, 64, 67, 68, 70, 73, 75, 79, 81, 85, 86, 88, 90, 93, 95, 96, 98, 99]
Indexes pruned for layer 4 : [0, 1, 3, 5, 6, 7, 8, 9, 11, 12, 14, 15, 16, 17, 18, 20, 22, 25, 27, 28, 34, 37, 39, 42, 43, 49, 50, 52, 54, 56, 58, 60, 63, 65, 66, 70, 71, 72, 73, 74, 75, 76, 78, 81, 84, 86, 88, 90, 93, 95, 97, 99]
Indexes pruned for layer 5 : [0, 1, 2, 3, 7, 8, 9, 11, 12, 13, 16, 23, 24, 26, 30, 31, 34, 39, 40, 41, 43, 44, 45, 47, 49, 50, 55, 57, 58, 59, 65, 67, 68, 70, 72, 73, 78, 79, 80, 81, 82, 83, 84, 85, 87, 88, 89, 91, 92, 94, 97, 99]
Indexes pruned for layer 6 : [0, 1, 2, 3, 5, 6, 10, 11, 13, 15, 17, 21, 22, 27, 31, 33, 34, 35, 36, 39, 40, 41, 42, 46, 48, 52, 55, 57, 58, 60, 61, 62, 63, 65, 66, 67, 68, 70, 71, 72, 73, 74, 77, 79, 81, 82, 83, 84, 85, 86, 87, 88, 90, 91, 92, 95]
Indexes pruned for layer 7 : [0, 3, 6, 7, 8, 11, 12, 13, 14, 15, 18, 20, 21, 23, 24, 25, 27, 28, 30, 35, 36, 37, 38, 39, 41, 42, 48, 49, 51, 53, 57, 59, 60, 61, 62, 68, 69, 70, 72, 73, 74, 76, 78, 80, 83, 85, 86, 87, 91, 92, 93, 95, 96, 99]
Indexes pruned for layer 8 : [2, 3, 4, 6, 9, 11, 14, 17, 18, 23, 24, 26, 28, 32, 35, 36, 37, 40, 45, 49, 55, 57, 59, 62, 63, 64, 65, 66, 72, 74, 75, 79, 81, 83, 89, 90, 92, 95, 96]
Indexes pruned for layer 9 : [0, 1, 2, 5, 6, 7, 9, 13, 17, 19, 25, 27, 31, 32, 33, 36, 43, 44, 48, 49, 51, 55, 56, 62, 65, 66, 67, 68, 70, 71, 75, 78, 81, 82, 83, 84, 88, 93, 95, 96]
CALLBACK : RLT (compact) = 60258 (dont 0 en repli chemin lent)
Adding rec matrices constraint
Number of constraints for the matrix by layers: 415 for 10 layers, [784 100 100 100 100 100 100 100 100 100  10] neurons, boundary layers: [1, 2, 3, 4, 5, 6, 7, 8]
Adding first term equal zero constraint
CALLBACK : Ending constraints. Total number of constraints :  184387
Cuts in _write_presolve_row:  ['RLT', 'triangularization']
Number of constraints before optimization:  184387
Number of variables before optimization:  790054
All possible cuts:  ['RLT', 'triangularization', 'McCormick_beta_z', 'beta_logits_comparaison', 'beta_logits_comparaison_big_M', 'sum_beta_logits_equal_logit']
Cuts added to dic for _write_presolve_row:  {'RLT': True, 'triangularization': True, 'McCormick_beta_z': False, 'beta_logits_comparaison': False, 'beta_logits_comparaison_big_M': False, 'sum_beta_logits_equal_logit': False}
Writing pre-solve row to results.csv with data_index: 59 target: 6
Pre-solve row written to results.csv with data_index: 59 target: 6
Pre-solve row written to results.csv with 184387 constraints and 790054 variables.
INFO     01:45:25     [objective_classic.py:97] Adding Objective to the task
CALLBACK : Number of constraints : 184387
[conic bundle] factor=0.01 x 180774 contraintes dualisables candidates => 1808 reellement dualisees (les 178966 autres relachees mais jamais penalisees)
  [cb_native dynamic calibration] h(0)=1.909615 pool_initial=50/1808
[cb_native dynamic] h(0)=1.909615 > positivity_threshold=1e-06 -- arret immediat (stop_when_positive).
[conic bundle] data_index=59 target=6 optimal_value=1.9096149461097192 n_iter=0 (46.25s)
Initializing TargetedSDP...
Creating list of ytargets...
K :  10
self.n :  [784 100 100 100 100 100 100 100 100 100  10]
Getting to compute bounds...
STUDY : use active neurons:  True use inactive neurons:  False
STUDY : Nb Stable neurons :  419
Number of cuts to test: 1
Cuts to test: [['RLT', 'triangularization']]
Initializing MosekClassicHandler

 
 folder name dans handler:  /lustre/fswork/projects/rech/llc/uvq13au/FastSDPCertification/results/benchmark/9x100-0.026/2026_10_02_00h37_33s_battery-targeted-rlt-notcert
LAST_LAYER in resolve_layer_groups :  False
K :  10
CHORDAL_DECOMPOSITION  in resolve layer groups:  True
INPUT_IN_VARIABLES in resolve_layer_groups :  True
Taille de la matrice pour le groupe 0 [0, 1] : 832
Taille de la matrice pour le groupe 1 [1, 2] : 108
Taille de la matrice pour le groupe 2 [2, 3] : 108
Taille de la matrice pour le groupe 3 [3, 4] : 96
Taille de la matrice pour le groupe 4 [4, 5] : 92
Taille de la matrice pour le groupe 5 [5, 6] : 90
Taille de la matrice pour le groupe 6 [6, 7] : 107
Taille de la matrice pour le groupe 7 [7, 8] : 121
Taille de la matrice pour le groupe 8 [8, 9] : 126
Neurones stables actives:  set()
Neurones stables inactives:  {(7, 17), (1, 95), (7, 26), (7, 35), (8, 0), (5, 65), (8, 9), (5, 74), (9, 72), (5, 83), (6, 48), (5, 92), (6, 57), (9, 90), (4, 2), (3, 6), (2, 50), (3, 15), (2, 68), (4, 87), (3, 42), (7, 3), (1, 90), (1, 99), (5, 60), (9, 67), (5, 87), (6, 61), (6, 70), (3, 1), (2, 54), (3, 28), (4, 82), (3, 37), (4, 91), (1, 85), (5, 46), (9, 44), (5, 55), (9, 53), (5, 73), (6, 38), (5, 82), (8, 84), (8, 93), (2, 31), (3, 5), (3, 14), (4, 68), (1, 53), (1, 71), (7, 2), (7, 11), (9, 30), (5, 41), (9, 39), (6, 15), (6, 24), (5, 68), (5, 77), (6, 42), (7, 96), (6, 51), (8, 70), (8, 88), (2, 17), (3, 0), (3, 9), (3, 18), (4, 72), (4, 81), (1, 57), (4, 99), (5, 27), (1, 75), (9, 25), (5, 36), (9, 52), (5, 63), (6, 28), (6, 37), (8, 65), (8, 83), (2, 12), (2, 21), (4, 49), (4, 58), (4, 67), (4, 85), (1, 61), (9, 11), (5, 22), (1, 70), (5, 31), (9, 29), (5, 40), (6, 14), (9, 47), (5, 58), (6, 23), (8, 51), (7, 95), (8, 78), (2, 7), (4, 44), (1, 38), (4, 80), (1, 56), (5, 17), (1, 65), (3, 84), (9, 15), (3, 93), (5, 35), (6, 0), (9, 33), (7, 63), (6, 18), (7, 72), (7, 81), (7, 90), (8, 55), (8, 82), (2, 11), (4, 30), (4, 39), (1, 24), (4, 57), (1, 42), (2, 96), (5, 3), (3, 70), (5, 21), (3, 88), (3, 97), (5, 39), (6, 13), (8, 32), (8, 68), (4, 34), (4, 43), (1, 19), (1, 28), (3, 65), (3, 74), (7, 62), (8, 27), (8, 36), (4, 11), (6, 93), (1, 5), (1, 14), (4, 47), (1, 32), (2, 86), (2, 95), (3, 60), (5, 2), (5, 11), (3, 78), (8, 13), (7, 57), (7, 66), (8, 31), (7, 75), (8, 49), (4, 24), (1, 0), (1, 9), (1, 18), (2, 81), (2, 90), (2, 99), (5, 6), (3, 73), (8, 17), (5, 91), (8, 44), (9, 98), (6, 74), (4, 1), (6, 83), (6, 92), (1, 13), (2, 67), (2, 85), (3, 50), (9, 75), (5, 86), (5, 95), (6, 60), (9, 93), (6, 69), (6, 78), (6, 87), (6, 96), (2, 44), (2, 62), (3, 27), (7, 6), (3, 54), (3, 63), (7, 24), (8, 7), (5, 72), (9, 70), (5, 81), (9, 79), (5, 90), (6, 73), (4, 0), (4, 9), (6, 91), (3, 22), (2, 75), (4, 94), (3, 49), (7, 28), (7, 37), (8, 2), (9, 56), (5, 67), (9, 65), (6, 41), (5, 85), (9, 83), (6, 59), (6, 68), (8, 96), (2, 34), (3, 8), (2, 52), (3, 17), (2, 61), (4, 89), (1, 83), (7, 14), (7, 23), (5, 62), (6, 27), (5, 71), (6, 36), (2, 20), (2, 38), (3, 3), (2, 47), (3, 12), (4, 84), (1, 60), (1, 78), (7, 9), (1, 87), (5, 48), (5, 57), (5, 66), (5, 84), (6, 49), (2, 6), (8, 95), (2, 24), (2, 42), (3, 7), (3, 16), (4, 70), (3, 25), (4, 79), (1, 55), (4, 88), (4, 97), (1, 73), (7, 4), (5, 34), (1, 82), (1, 91), (6, 8), (5, 52), (5, 61), (9, 59), (5, 70), (6, 35), (7, 89), (8, 81), (2, 28), (3, 11), (4, 65), (1, 50), (4, 83), (4, 92), (1, 68), (1, 77), (9, 27), (6, 3), (6, 12), (6, 21), (9, 54), (6, 30), (6, 39), (8, 67), (1, 36), (1, 45), (4, 78), (1, 54), (9, 4), (5, 15), (1, 63), (5, 33), (5, 42), (6, 7), (9, 40), (6, 25), (7, 79), (8, 62), (8, 71), (1, 22), (4, 55), (4, 73), (5, 1), (5, 10), (1, 58), (9, 8), (3, 86), (3, 95), (9, 26), (9, 35), (6, 11), (7, 65), (6, 20), (7, 74), (7, 83), (8, 48), (7, 92), (8, 66), (8, 75), (2, 4), (4, 23), (1, 8), (4, 41), (4, 50), (1, 26), (4, 59), (1, 44), (2, 98), (5, 5), (3, 72), (3, 81), (3, 90), (3, 99), (6, 6), (8, 25), (8, 43), (1, 12), (4, 45), (1, 21), (1, 39), (2, 93), (3, 58), (5, 0), (3, 76), (9, 7), (7, 55), (7, 64), (8, 56), (6, 86), (4, 13), (6, 95), (4, 31), (1, 7), (4, 40), (2, 70), (1, 25), (2, 79), (2, 88), (3, 71), (5, 13), (7, 32), (8, 6), (7, 59), (8, 33), (9, 87), (6, 72), (4, 8), (6, 99), (4, 26), (1, 2), (1, 11), (3, 39), (7, 18), (3, 66), (3, 75), (7, 36), (8, 1), (7, 45), (8, 19), (9, 82), (6, 76), (4, 3), (6, 85), (4, 12), (2, 51), (1, 6), (3, 34), (3, 43), (3, 52), (7, 40), (8, 5), (7, 49), (9, 68), (5, 79), (5, 88), (6, 53), (6, 62), (6, 80), (4, 7), (4, 16), (2, 46), (3, 20), (2, 64), (2, 73), (3, 56)}
Adjusting MOSEK solver parameters
MOSEK time limit set to 180s
Adding objective function for Lan
Initializing variables...
CALLBACK num variables : 790054
Adding ReLU constraints for layer 1
Adding ReLU constraints for layer 2
Adding ReLU constraints for layer 3
Adding ReLU constraints for layer 4
Adding ReLU constraints for layer 5
Adding ReLU constraints for layer 6
Adding ReLU constraints for layer 7
Adding ReLU constraints for layer 8
Adding ReLU constraints for layer 9
Adding quadratic bounds constraint
Adding quadratic bounds constraint for layer 0
Adding quadratic bounds constraint for layer 1
Adding quadratic bounds constraint for layer 2
Adding quadratic bounds constraint for layer 3
Adding quadratic bounds constraint for layer 4
Adding quadratic bounds constraint for layer 5
Adding quadratic bounds constraint for layer 6
Adding quadratic bounds constraint for layer 7
Adding quadratic bounds constraint for layer 8
Adding quadratic bounds constraint for layer 9
Adding RLT constraint (compact)
Indexes pruned for layer 1 : []
Indexes pruned for layer 2 : [0, 2, 5, 6, 7, 8, 9, 11, 12, 13, 14, 18, 19, 21, 22, 24, 25, 26, 28, 32, 36, 38, 39, 42, 44, 45, 50, 53, 54, 55, 56, 57, 58, 60, 61, 63, 65, 68, 70, 71, 73, 75, 77, 78, 82, 83, 85, 87, 90, 91, 95, 99]
Indexes pruned for layer 3 : [4, 6, 7, 11, 12, 17, 20, 21, 24, 28, 31, 34, 38, 42, 44, 46, 47, 50, 51, 52, 54, 61, 62, 64, 67, 68, 70, 73, 75, 79, 81, 85, 86, 88, 90, 93, 95, 96, 98, 99]
Indexes pruned for layer 4 : [0, 1, 3, 5, 6, 7, 8, 9, 11, 12, 14, 15, 16, 17, 18, 20, 22, 25, 27, 28, 34, 37, 39, 42, 43, 49, 50, 52, 54, 56, 58, 60, 63, 65, 66, 70, 71, 72, 73, 74, 75, 76, 78, 81, 84, 86, 88, 90, 93, 95, 97, 99]
Indexes pruned for layer 5 : [0, 1, 2, 3, 7, 8, 9, 11, 12, 13, 16, 23, 24, 26, 30, 31, 34, 39, 40, 41, 43, 44, 45, 47, 49, 50, 55, 57, 58, 59, 65, 67, 68, 70, 72, 73, 78, 79, 80, 81, 82, 83, 84, 85, 87, 88, 89, 91, 92, 94, 97, 99]
Indexes pruned for layer 6 : [0, 1, 2, 3, 5, 6, 10, 11, 13, 15, 17, 21, 22, 27, 31, 33, 34, 35, 36, 39, 40, 41, 42, 46, 48, 52, 55, 57, 58, 60, 61, 62, 63, 65, 66, 67, 68, 70, 71, 72, 73, 74, 77, 79, 81, 82, 83, 84, 85, 86, 87, 88, 90, 91, 92, 95]
Indexes pruned for layer 7 : [0, 3, 6, 7, 8, 11, 12, 13, 14, 15, 18, 20, 21, 23, 24, 25, 27, 28, 30, 35, 36, 37, 38, 39, 41, 42, 48, 49, 51, 53, 57, 59, 60, 61, 62, 68, 69, 70, 72, 73, 74, 76, 78, 80, 83, 85, 86, 87, 91, 92, 93, 95, 96, 99]
Indexes pruned for layer 8 : [2, 3, 4, 6, 9, 11, 14, 17, 18, 23, 24, 26, 28, 32, 35, 36, 37, 40, 45, 49, 55, 57, 59, 62, 63, 64, 65, 66, 72, 74, 75, 79, 81, 83, 89, 90, 92, 95, 96]
Indexes pruned for layer 9 : [0, 1, 2, 5, 6, 7, 9, 13, 17, 19, 25, 27, 31, 32, 33, 36, 43, 44, 48, 49, 51, 55, 56, 62, 65, 66, 67, 68, 70, 71, 75, 78, 81, 82, 83, 84, 88, 93, 95, 96]
CALLBACK : RLT (compact) = 60258 (dont 0 en repli chemin lent)
Adding rec matrices constraint
Number of constraints for the matrix by layers: 415 for 10 layers, [784 100 100 100 100 100 100 100 100 100  10] neurons, boundary layers: [1, 2, 3, 4, 5, 6, 7, 8]
Adding first term equal zero constraint
CALLBACK : Ending constraints. Total number of constraints :  184387
Cuts in _write_presolve_row:  ['RLT', 'triangularization']
Number of constraints before optimization:  184387
Number of variables before optimization:  790054
All possible cuts:  ['RLT', 'triangularization', 'McCormick_beta_z', 'beta_logits_comparaison', 'beta_logits_comparaison_big_M', 'sum_beta_logits_equal_logit']
Cuts added to dic for _write_presolve_row:  {'RLT': True, 'triangularization': True, 'McCormick_beta_z': False, 'beta_logits_comparaison': False, 'beta_logits_comparaison_big_M': False, 'sum_beta_logits_equal_logit': False}
Writing pre-solve row to results.csv with data_index: 59 target: 7
Pre-solve row written to results.csv with data_index: 59 target: 7
Pre-solve row written to results.csv with 184387 constraints and 790054 variables.
INFO     01:46:13     [objective_classic.py:97] Adding Objective to the task
CALLBACK : Number of constraints : 184387
[conic bundle] factor=0.01 x 180774 contraintes dualisables candidates => 1808 reellement dualisees (les 178966 autres relachees mais jamais penalisees)
  [cb_native dynamic calibration] h(0)=1.261321 pool_initial=50/1808
[cb_native dynamic] h(0)=1.261321 > positivity_threshold=1e-06 -- arret immediat (stop_when_positive).
[conic bundle] data_index=59 target=7 optimal_value=1.2613206993288963 n_iter=0 (44.41s)
Initializing TargetedSDP...
Creating list of ytargets...
K :  10
self.n :  [784 100 100 100 100 100 100 100 100 100  10]
Getting to compute bounds...
STUDY : use active neurons:  True use inactive neurons:  False
STUDY : Nb Stable neurons :  419
Number of cuts to test: 1
Cuts to test: [['RLT', 'triangularization']]
Initializing MosekClassicHandler

 
 folder name dans handler:  /lustre/fswork/projects/rech/llc/uvq13au/FastSDPCertification/results/benchmark/9x100-0.026/2026_10_02_00h37_33s_battery-targeted-rlt-notcert
LAST_LAYER in resolve_layer_groups :  False
K :  10
CHORDAL_DECOMPOSITION  in resolve layer groups:  True
INPUT_IN_VARIABLES in resolve_layer_groups :  True
Taille de la matrice pour le groupe 0 [0, 1] : 832
Taille de la matrice pour le groupe 1 [1, 2] : 108
Taille de la matrice pour le groupe 2 [2, 3] : 108
Taille de la matrice pour le groupe 3 [3, 4] : 96
Taille de la matrice pour le groupe 4 [4, 5] : 92
Taille de la matrice pour le groupe 5 [5, 6] : 90
Taille de la matrice pour le groupe 6 [6, 7] : 107
Taille de la matrice pour le groupe 7 [7, 8] : 121
Taille de la matrice pour le groupe 8 [8, 9] : 126
Neurones stables actives:  set()
Neurones stables inactives:  {(7, 17), (1, 95), (7, 26), (7, 35), (8, 0), (5, 65), (8, 9), (5, 74), (9, 72), (5, 83), (6, 48), (5, 92), (6, 57), (9, 90), (4, 2), (3, 6), (2, 50), (3, 15), (2, 68), (4, 87), (3, 42), (7, 3), (1, 90), (1, 99), (5, 60), (9, 67), (5, 87), (6, 61), (6, 70), (3, 1), (2, 54), (3, 28), (4, 82), (3, 37), (4, 91), (1, 85), (5, 46), (9, 44), (5, 55), (9, 53), (5, 73), (6, 38), (5, 82), (8, 84), (8, 93), (2, 31), (3, 5), (3, 14), (4, 68), (1, 53), (1, 71), (7, 2), (7, 11), (9, 30), (5, 41), (9, 39), (6, 15), (6, 24), (5, 68), (5, 77), (6, 42), (7, 96), (6, 51), (8, 70), (8, 88), (2, 17), (3, 0), (3, 9), (3, 18), (4, 72), (4, 81), (1, 57), (4, 99), (5, 27), (1, 75), (9, 25), (5, 36), (9, 52), (5, 63), (6, 28), (6, 37), (8, 65), (8, 83), (2, 12), (2, 21), (4, 49), (4, 58), (4, 67), (4, 85), (1, 61), (9, 11), (5, 22), (1, 70), (5, 31), (9, 29), (5, 40), (6, 14), (9, 47), (5, 58), (6, 23), (8, 51), (7, 95), (8, 78), (2, 7), (4, 44), (1, 38), (4, 80), (1, 56), (5, 17), (1, 65), (3, 84), (9, 15), (3, 93), (5, 35), (6, 0), (9, 33), (7, 63), (6, 18), (7, 72), (7, 81), (7, 90), (8, 55), (8, 82), (2, 11), (4, 30), (4, 39), (1, 24), (4, 57), (1, 42), (2, 96), (5, 3), (3, 70), (5, 21), (3, 88), (3, 97), (5, 39), (6, 13), (8, 32), (8, 68), (4, 34), (4, 43), (1, 19), (1, 28), (3, 65), (3, 74), (7, 62), (8, 27), (8, 36), (4, 11), (6, 93), (1, 5), (1, 14), (4, 47), (1, 32), (2, 86), (2, 95), (3, 60), (5, 2), (5, 11), (3, 78), (8, 13), (7, 57), (7, 66), (8, 31), (7, 75), (8, 49), (4, 24), (1, 0), (1, 9), (1, 18), (2, 81), (2, 90), (2, 99), (5, 6), (3, 73), (8, 17), (5, 91), (8, 44), (9, 98), (6, 74), (4, 1), (6, 83), (6, 92), (1, 13), (2, 67), (2, 85), (3, 50), (9, 75), (5, 86), (5, 95), (6, 60), (9, 93), (6, 69), (6, 78), (6, 87), (6, 96), (2, 44), (2, 62), (3, 27), (7, 6), (3, 54), (3, 63), (7, 24), (8, 7), (5, 72), (9, 70), (5, 81), (9, 79), (5, 90), (6, 73), (4, 0), (4, 9), (6, 91), (3, 22), (2, 75), (4, 94), (3, 49), (7, 28), (7, 37), (8, 2), (9, 56), (5, 67), (9, 65), (6, 41), (5, 85), (9, 83), (6, 59), (6, 68), (8, 96), (2, 34), (3, 8), (2, 52), (3, 17), (2, 61), (4, 89), (1, 83), (7, 14), (7, 23), (5, 62), (6, 27), (5, 71), (6, 36), (2, 20), (2, 38), (3, 3), (2, 47), (3, 12), (4, 84), (1, 60), (1, 78), (7, 9), (1, 87), (5, 48), (5, 57), (5, 66), (5, 84), (6, 49), (2, 6), (8, 95), (2, 24), (2, 42), (3, 7), (3, 16), (4, 70), (3, 25), (4, 79), (1, 55), (4, 88), (4, 97), (1, 73), (7, 4), (5, 34), (1, 82), (1, 91), (6, 8), (5, 52), (5, 61), (9, 59), (5, 70), (6, 35), (7, 89), (8, 81), (2, 28), (3, 11), (4, 65), (1, 50), (4, 83), (4, 92), (1, 68), (1, 77), (9, 27), (6, 3), (6, 12), (6, 21), (9, 54), (6, 30), (6, 39), (8, 67), (1, 36), (1, 45), (4, 78), (1, 54), (9, 4), (5, 15), (1, 63), (5, 33), (5, 42), (6, 7), (9, 40), (6, 25), (7, 79), (8, 62), (8, 71), (1, 22), (4, 55), (4, 73), (5, 1), (5, 10), (1, 58), (9, 8), (3, 86), (3, 95), (9, 26), (9, 35), (6, 11), (7, 65), (6, 20), (7, 74), (7, 83), (8, 48), (7, 92), (8, 66), (8, 75), (2, 4), (4, 23), (1, 8), (4, 41), (4, 50), (1, 26), (4, 59), (1, 44), (2, 98), (5, 5), (3, 72), (3, 81), (3, 90), (3, 99), (6, 6), (8, 25), (8, 43), (1, 12), (4, 45), (1, 21), (1, 39), (2, 93), (3, 58), (5, 0), (3, 76), (9, 7), (7, 55), (7, 64), (8, 56), (6, 86), (4, 13), (6, 95), (4, 31), (1, 7), (4, 40), (2, 70), (1, 25), (2, 79), (2, 88), (3, 71), (5, 13), (7, 32), (8, 6), (7, 59), (8, 33), (9, 87), (6, 72), (4, 8), (6, 99), (4, 26), (1, 2), (1, 11), (3, 39), (7, 18), (3, 66), (3, 75), (7, 36), (8, 1), (7, 45), (8, 19), (9, 82), (6, 76), (4, 3), (6, 85), (4, 12), (2, 51), (1, 6), (3, 34), (3, 43), (3, 52), (7, 40), (8, 5), (7, 49), (9, 68), (5, 79), (5, 88), (6, 53), (6, 62), (6, 80), (4, 7), (4, 16), (2, 46), (3, 20), (2, 64), (2, 73), (3, 56)}
Adjusting MOSEK solver parameters
MOSEK time limit set to 180s
Adding objective function for Lan
Initializing variables...
CALLBACK num variables : 790054
Adding ReLU constraints for layer 1
Adding ReLU constraints for layer 2
Adding ReLU constraints for layer 3
Adding ReLU constraints for layer 4
Adding ReLU constraints for layer 5
Adding ReLU constraints for layer 6
Adding ReLU constraints for layer 7
Adding ReLU constraints for layer 8
Adding ReLU constraints for layer 9
Adding quadratic bounds constraint
Adding quadratic bounds constraint for layer 0
Adding quadratic bounds constraint for layer 1
Adding quadratic bounds constraint for layer 2
Adding quadratic bounds constraint for layer 3
Adding quadratic bounds constraint for layer 4
Adding quadratic bounds constraint for layer 5
Adding quadratic bounds constraint for layer 6
Adding quadratic bounds constraint for layer 7
Adding quadratic bounds constraint for layer 8
Adding quadratic bounds constraint for layer 9
Adding RLT constraint (compact)
Indexes pruned for layer 1 : []
Indexes pruned for layer 2 : [0, 2, 5, 6, 7, 8, 9, 11, 12, 13, 14, 18, 19, 21, 22, 24, 25, 26, 28, 32, 36, 38, 39, 42, 44, 45, 50, 53, 54, 55, 56, 57, 58, 60, 61, 63, 65, 68, 70, 71, 73, 75, 77, 78, 82, 83, 85, 87, 90, 91, 95, 99]
Indexes pruned for layer 3 : [4, 6, 7, 11, 12, 17, 20, 21, 24, 28, 31, 34, 38, 42, 44, 46, 47, 50, 51, 52, 54, 61, 62, 64, 67, 68, 70, 73, 75, 79, 81, 85, 86, 88, 90, 93, 95, 96, 98, 99]
Indexes pruned for layer 4 : [0, 1, 3, 5, 6, 7, 8, 9, 11, 12, 14, 15, 16, 17, 18, 20, 22, 25, 27, 28, 34, 37, 39, 42, 43, 49, 50, 52, 54, 56, 58, 60, 63, 65, 66, 70, 71, 72, 73, 74, 75, 76, 78, 81, 84, 86, 88, 90, 93, 95, 97, 99]
Indexes pruned for layer 5 : [0, 1, 2, 3, 7, 8, 9, 11, 12, 13, 16, 23, 24, 26, 30, 31, 34, 39, 40, 41, 43, 44, 45, 47, 49, 50, 55, 57, 58, 59, 65, 67, 68, 70, 72, 73, 78, 79, 80, 81, 82, 83, 84, 85, 87, 88, 89, 91, 92, 94, 97, 99]
Indexes pruned for layer 6 : [0, 1, 2, 3, 5, 6, 10, 11, 13, 15, 17, 21, 22, 27, 31, 33, 34, 35, 36, 39, 40, 41, 42, 46, 48, 52, 55, 57, 58, 60, 61, 62, 63, 65, 66, 67, 68, 70, 71, 72, 73, 74, 77, 79, 81, 82, 83, 84, 85, 86, 87, 88, 90, 91, 92, 95]
Indexes pruned for layer 7 : [0, 3, 6, 7, 8, 11, 12, 13, 14, 15, 18, 20, 21, 23, 24, 25, 27, 28, 30, 35, 36, 37, 38, 39, 41, 42, 48, 49, 51, 53, 57, 59, 60, 61, 62, 68, 69, 70, 72, 73, 74, 76, 78, 80, 83, 85, 86, 87, 91, 92, 93, 95, 96, 99]
Indexes pruned for layer 8 : [2, 3, 4, 6, 9, 11, 14, 17, 18, 23, 24, 26, 28, 32, 35, 36, 37, 40, 45, 49, 55, 57, 59, 62, 63, 64, 65, 66, 72, 74, 75, 79, 81, 83, 89, 90, 92, 95, 96]
Indexes pruned for layer 9 : [0, 1, 2, 5, 6, 7, 9, 13, 17, 19, 25, 27, 31, 32, 33, 36, 43, 44, 48, 49, 51, 55, 56, 62, 65, 66, 67, 68, 70, 71, 75, 78, 81, 82, 83, 84, 88, 93, 95, 96]
CALLBACK : RLT (compact) = 60258 (dont 0 en repli chemin lent)
Adding rec matrices constraint
Number of constraints for the matrix by layers: 415 for 10 layers, [784 100 100 100 100 100 100 100 100 100  10] neurons, boundary layers: [1, 2, 3, 4, 5, 6, 7, 8]
Adding first term equal zero constraint
CALLBACK : Ending constraints. Total number of constraints :  184387
Cuts in _write_presolve_row:  ['RLT', 'triangularization']
Number of constraints before optimization:  184387
Number of variables before optimization:  790054
All possible cuts:  ['RLT', 'triangularization', 'McCormick_beta_z', 'beta_logits_comparaison', 'beta_logits_comparaison_big_M', 'sum_beta_logits_equal_logit']
Cuts added to dic for _write_presolve_row:  {'RLT': True, 'triangularization': True, 'McCormick_beta_z': False, 'beta_logits_comparaison': False, 'beta_logits_comparaison_big_M': False, 'sum_beta_logits_equal_logit': False}
Writing pre-solve row to results.csv with data_index: 59 target: 8
Pre-solve row written to results.csv with data_index: 59 target: 8
Pre-solve row written to results.csv with 184387 constraints and 790054 variables.
INFO     01:47:00     [objective_classic.py:97] Adding Objective to the task
CALLBACK : Number of constraints : 184387
[conic bundle] factor=0.01 x 180774 contraintes dualisables candidates => 1808 reellement dualisees (les 178966 autres relachees mais jamais penalisees)
  [cb_native dynamic calibration] h(0)=-0.058038 pool_initial=50/1808
  [cb_native dynamic oracle #5] h=-0.060242 best=-0.058038 pool=50/1808
*** WARNING: Bundle::inner_loop(): new objective value 0.451145368979 is smaller than minorizing model value =0.451151041736 
***          maybe the objective value was not computed to sufficient precision
***          or the sugbradient information provided by a previous oracle call was wrong.
**** WARNING: FunctionProblem::add_variable(): subgradient extension failed
  [cb_native dynamic oracle #10] h=-0.058038 best=-0.058038 pool=57/1808
[cb_native dynamic] round 1: +7 -5 (pool=52/1808)
[cb_native dynamic] round 2: +0 -20 (pool=32/1808)
[cb_native dynamic] pool converge (rien a ajouter/retirer) et termination_code=1 a n_iter=3, pool=32/1808.
[cb_native dynamic] n_iter=3 n_oracle_calls=13 n_pool_updates=2 pool_final=32/1808 termination_code=1 h_center=-0.058038 best_h=-0.058038 stop_reason=None
[conic bundle] data_index=59 target=8 optimal_value=-0.05803813185738447 n_iter=3 (300.84s)
Initializing TargetedSDP...
Creating list of ytargets...
K :  10
self.n :  [784 100 100 100 100 100 100 100 100 100  10]
Getting to compute bounds...
STUDY : use active neurons:  True use inactive neurons:  False
STUDY : Nb Stable neurons :  419
Number of cuts to test: 1
Cuts to test: [['RLT', 'triangularization']]
Initializing MosekClassicHandler

 
 folder name dans handler:  /lustre/fswork/projects/rech/llc/uvq13au/FastSDPCertification/results/benchmark/9x100-0.026/2026_10_02_00h37_33s_battery-targeted-rlt-notcert
LAST_LAYER in resolve_layer_groups :  False
K :  10
CHORDAL_DECOMPOSITION  in resolve layer groups:  True
INPUT_IN_VARIABLES in resolve_layer_groups :  True
Taille de la matrice pour le groupe 0 [0, 1] : 832
Taille de la matrice pour le groupe 1 [1, 2] : 108
Taille de la matrice pour le groupe 2 [2, 3] : 108
Taille de la matrice pour le groupe 3 [3, 4] : 96
Taille de la matrice pour le groupe 4 [4, 5] : 92
Taille de la matrice pour le groupe 5 [5, 6] : 90
Taille de la matrice pour le groupe 6 [6, 7] : 107
Taille de la matrice pour le groupe 7 [7, 8] : 121
Taille de la matrice pour le groupe 8 [8, 9] : 126
Neurones stables actives:  set()
Neurones stables inactives:  {(7, 17), (1, 95), (7, 26), (7, 35), (8, 0), (5, 65), (8, 9), (5, 74), (9, 72), (5, 83), (6, 48), (5, 92), (6, 57), (9, 90), (4, 2), (3, 6), (2, 50), (3, 15), (2, 68), (4, 87), (3, 42), (7, 3), (1, 90), (1, 99), (5, 60), (9, 67), (5, 87), (6, 61), (6, 70), (3, 1), (2, 54), (3, 28), (4, 82), (3, 37), (4, 91), (1, 85), (5, 46), (9, 44), (5, 55), (9, 53), (5, 73), (6, 38), (5, 82), (8, 84), (8, 93), (2, 31), (3, 5), (3, 14), (4, 68), (1, 53), (1, 71), (7, 2), (7, 11), (9, 30), (5, 41), (9, 39), (6, 15), (6, 24), (5, 68), (5, 77), (6, 42), (7, 96), (6, 51), (8, 70), (8, 88), (2, 17), (3, 0), (3, 9), (3, 18), (4, 72), (4, 81), (1, 57), (4, 99), (5, 27), (1, 75), (9, 25), (5, 36), (9, 52), (5, 63), (6, 28), (6, 37), (8, 65), (8, 83), (2, 12), (2, 21), (4, 49), (4, 58), (4, 67), (4, 85), (1, 61), (9, 11), (5, 22), (1, 70), (5, 31), (9, 29), (5, 40), (6, 14), (9, 47), (5, 58), (6, 23), (8, 51), (7, 95), (8, 78), (2, 7), (4, 44), (1, 38), (4, 80), (1, 56), (5, 17), (1, 65), (3, 84), (9, 15), (3, 93), (5, 35), (6, 0), (9, 33), (7, 63), (6, 18), (7, 72), (7, 81), (7, 90), (8, 55), (8, 82), (2, 11), (4, 30), (4, 39), (1, 24), (4, 57), (1, 42), (2, 96), (5, 3), (3, 70), (5, 21), (3, 88), (3, 97), (5, 39), (6, 13), (8, 32), (8, 68), (4, 34), (4, 43), (1, 19), (1, 28), (3, 65), (3, 74), (7, 62), (8, 27), (8, 36), (4, 11), (6, 93), (1, 5), (1, 14), (4, 47), (1, 32), (2, 86), (2, 95), (3, 60), (5, 2), (5, 11), (3, 78), (8, 13), (7, 57), (7, 66), (8, 31), (7, 75), (8, 49), (4, 24), (1, 0), (1, 9), (1, 18), (2, 81), (2, 90), (2, 99), (5, 6), (3, 73), (8, 17), (5, 91), (8, 44), (9, 98), (6, 74), (4, 1), (6, 83), (6, 92), (1, 13), (2, 67), (2, 85), (3, 50), (9, 75), (5, 86), (5, 95), (6, 60), (9, 93), (6, 69), (6, 78), (6, 87), (6, 96), (2, 44), (2, 62), (3, 27), (7, 6), (3, 54), (3, 63), (7, 24), (8, 7), (5, 72), (9, 70), (5, 81), (9, 79), (5, 90), (6, 73), (4, 0), (4, 9), (6, 91), (3, 22), (2, 75), (4, 94), (3, 49), (7, 28), (7, 37), (8, 2), (9, 56), (5, 67), (9, 65), (6, 41), (5, 85), (9, 83), (6, 59), (6, 68), (8, 96), (2, 34), (3, 8), (2, 52), (3, 17), (2, 61), (4, 89), (1, 83), (7, 14), (7, 23), (5, 62), (6, 27), (5, 71), (6, 36), (2, 20), (2, 38), (3, 3), (2, 47), (3, 12), (4, 84), (1, 60), (1, 78), (7, 9), (1, 87), (5, 48), (5, 57), (5, 66), (5, 84), (6, 49), (2, 6), (8, 95), (2, 24), (2, 42), (3, 7), (3, 16), (4, 70), (3, 25), (4, 79), (1, 55), (4, 88), (4, 97), (1, 73), (7, 4), (5, 34), (1, 82), (1, 91), (6, 8), (5, 52), (5, 61), (9, 59), (5, 70), (6, 35), (7, 89), (8, 81), (2, 28), (3, 11), (4, 65), (1, 50), (4, 83), (4, 92), (1, 68), (1, 77), (9, 27), (6, 3), (6, 12), (6, 21), (9, 54), (6, 30), (6, 39), (8, 67), (1, 36), (1, 45), (4, 78), (1, 54), (9, 4), (5, 15), (1, 63), (5, 33), (5, 42), (6, 7), (9, 40), (6, 25), (7, 79), (8, 62), (8, 71), (1, 22), (4, 55), (4, 73), (5, 1), (5, 10), (1, 58), (9, 8), (3, 86), (3, 95), (9, 26), (9, 35), (6, 11), (7, 65), (6, 20), (7, 74), (7, 83), (8, 48), (7, 92), (8, 66), (8, 75), (2, 4), (4, 23), (1, 8), (4, 41), (4, 50), (1, 26), (4, 59), (1, 44), (2, 98), (5, 5), (3, 72), (3, 81), (3, 90), (3, 99), (6, 6), (8, 25), (8, 43), (1, 12), (4, 45), (1, 21), (1, 39), (2, 93), (3, 58), (5, 0), (3, 76), (9, 7), (7, 55), (7, 64), (8, 56), (6, 86), (4, 13), (6, 95), (4, 31), (1, 7), (4, 40), (2, 70), (1, 25), (2, 79), (2, 88), (3, 71), (5, 13), (7, 32), (8, 6), (7, 59), (8, 33), (9, 87), (6, 72), (4, 8), (6, 99), (4, 26), (1, 2), (1, 11), (3, 39), (7, 18), (3, 66), (3, 75), (7, 36), (8, 1), (7, 45), (8, 19), (9, 82), (6, 76), (4, 3), (6, 85), (4, 12), (2, 51), (1, 6), (3, 34), (3, 43), (3, 52), (7, 40), (8, 5), (7, 49), (9, 68), (5, 79), (5, 88), (6, 53), (6, 62), (6, 80), (4, 7), (4, 16), (2, 46), (3, 20), (2, 64), (2, 73), (3, 56)}
Adjusting MOSEK solver parameters
MOSEK time limit set to 180s
Adding objective function for Lan
Initializing variables...
CALLBACK num variables : 790054
Adding ReLU constraints for layer 1
Adding ReLU constraints for layer 2
Adding ReLU constraints for layer 3
Adding ReLU constraints for layer 4
Adding ReLU constraints for layer 5
Adding ReLU constraints for layer 6
Adding ReLU constraints for layer 7
Adding ReLU constraints for layer 8
Adding ReLU constraints for layer 9
Adding quadratic bounds constraint
Adding quadratic bounds constraint for layer 0
Adding quadratic bounds constraint for layer 1
Adding quadratic bounds constraint for layer 2
Adding quadratic bounds constraint for layer 3
Adding quadratic bounds constraint for layer 4
Adding quadratic bounds constraint for layer 5
Adding quadratic bounds constraint for layer 6
Adding quadratic bounds constraint for layer 7
Adding quadratic bounds constraint for layer 8
Adding quadratic bounds constraint for layer 9
Adding RLT constraint (compact)
Indexes pruned for layer 1 : []
Indexes pruned for layer 2 : [0, 2, 5, 6, 7, 8, 9, 11, 12, 13, 14, 18, 19, 21, 22, 24, 25, 26, 28, 32, 36, 38, 39, 42, 44, 45, 50, 53, 54, 55, 56, 57, 58, 60, 61, 63, 65, 68, 70, 71, 73, 75, 77, 78, 82, 83, 85, 87, 90, 91, 95, 99]
Indexes pruned for layer 3 : [4, 6, 7, 11, 12, 17, 20, 21, 24, 28, 31, 34, 38, 42, 44, 46, 47, 50, 51, 52, 54, 61, 62, 64, 67, 68, 70, 73, 75, 79, 81, 85, 86, 88, 90, 93, 95, 96, 98, 99]
Indexes pruned for layer 4 : [0, 1, 3, 5, 6, 7, 8, 9, 11, 12, 14, 15, 16, 17, 18, 20, 22, 25, 27, 28, 34, 37, 39, 42, 43, 49, 50, 52, 54, 56, 58, 60, 63, 65, 66, 70, 71, 72, 73, 74, 75, 76, 78, 81, 84, 86, 88, 90, 93, 95, 97, 99]
Indexes pruned for layer 5 : [0, 1, 2, 3, 7, 8, 9, 11, 12, 13, 16, 23, 24, 26, 30, 31, 34, 39, 40, 41, 43, 44, 45, 47, 49, 50, 55, 57, 58, 59, 65, 67, 68, 70, 72, 73, 78, 79, 80, 81, 82, 83, 84, 85, 87, 88, 89, 91, 92, 94, 97, 99]
Indexes pruned for layer 6 : [0, 1, 2, 3, 5, 6, 10, 11, 13, 15, 17, 21, 22, 27, 31, 33, 34, 35, 36, 39, 40, 41, 42, 46, 48, 52, 55, 57, 58, 60, 61, 62, 63, 65, 66, 67, 68, 70, 71, 72, 73, 74, 77, 79, 81, 82, 83, 84, 85, 86, 87, 88, 90, 91, 92, 95]
Indexes pruned for layer 7 : [0, 3, 6, 7, 8, 11, 12, 13, 14, 15, 18, 20, 21, 23, 24, 25, 27, 28, 30, 35, 36, 37, 38, 39, 41, 42, 48, 49, 51, 53, 57, 59, 60, 61, 62, 68, 69, 70, 72, 73, 74, 76, 78, 80, 83, 85, 86, 87, 91, 92, 93, 95, 96, 99]
Indexes pruned for layer 8 : [2, 3, 4, 6, 9, 11, 14, 17, 18, 23, 24, 26, 28, 32, 35, 36, 37, 40, 45, 49, 55, 57, 59, 62, 63, 64, 65, 66, 72, 74, 75, 79, 81, 83, 89, 90, 92, 95, 96]
Indexes pruned for layer 9 : [0, 1, 2, 5, 6, 7, 9, 13, 17, 19, 25, 27, 31, 32, 33, 36, 43, 44, 48, 49, 51, 55, 56, 62, 65, 66, 67, 68, 70, 71, 75, 78, 81, 82, 83, 84, 88, 93, 95, 96]
CALLBACK : RLT (compact) = 60258 (dont 0 en repli chemin lent)
Adding rec matrices constraint
Number of constraints for the matrix by layers: 415 for 10 layers, [784 100 100 100 100 100 100 100 100 100  10] neurons, boundary layers: [1, 2, 3, 4, 5, 6, 7, 8]
Adding first term equal zero constraint
CALLBACK : Ending constraints. Total number of constraints :  184387
Cuts in _write_presolve_row:  ['RLT', 'triangularization']
Number of constraints before optimization:  184387
Number of variables before optimization:  790054
All possible cuts:  ['RLT', 'triangularization', 'McCormick_beta_z', 'beta_logits_comparaison', 'beta_logits_comparaison_big_M', 'sum_beta_logits_equal_logit']
Cuts added to dic for _write_presolve_row:  {'RLT': True, 'triangularization': True, 'McCormick_beta_z': False, 'beta_logits_comparaison': False, 'beta_logits_comparaison_big_M': False, 'sum_beta_logits_equal_logit': False}
Writing pre-solve row to results.csv with data_index: 59 target: 9
Pre-solve row written to results.csv with data_index: 59 target: 9
Pre-solve row written to results.csv with 184387 constraints and 790054 variables.
INFO     01:52:03     [objective_classic.py:97] Adding Objective to the task
CALLBACK : Number of constraints : 184387
[conic bundle] factor=0.01 x 180774 contraintes dualisables candidates => 1808 reellement dualisees (les 178966 autres relachees mais jamais penalisees)
  [cb_native dynamic calibration] h(0)=2.212067 pool_initial=50/1808
[cb_native dynamic] h(0)=2.212067 > positivity_threshold=1e-06 -- arret immediat (stop_when_positive).
[conic bundle] data_index=59 target=9 optimal_value=2.212066708639031 n_iter=0 (43.15s)
Log saved → /lustre/fswork/projects/rech/llc/uvq13au/FastSDPCertification/results/benchmark/9x100-0.026/2026_10_02_00h37_33s_battery-targeted-rlt-notcert/run.log
