Recompilation de ConicBundle (MODE=OPTI) + du pont natif...
make: Entering directory '/lustre/fswork/projects/rech/llc/uvq13au/FastSDPCertification/Miqcr-1.0_triang_sbb_gurobiter_QCP5/ConicBundle'
make: Nothing to be done for 'all'.
make: Leaving directory '/lustre/fswork/projects/rech/llc/uvq13au/FastSDPCertification/Miqcr-1.0_triang_sbb_gurobiter_QCP5/ConicBundle'
make: Entering directory '/lustre/fswork/projects/rech/llc/uvq13au/FastSDPCertification/src/miqcr_bridge/conicbundle_native'
g++ -shared -fPIC -o libcb_native.so \
    -Wl,--whole-archive ../../../Miqcr-1.0_triang_sbb_gurobiter_QCP5/ConicBundle/lib/libcb.a -Wl,--no-whole-archive \
    -lstdc++ -lm
>>> libcb_native.so compilée avec succès.
make: Leaving directory '/lustre/fswork/projects/rech/llc/uvq13au/FastSDPCertification/src/miqcr_bridge/conicbundle_native'
Network: _tmp_battery_targeted_dynamic_rlt
Run name: battery-targeted-rlt-cert
Job ID: 478874
Indices: 69 89 6 84 64
Number of CPU :  80
Loading certification problem from /lustre/fswork/projects/rech/llc/uvq13au/FastSDPCertification/config/_tmp_battery_targeted_dynamic_rlt.yaml ...
Loading dataset ...
config :  {'data': {'name': 'mnist', 'path': 'data/datasets/mnist_subset_10_per_class.pth', 'num_classes': 10, 'num_samples': 100}, 'divide_run': 1, 'input_ball': {'epsilon': 0.026, 'norm': 'Linf'}, 'network': {'name': '9x100', 'path': 'data/models/mnist_adv_9x100.pt', 'K': 10, 'n': [784, 100, 100, 100, 100, 100, 100, 100, 100, 100, 10]}, 'models': [{'certification_model_type': 'TargetedSDP', 'solver': 'mosek_classic', 'cuts': ['RLT', 'triangularization'], 'RLT_props': [1.0], 'all_combinations_cuts': False, 'CHORDAL_DECOMPOSITION': True, 'LAST_LAYER': False, 'use_callback': False, 'use_active_neurons': True, 'use_inactive_neurons': False, 'keep_penultimate_actives': True, 'bounds_method': 'from_file', 'bounds_file': 'data/bounds/9x100-0.026_linf.csv', 'solver_time_limit': 180, 'dynamic_conic_bundle': {'enabled': True, 'dualize': ['RLT'], 'engine': 'conicbundle_native', 'dynamic': True, 'factor': 0.01, 'max_iter': 500, 'term_relprec': 1e-07, 'log_every': 5, 'print_level': 0, 'eval_limit': 2000, 'print_png': True, 'png_every': 10, 'add_batch_size': 50, 'theta_drop_tol': 1e-08, 'max_rounds': 100}, 'use_compact_add_rlt': True}]}
Dataset loaded successfully.
Loading epsilon ...
CONFIG  inf CERTIFICATION PROBLEM:      {'data': {'name': 'mnist', 'path': 'data/datasets/mnist_subset_10_per_class.pth', 'num_classes': 10, 'num_samples': 100}, 'divide_run': 1, 'input_ball': {'epsilon': 0.026, 'norm': 'Linf'}, 'network': {'name': '9x100', 'path': 'data/models/mnist_adv_9x100.pt', 'K': 10, 'n': [784, 100, 100, 100, 100, 100, 100, 100, 100, 100, 10]}, 'models': [{'certification_model_type': 'TargetedSDP', 'solver': 'mosek_classic', 'cuts': ['RLT', 'triangularization'], 'RLT_props': [1.0], 'all_combinations_cuts': False, 'CHORDAL_DECOMPOSITION': True, 'LAST_LAYER': False, 'use_callback': False, 'use_active_neurons': True, 'use_inactive_neurons': False, 'keep_penultimate_actives': True, 'bounds_method': 'from_file', 'bounds_file': 'data/bounds/9x100-0.026_linf.csv', 'solver_time_limit': 180, 'dynamic_conic_bundle': {'enabled': True, 'dualize': ['RLT'], 'engine': 'conicbundle_native', 'dynamic': True, 'factor': 0.01, 'max_iter': 500, 'term_relprec': 1e-07, 'log_every': 5, 'print_level': 0, 'eval_limit': 2000, 'print_png': True, 'png_every': 10, 'add_batch_size': 50, 'theta_drop_tol': 1e-08, 'max_rounds': 100}, 'use_compact_add_rlt': True}]}
Epsilon: 0.026, Norm: Linf
Network loaded successfully.
Data name from config: mnist
Initializing Certification Problem ...
Models in certification problem: [SDPSolverConfig(certification_model_type='TargetedSDP', cuts=['RLT', 'triangularization'], all_combinations_cuts=False, RLT_props=[1.0], CHORDAL_DECOMPOSITION=True, LAST_LAYER=False, solver='mosek_classic', cp_solver='MOSEK', cp_solver_kwargs=None, use_callback=False, use_active_neurons=True, ultimate_layer_use_active_neurons=100000.0, use_inactive_neurons=False, keep_penultimate_actives=True, use_compact_add_rlt=True, bounds_file='data/bounds/9x100-0.026_linf.csv', L=None, U=None, bounds_method='from_file', bounds_n_runs=1, write_model=False, INPUT_IN_VARIABLES=True, solver_time_limit=180, dynamic_conic_bundle=DynamicConicBundleConfig(enabled=True, dualize=['RLT'], engine='conicbundle_native', term_relprec=1e-07, eval_limit=2000, print_level=0, log_every=5, active_bounds_fixing=True, max_subg_by_point=10, dynamic=True, max_iter=500, C1=0.0001, C2=0.1, proximal_u_init=1.0, theta_drop_tol=1e-08, add_batch_size=50, max_rounds=100, max_bundle_size=None, bundle_size_factor=None, factor=0.01, max_new_subgradients=None, log_theta_every_n_iter=1, print_png=True, png_every=10, stop_when_positive=True, positivity_threshold=1e-06))]
Data name in certification problem: mnist
dataset in certification problem: <torch.utils.data.dataset.TensorDataset object at 0x146195bcefe0>
Certification Problem initialized !
Starting certification problem solving ...
self.models: [SDPSolverConfig(certification_model_type='TargetedSDP', cuts=['RLT', 'triangularization'], all_combinations_cuts=False, RLT_props=[1.0], CHORDAL_DECOMPOSITION=True, LAST_LAYER=False, solver='mosek_classic', cp_solver='MOSEK', cp_solver_kwargs=None, use_callback=False, use_active_neurons=True, ultimate_layer_use_active_neurons=100000.0, use_inactive_neurons=False, keep_penultimate_actives=True, use_compact_add_rlt=True, bounds_file='data/bounds/9x100-0.026_linf.csv', L=None, U=None, bounds_method='from_file', bounds_n_runs=1, write_model=False, INPUT_IN_VARIABLES=True, solver_time_limit=180, dynamic_conic_bundle=DynamicConicBundleConfig(enabled=True, dualize=['RLT'], engine='conicbundle_native', term_relprec=1e-07, eval_limit=2000, print_level=0, log_every=5, active_bounds_fixing=True, max_subg_by_point=10, dynamic=True, max_iter=500, C1=0.0001, C2=0.1, proximal_u_init=1.0, theta_drop_tol=1e-08, add_batch_size=50, max_rounds=100, max_bundle_size=None, bundle_size_factor=None, factor=0.01, max_new_subgradients=None, log_theta_every_n_iter=1, print_png=True, png_every=10, stop_when_positive=True, positivity_threshold=1e-06))]
Solving with model: TargetedSDP
model dict : certification_model_type='TargetedSDP' cuts=['RLT', 'triangularization'] all_combinations_cuts=False RLT_props=[1.0] CHORDAL_DECOMPOSITION=True LAST_LAYER=False solver='mosek_classic' cp_solver='MOSEK' cp_solver_kwargs=None use_callback=False use_active_neurons=True ultimate_layer_use_active_neurons=100000.0 use_inactive_neurons=False keep_penultimate_actives=True use_compact_add_rlt=True bounds_file='data/bounds/9x100-0.026_linf.csv' L=None U=None bounds_method='from_file' bounds_n_runs=1 write_model=False INPUT_IN_VARIABLES=True solver_time_limit=180 dynamic_conic_bundle=DynamicConicBundleConfig(enabled=True, dualize=['RLT'], engine='conicbundle_native', term_relprec=1e-07, eval_limit=2000, print_level=0, log_every=5, active_bounds_fixing=True, max_subg_by_point=10, dynamic=True, max_iter=500, C1=0.0001, C2=0.1, proximal_u_init=1.0, theta_drop_tol=1e-08, add_batch_size=50, max_rounds=100, max_bundle_size=None, bundle_size_factor=None, factor=0.01, max_new_subgradients=None, log_theta_every_n_iter=1, print_png=True, png_every=10, stop_when_positive=True, positivity_threshold=1e-06)
Running conic bundle certification with solver: TargetedSDP (dynamic=True)
Initializing TargetedSDP...
Creating list of ytargets...
K :  10
self.n :  [784 100 100 100 100 100 100 100 100 100  10]
Getting to compute bounds...
STUDY : use active neurons:  True use inactive neurons:  False
STUDY : Nb Stable neurons :  451
Number of cuts to test: 1
Cuts to test: [['RLT', 'triangularization']]
Initializing MosekClassicHandler

 
 folder name dans handler:  /lustre/fswork/projects/rech/llc/uvq13au/FastSDPCertification/results/benchmark/9x100-0.026/2026_10_02_00h37_33s_battery-targeted-rlt-cert
LAST_LAYER in resolve_layer_groups :  False
K :  10
CHORDAL_DECOMPOSITION  in resolve layer groups:  True
INPUT_IN_VARIABLES in resolve_layer_groups :  True
Taille de la matrice pour le groupe 0 [0, 1] : 829
Taille de la matrice pour le groupe 1 [1, 2] : 112
Taille de la matrice pour le groupe 2 [2, 3] : 120
Taille de la matrice pour le groupe 3 [3, 4] : 96
Taille de la matrice pour le groupe 4 [4, 5] : 80
Taille de la matrice pour le groupe 5 [5, 6] : 80
Taille de la matrice pour le groupe 6 [6, 7] : 98
Taille de la matrice pour le groupe 7 [7, 8] : 104
Taille de la matrice pour le groupe 8 [8, 9] : 106
Neurones stables actives:  set()
Neurones stables inactives:  {(7, 17), (1, 95), (7, 26), (7, 35), (8, 0), (5, 65), (8, 9), (5, 74), (9, 72), (5, 83), (6, 48), (5, 92), (6, 57), (9, 90), (6, 66), (6, 75), (4, 2), (6, 84), (2, 32), (3, 6), (2, 50), (3, 15), (2, 59), (2, 68), (4, 87), (3, 42), (7, 3), (1, 99), (6, 34), (9, 67), (5, 78), (5, 87), (5, 96), (6, 61), (6, 70), (8, 98), (2, 54), (3, 28), (3, 37), (4, 91), (1, 76), (1, 85), (5, 46), (9, 44), (9, 53), (6, 38), (5, 82), (6, 47), (8, 84), (8, 93), (2, 31), (3, 5), (3, 14), (4, 68), (4, 95), (7, 2), (1, 80), (7, 11), (9, 30), (5, 41), (1, 89), (9, 39), (5, 50), (5, 59), (5, 68), (5, 77), (6, 42), (7, 96), (8, 70), (8, 79), (8, 88), (3, 0), (3, 9), (4, 81), (1, 57), (4, 99), (5, 27), (1, 75), (9, 25), (5, 36), (5, 45), (5, 54), (9, 52), (6, 28), (8, 65), (8, 74), (8, 83), (4, 49), (4, 58), (4, 67), (1, 61), (9, 11), (5, 22), (1, 70), (5, 31), (5, 40), (9, 38), (6, 14), (9, 47), (5, 58), (6, 23), (7, 77), (8, 51), (7, 95), (8, 78), (2, 7), (4, 44), (1, 38), (1, 47), (4, 80), (1, 56), (9, 6), (5, 17), (1, 65), (3, 84), (9, 15), (5, 26), (3, 93), (5, 35), (9, 33), (7, 63), (6, 18), (7, 72), (7, 90), (8, 55), (8, 64), (8, 82), (2, 11), (4, 30), (4, 39), (1, 24), (4, 57), (1, 42), (5, 3), (1, 51), (3, 70), (5, 21), (3, 88), (9, 19), (5, 39), (6, 4), (8, 32), (7, 76), (7, 85), (8, 59), (8, 68), (6, 98), (4, 34), (1, 10), (4, 43), (1, 19), (4, 52), (4, 61), (3, 65), (3, 74), (5, 25), (7, 62), (8, 27), (8, 36), (8, 45), (8, 63), (4, 11), (6, 93), (4, 20), (4, 29), (4, 38), (1, 14), (4, 47), (2, 77), (1, 32), (2, 86), (2, 95), (3, 60), (5, 2), (5, 11), (8, 13), (7, 57), (7, 66), (8, 31), (7, 75), (8, 40), (8, 49), (6, 79), (4, 6), (4, 15), (6, 97), (4, 24), (1, 0), (1, 9), (1, 18), (2, 81), (2, 99), (5, 6), (7, 43), (8, 17), (5, 91), (8, 44), (9, 98), (6, 74), (4, 1), (6, 83), (6, 92), (1, 4), (1, 13), (3, 32), (2, 85), (3, 50), (3, 59), (7, 20), (7, 29), (7, 56), (9, 75), (5, 86), (5, 95), (6, 60), (9, 93), (6, 78), (4, 5), (6, 96), (2, 44), (2, 53), (2, 62), (3, 27), (2, 80), (7, 6), (3, 54), (3, 63), (7, 24), (7, 33), (8, 7), (5, 72), (8, 16), (9, 70), (5, 81), (9, 79), (5, 90), (6, 55), (6, 73), (4, 0), (6, 82), (4, 9), (6, 91), (3, 22), (2, 75), (3, 49), (1, 88), (7, 28), (7, 37), (8, 2), (9, 56), (5, 67), (9, 65), (5, 76), (6, 41), (9, 74), (5, 85), (9, 83), (6, 68), (8, 96), (2, 34), (3, 17), (2, 61), (4, 89), (3, 44), (4, 98), (1, 74), (1, 83), (1, 92), (9, 42), (5, 62), (6, 27), (9, 60), (6, 36), (6, 54), (2, 38), (2, 47), (3, 12), (4, 75), (3, 30), (4, 84), (4, 93), (1, 69), (1, 78), (7, 9), (1, 87), (9, 37), (5, 48), (9, 46), (5, 57), (5, 66), (6, 31), (5, 84), (6, 58), (8, 95), (2, 24), (2, 42), (3, 7), (3, 16), (4, 70), (3, 25), (4, 79), (1, 55), (1, 64), (7, 4), (1, 91), (6, 8), (5, 52), (5, 61), (9, 59), (6, 35), (7, 98), (2, 19), (2, 37), (3, 11), (1, 41), (4, 74), (1, 50), (4, 83), (4, 92), (1, 68), (5, 29), (1, 77), (3, 96), (9, 27), (6, 3), (9, 36), (6, 12), (6, 21), (9, 54), (6, 30), (7, 84), (6, 39), (8, 58), (8, 67), (8, 94), (1, 36), (1, 45), (1, 54), (9, 4), (5, 15), (1, 63), (5, 33), (5, 42), (6, 7), (9, 40), (5, 51), (7, 79), (8, 53), (7, 97), (8, 62), (2, 9), (1, 22), (4, 55), (4, 64), (4, 73), (5, 1), (1, 58), (3, 86), (3, 95), (9, 26), (5, 37), (6, 2), (9, 35), (6, 11), (7, 65), (7, 74), (8, 48), (7, 92), (8, 66), (8, 75), (2, 4), (4, 23), (4, 41), (4, 50), (1, 26), (4, 59), (1, 44), (3, 72), (3, 90), (5, 32), (3, 99), (6, 6), (8, 25), (8, 43), (4, 18), (1, 12), (4, 45), (1, 39), (3, 58), (5, 0), (5, 9), (3, 76), (9, 7), (7, 46), (7, 55), (7, 64), (8, 29), (8, 56), (6, 86), (6, 95), (4, 31), (1, 7), (4, 40), (2, 70), (1, 25), (2, 88), (5, 4), (3, 71), (5, 13), (7, 32), (8, 6), (8, 33), (9, 87), (6, 72), (4, 8), (6, 99), (4, 26), (1, 2), (1, 11), (3, 39), (7, 18), (3, 66), (3, 75), (7, 36), (7, 54), (8, 19), (8, 28), (9, 82), (6, 67), (6, 76), (6, 85), (4, 12), (6, 94), (1, 6), (3, 43), (3, 52), (7, 22), (8, 5), (7, 49), (9, 68), (5, 79), (5, 88), (6, 53), (9, 86), (5, 97), (9, 95), (4, 7), (4, 16), (2, 64), (2, 82), (3, 56)}
Initializing TargetedSDP...
Creating list of ytargets...
K :  10
self.n :  [784 100 100 100 100 100 100 100 100 100  10]
Getting to compute bounds...
STUDY : use active neurons:  True use inactive neurons:  False
STUDY : Nb Stable neurons :  451
Number of cuts to test: 1
Cuts to test: [['RLT', 'triangularization']]
Initializing MosekClassicHandler

 
 folder name dans handler:  /lustre/fswork/projects/rech/llc/uvq13au/FastSDPCertification/results/benchmark/9x100-0.026/2026_10_02_00h37_33s_battery-targeted-rlt-cert
LAST_LAYER in resolve_layer_groups :  False
K :  10
CHORDAL_DECOMPOSITION  in resolve layer groups:  True
INPUT_IN_VARIABLES in resolve_layer_groups :  True
Taille de la matrice pour le groupe 0 [0, 1] : 829
Taille de la matrice pour le groupe 1 [1, 2] : 112
Taille de la matrice pour le groupe 2 [2, 3] : 120
Taille de la matrice pour le groupe 3 [3, 4] : 96
Taille de la matrice pour le groupe 4 [4, 5] : 80
Taille de la matrice pour le groupe 5 [5, 6] : 80
Taille de la matrice pour le groupe 6 [6, 7] : 98
Taille de la matrice pour le groupe 7 [7, 8] : 104
Taille de la matrice pour le groupe 8 [8, 9] : 106
Neurones stables actives:  set()
Neurones stables inactives:  {(7, 17), (1, 95), (7, 26), (7, 35), (8, 0), (5, 65), (8, 9), (5, 74), (9, 72), (5, 83), (6, 48), (5, 92), (6, 57), (9, 90), (6, 66), (6, 75), (4, 2), (6, 84), (2, 32), (3, 6), (2, 50), (3, 15), (2, 59), (2, 68), (4, 87), (3, 42), (7, 3), (1, 99), (6, 34), (9, 67), (5, 78), (5, 87), (5, 96), (6, 61), (6, 70), (8, 98), (2, 54), (3, 28), (3, 37), (4, 91), (1, 76), (1, 85), (5, 46), (9, 44), (9, 53), (6, 38), (5, 82), (6, 47), (8, 84), (8, 93), (2, 31), (3, 5), (3, 14), (4, 68), (4, 95), (7, 2), (1, 80), (7, 11), (9, 30), (5, 41), (1, 89), (9, 39), (5, 50), (5, 59), (5, 68), (5, 77), (6, 42), (7, 96), (8, 70), (8, 79), (8, 88), (3, 0), (3, 9), (4, 81), (1, 57), (4, 99), (5, 27), (1, 75), (9, 25), (5, 36), (5, 45), (5, 54), (9, 52), (6, 28), (8, 65), (8, 74), (8, 83), (4, 49), (4, 58), (4, 67), (1, 61), (9, 11), (5, 22), (1, 70), (5, 31), (5, 40), (9, 38), (6, 14), (9, 47), (5, 58), (6, 23), (7, 77), (8, 51), (7, 95), (8, 78), (2, 7), (4, 44), (1, 38), (1, 47), (4, 80), (1, 56), (9, 6), (5, 17), (1, 65), (3, 84), (9, 15), (5, 26), (3, 93), (5, 35), (9, 33), (7, 63), (6, 18), (7, 72), (7, 90), (8, 55), (8, 64), (8, 82), (2, 11), (4, 30), (4, 39), (1, 24), (4, 57), (1, 42), (5, 3), (1, 51), (3, 70), (5, 21), (3, 88), (9, 19), (5, 39), (6, 4), (8, 32), (7, 76), (7, 85), (8, 59), (8, 68), (6, 98), (4, 34), (1, 10), (4, 43), (1, 19), (4, 52), (4, 61), (3, 65), (3, 74), (5, 25), (7, 62), (8, 27), (8, 36), (8, 45), (8, 63), (4, 11), (6, 93), (4, 20), (4, 29), (4, 38), (1, 14), (4, 47), (2, 77), (1, 32), (2, 86), (2, 95), (3, 60), (5, 2), (5, 11), (8, 13), (7, 57), (7, 66), (8, 31), (7, 75), (8, 40), (8, 49), (6, 79), (4, 6), (4, 15), (6, 97), (4, 24), (1, 0), (1, 9), (1, 18), (2, 81), (2, 99), (5, 6), (7, 43), (8, 17), (5, 91), (8, 44), (9, 98), (6, 74), (4, 1), (6, 83), (6, 92), (1, 4), (1, 13), (3, 32), (2, 85), (3, 50), (3, 59), (7, 20), (7, 29), (7, 56), (9, 75), (5, 86), (5, 95), (6, 60), (9, 93), (6, 78), (4, 5), (6, 96), (2, 44), (2, 53), (2, 62), (3, 27), (2, 80), (7, 6), (3, 54), (3, 63), (7, 24), (7, 33), (8, 7), (5, 72), (8, 16), (9, 70), (5, 81), (9, 79), (5, 90), (6, 55), (6, 73), (4, 0), (6, 82), (4, 9), (6, 91), (3, 22), (2, 75), (3, 49), (1, 88), (7, 28), (7, 37), (8, 2), (9, 56), (5, 67), (9, 65), (5, 76), (6, 41), (9, 74), (5, 85), (9, 83), (6, 68), (8, 96), (2, 34), (3, 17), (2, 61), (4, 89), (3, 44), (4, 98), (1, 74), (1, 83), (1, 92), (9, 42), (5, 62), (6, 27), (9, 60), (6, 36), (6, 54), (2, 38), (2, 47), (3, 12), (4, 75), (3, 30), (4, 84), (4, 93), (1, 69), (1, 78), (7, 9), (1, 87), (9, 37), (5, 48), (9, 46), (5, 57), (5, 66), (6, 31), (5, 84), (6, 58), (8, 95), (2, 24), (2, 42), (3, 7), (3, 16), (4, 70), (3, 25), (4, 79), (1, 55), (1, 64), (7, 4), (1, 91), (6, 8), (5, 52), (5, 61), (9, 59), (6, 35), (7, 98), (2, 19), (2, 37), (3, 11), (1, 41), (4, 74), (1, 50), (4, 83), (4, 92), (1, 68), (5, 29), (1, 77), (3, 96), (9, 27), (6, 3), (9, 36), (6, 12), (6, 21), (9, 54), (6, 30), (7, 84), (6, 39), (8, 58), (8, 67), (8, 94), (1, 36), (1, 45), (1, 54), (9, 4), (5, 15), (1, 63), (5, 33), (5, 42), (6, 7), (9, 40), (5, 51), (7, 79), (8, 53), (7, 97), (8, 62), (2, 9), (1, 22), (4, 55), (4, 64), (4, 73), (5, 1), (1, 58), (3, 86), (3, 95), (9, 26), (5, 37), (6, 2), (9, 35), (6, 11), (7, 65), (7, 74), (8, 48), (7, 92), (8, 66), (8, 75), (2, 4), (4, 23), (4, 41), (4, 50), (1, 26), (4, 59), (1, 44), (3, 72), (3, 90), (5, 32), (3, 99), (6, 6), (8, 25), (8, 43), (4, 18), (1, 12), (4, 45), (1, 39), (3, 58), (5, 0), (5, 9), (3, 76), (9, 7), (7, 46), (7, 55), (7, 64), (8, 29), (8, 56), (6, 86), (6, 95), (4, 31), (1, 7), (4, 40), (2, 70), (1, 25), (2, 88), (5, 4), (3, 71), (5, 13), (7, 32), (8, 6), (8, 33), (9, 87), (6, 72), (4, 8), (6, 99), (4, 26), (1, 2), (1, 11), (3, 39), (7, 18), (3, 66), (3, 75), (7, 36), (7, 54), (8, 19), (8, 28), (9, 82), (6, 67), (6, 76), (6, 85), (4, 12), (6, 94), (1, 6), (3, 43), (3, 52), (7, 22), (8, 5), (7, 49), (9, 68), (5, 79), (5, 88), (6, 53), (9, 86), (5, 97), (9, 95), (4, 7), (4, 16), (2, 64), (2, 82), (3, 56)}
Adjusting MOSEK solver parameters
MOSEK time limit set to 180s
Adding objective function for Lan
Initializing variables...
CALLBACK num variables : 774393
Adding ReLU constraints for layer 1
Adding ReLU constraints for layer 2
Adding ReLU constraints for layer 3
Adding ReLU constraints for layer 4
Adding ReLU constraints for layer 5
Adding ReLU constraints for layer 6
Adding ReLU constraints for layer 7
Adding ReLU constraints for layer 8
Adding ReLU constraints for layer 9
Adding quadratic bounds constraint
Adding quadratic bounds constraint for layer 0
Adding quadratic bounds constraint for layer 1
Adding quadratic bounds constraint for layer 2
Adding quadratic bounds constraint for layer 3
Adding quadratic bounds constraint for layer 4
Adding quadratic bounds constraint for layer 5
Adding quadratic bounds constraint for layer 6
Adding quadratic bounds constraint for layer 7
Adding quadratic bounds constraint for layer 8
Adding quadratic bounds constraint for layer 9
Adding RLT constraint (compact)
Indexes pruned for layer 1 : []
Indexes pruned for layer 2 : [0, 2, 4, 6, 7, 9, 10, 11, 12, 13, 14, 18, 19, 22, 24, 25, 26, 32, 36, 38, 39, 41, 42, 44, 45, 47, 50, 51, 54, 55, 56, 57, 58, 61, 63, 64, 65, 68, 69, 70, 74, 75, 76, 77, 78, 80, 83, 85, 87, 88, 89, 91, 92, 95, 99]
Indexes pruned for layer 3 : [4, 7, 9, 11, 19, 24, 31, 32, 34, 37, 38, 42, 44, 47, 50, 53, 54, 59, 61, 62, 64, 68, 70, 75, 77, 80, 81, 82, 85, 86, 88, 95, 99]
Indexes pruned for layer 4 : [0, 5, 6, 7, 9, 11, 12, 14, 15, 16, 17, 22, 25, 27, 28, 30, 32, 37, 39, 42, 43, 44, 49, 50, 52, 54, 56, 58, 59, 60, 63, 65, 66, 70, 71, 72, 74, 75, 76, 84, 86, 88, 90, 93, 95, 96, 99]
Indexes pruned for layer 5 : [0, 1, 2, 5, 6, 7, 8, 9, 11, 12, 15, 16, 18, 20, 23, 24, 26, 29, 30, 31, 34, 38, 39, 40, 41, 43, 44, 45, 47, 49, 50, 52, 55, 57, 58, 59, 61, 64, 67, 68, 70, 73, 74, 75, 79, 80, 81, 83, 84, 87, 89, 91, 92, 93, 95, 98, 99]
Indexes pruned for layer 6 : [0, 1, 2, 3, 4, 6, 9, 11, 13, 15, 17, 21, 22, 25, 26, 27, 29, 31, 32, 33, 35, 36, 37, 39, 40, 41, 42, 45, 46, 48, 50, 51, 52, 54, 57, 58, 59, 61, 62, 65, 66, 67, 68, 72, 74, 76, 77, 78, 79, 81, 82, 83, 84, 85, 86, 87, 88, 90, 91, 92, 95, 96, 97]
Indexes pruned for layer 7 : [2, 3, 4, 6, 7, 8, 11, 12, 14, 18, 21, 23, 27, 28, 30, 31, 34, 35, 36, 38, 39, 41, 42, 47, 48, 53, 54, 55, 57, 58, 60, 61, 66, 67, 68, 70, 72, 73, 74, 75, 76, 78, 79, 82, 83, 84, 85, 86, 91, 92, 93, 94, 95, 96, 97, 98, 99]
Indexes pruned for layer 8 : [2, 3, 4, 6, 9, 11, 17, 18, 20, 22, 24, 26, 28, 29, 32, 33, 35, 36, 37, 43, 46, 49, 54, 55, 56, 57, 62, 63, 64, 65, 66, 72, 74, 75, 76, 77, 79, 84, 85, 90, 92, 95, 96, 97, 98]
Indexes pruned for layer 9 : [0, 2, 5, 6, 7, 9, 13, 16, 17, 19, 25, 27, 28, 29, 31, 32, 33, 36, 40, 43, 44, 45, 48, 49, 51, 53, 55, 56, 58, 59, 62, 63, 64, 65, 66, 67, 68, 70, 74, 75, 78, 79, 82, 83, 84, 88, 93, 94, 95, 96, 98]
CALLBACK : RLT (compact) = 55160 (dont 0 en repli chemin lent)
Adding rec matrices constraint
Number of constraints for the matrix by layers: 392 for 10 layers, [784 100 100 100 100 100 100 100 100 100  10] neurons, boundary layers: [1, 2, 3, 4, 5, 6, 7, 8]
Adding first term equal zero constraint
CALLBACK : Ending constraints. Total number of constraints :  168910
Cuts in _write_presolve_row:  ['RLT', 'triangularization']
Number of constraints before optimization:  168910
Number of variables before optimization:  774393
All possible cuts:  ['RLT', 'triangularization', 'McCormick_beta_z', 'beta_logits_comparaison', 'beta_logits_comparaison_big_M', 'sum_beta_logits_equal_logit']
Cuts added to dic for _write_presolve_row:  {'RLT': True, 'triangularization': True, 'McCormick_beta_z': False, 'beta_logits_comparaison': False, 'beta_logits_comparaison_big_M': False, 'sum_beta_logits_equal_logit': False}
Writing pre-solve row to results.csv with data_index: 6 target: 1
Pre-solve row written to results.csv with data_index: 6 target: 1
Pre-solve row written to results.csv with 168910 constraints and 774393 variables.
INFO     00:38:06     [objective_classic.py:97] Adding Objective to the task
CALLBACK : Number of constraints : 168910
[conic bundle] factor=0.01 x 165480 contraintes dualisables candidates => 1655 reellement dualisees (les 163825 autres relachees mais jamais penalisees)
  [cb_native dynamic calibration] h(0)=7.597346 pool_initial=50/1655
[cb_native dynamic] h(0)=7.597346 > positivity_threshold=1e-06 -- arret immediat (stop_when_positive).
[conic bundle] data_index=6 target=1 optimal_value=7.597345766959867 n_iter=0 (47.06s)
Initializing TargetedSDP...
Creating list of ytargets...
K :  10
self.n :  [784 100 100 100 100 100 100 100 100 100  10]
Getting to compute bounds...
STUDY : use active neurons:  True use inactive neurons:  False
STUDY : Nb Stable neurons :  451
Number of cuts to test: 1
Cuts to test: [['RLT', 'triangularization']]
Initializing MosekClassicHandler

 
 folder name dans handler:  /lustre/fswork/projects/rech/llc/uvq13au/FastSDPCertification/results/benchmark/9x100-0.026/2026_10_02_00h37_33s_battery-targeted-rlt-cert
LAST_LAYER in resolve_layer_groups :  False
K :  10
CHORDAL_DECOMPOSITION  in resolve layer groups:  True
INPUT_IN_VARIABLES in resolve_layer_groups :  True
Taille de la matrice pour le groupe 0 [0, 1] : 829
Taille de la matrice pour le groupe 1 [1, 2] : 112
Taille de la matrice pour le groupe 2 [2, 3] : 120
Taille de la matrice pour le groupe 3 [3, 4] : 96
Taille de la matrice pour le groupe 4 [4, 5] : 80
Taille de la matrice pour le groupe 5 [5, 6] : 80
Taille de la matrice pour le groupe 6 [6, 7] : 98
Taille de la matrice pour le groupe 7 [7, 8] : 104
Taille de la matrice pour le groupe 8 [8, 9] : 106
Neurones stables actives:  set()
Neurones stables inactives:  {(7, 17), (1, 95), (7, 26), (7, 35), (8, 0), (5, 65), (8, 9), (5, 74), (9, 72), (5, 83), (6, 48), (5, 92), (6, 57), (9, 90), (6, 66), (6, 75), (4, 2), (6, 84), (2, 32), (3, 6), (2, 50), (3, 15), (2, 59), (2, 68), (4, 87), (3, 42), (7, 3), (1, 99), (6, 34), (9, 67), (5, 78), (5, 87), (5, 96), (6, 61), (6, 70), (8, 98), (2, 54), (3, 28), (3, 37), (4, 91), (1, 76), (1, 85), (5, 46), (9, 44), (9, 53), (6, 38), (5, 82), (6, 47), (8, 84), (8, 93), (2, 31), (3, 5), (3, 14), (4, 68), (4, 95), (7, 2), (1, 80), (7, 11), (9, 30), (5, 41), (1, 89), (9, 39), (5, 50), (5, 59), (5, 68), (5, 77), (6, 42), (7, 96), (8, 70), (8, 79), (8, 88), (3, 0), (3, 9), (4, 81), (1, 57), (4, 99), (5, 27), (1, 75), (9, 25), (5, 36), (5, 45), (5, 54), (9, 52), (6, 28), (8, 65), (8, 74), (8, 83), (4, 49), (4, 58), (4, 67), (1, 61), (9, 11), (5, 22), (1, 70), (5, 31), (5, 40), (9, 38), (6, 14), (9, 47), (5, 58), (6, 23), (7, 77), (8, 51), (7, 95), (8, 78), (2, 7), (4, 44), (1, 38), (1, 47), (4, 80), (1, 56), (9, 6), (5, 17), (1, 65), (3, 84), (9, 15), (5, 26), (3, 93), (5, 35), (9, 33), (7, 63), (6, 18), (7, 72), (7, 90), (8, 55), (8, 64), (8, 82), (2, 11), (4, 30), (4, 39), (1, 24), (4, 57), (1, 42), (5, 3), (1, 51), (3, 70), (5, 21), (3, 88), (9, 19), (5, 39), (6, 4), (8, 32), (7, 76), (7, 85), (8, 59), (8, 68), (6, 98), (4, 34), (1, 10), (4, 43), (1, 19), (4, 52), (4, 61), (3, 65), (3, 74), (5, 25), (7, 62), (8, 27), (8, 36), (8, 45), (8, 63), (4, 11), (6, 93), (4, 20), (4, 29), (4, 38), (1, 14), (4, 47), (2, 77), (1, 32), (2, 86), (2, 95), (3, 60), (5, 2), (5, 11), (8, 13), (7, 57), (7, 66), (8, 31), (7, 75), (8, 40), (8, 49), (6, 79), (4, 6), (4, 15), (6, 97), (4, 24), (1, 0), (1, 9), (1, 18), (2, 81), (2, 99), (5, 6), (7, 43), (8, 17), (5, 91), (8, 44), (9, 98), (6, 74), (4, 1), (6, 83), (6, 92), (1, 4), (1, 13), (3, 32), (2, 85), (3, 50), (3, 59), (7, 20), (7, 29), (7, 56), (9, 75), (5, 86), (5, 95), (6, 60), (9, 93), (6, 78), (4, 5), (6, 96), (2, 44), (2, 53), (2, 62), (3, 27), (2, 80), (7, 6), (3, 54), (3, 63), (7, 24), (7, 33), (8, 7), (5, 72), (8, 16), (9, 70), (5, 81), (9, 79), (5, 90), (6, 55), (6, 73), (4, 0), (6, 82), (4, 9), (6, 91), (3, 22), (2, 75), (3, 49), (1, 88), (7, 28), (7, 37), (8, 2), (9, 56), (5, 67), (9, 65), (5, 76), (6, 41), (9, 74), (5, 85), (9, 83), (6, 68), (8, 96), (2, 34), (3, 17), (2, 61), (4, 89), (3, 44), (4, 98), (1, 74), (1, 83), (1, 92), (9, 42), (5, 62), (6, 27), (9, 60), (6, 36), (6, 54), (2, 38), (2, 47), (3, 12), (4, 75), (3, 30), (4, 84), (4, 93), (1, 69), (1, 78), (7, 9), (1, 87), (9, 37), (5, 48), (9, 46), (5, 57), (5, 66), (6, 31), (5, 84), (6, 58), (8, 95), (2, 24), (2, 42), (3, 7), (3, 16), (4, 70), (3, 25), (4, 79), (1, 55), (1, 64), (7, 4), (1, 91), (6, 8), (5, 52), (5, 61), (9, 59), (6, 35), (7, 98), (2, 19), (2, 37), (3, 11), (1, 41), (4, 74), (1, 50), (4, 83), (4, 92), (1, 68), (5, 29), (1, 77), (3, 96), (9, 27), (6, 3), (9, 36), (6, 12), (6, 21), (9, 54), (6, 30), (7, 84), (6, 39), (8, 58), (8, 67), (8, 94), (1, 36), (1, 45), (1, 54), (9, 4), (5, 15), (1, 63), (5, 33), (5, 42), (6, 7), (9, 40), (5, 51), (7, 79), (8, 53), (7, 97), (8, 62), (2, 9), (1, 22), (4, 55), (4, 64), (4, 73), (5, 1), (1, 58), (3, 86), (3, 95), (9, 26), (5, 37), (6, 2), (9, 35), (6, 11), (7, 65), (7, 74), (8, 48), (7, 92), (8, 66), (8, 75), (2, 4), (4, 23), (4, 41), (4, 50), (1, 26), (4, 59), (1, 44), (3, 72), (3, 90), (5, 32), (3, 99), (6, 6), (8, 25), (8, 43), (4, 18), (1, 12), (4, 45), (1, 39), (3, 58), (5, 0), (5, 9), (3, 76), (9, 7), (7, 46), (7, 55), (7, 64), (8, 29), (8, 56), (6, 86), (6, 95), (4, 31), (1, 7), (4, 40), (2, 70), (1, 25), (2, 88), (5, 4), (3, 71), (5, 13), (7, 32), (8, 6), (8, 33), (9, 87), (6, 72), (4, 8), (6, 99), (4, 26), (1, 2), (1, 11), (3, 39), (7, 18), (3, 66), (3, 75), (7, 36), (7, 54), (8, 19), (8, 28), (9, 82), (6, 67), (6, 76), (6, 85), (4, 12), (6, 94), (1, 6), (3, 43), (3, 52), (7, 22), (8, 5), (7, 49), (9, 68), (5, 79), (5, 88), (6, 53), (9, 86), (5, 97), (9, 95), (4, 7), (4, 16), (2, 64), (2, 82), (3, 56)}
Adjusting MOSEK solver parameters
MOSEK time limit set to 180s
Adding objective function for Lan
Initializing variables...
CALLBACK num variables : 774393
Adding ReLU constraints for layer 1
Adding ReLU constraints for layer 2
Adding ReLU constraints for layer 3
Adding ReLU constraints for layer 4
Adding ReLU constraints for layer 5
Adding ReLU constraints for layer 6
Adding ReLU constraints for layer 7
Adding ReLU constraints for layer 8
Adding ReLU constraints for layer 9
Adding quadratic bounds constraint
Adding quadratic bounds constraint for layer 0
Adding quadratic bounds constraint for layer 1
Adding quadratic bounds constraint for layer 2
Adding quadratic bounds constraint for layer 3
Adding quadratic bounds constraint for layer 4
Adding quadratic bounds constraint for layer 5
Adding quadratic bounds constraint for layer 6
Adding quadratic bounds constraint for layer 7
Adding quadratic bounds constraint for layer 8
Adding quadratic bounds constraint for layer 9
Adding RLT constraint (compact)
Indexes pruned for layer 1 : []
Indexes pruned for layer 2 : [0, 2, 4, 6, 7, 9, 10, 11, 12, 13, 14, 18, 19, 22, 24, 25, 26, 32, 36, 38, 39, 41, 42, 44, 45, 47, 50, 51, 54, 55, 56, 57, 58, 61, 63, 64, 65, 68, 69, 70, 74, 75, 76, 77, 78, 80, 83, 85, 87, 88, 89, 91, 92, 95, 99]
Indexes pruned for layer 3 : [4, 7, 9, 11, 19, 24, 31, 32, 34, 37, 38, 42, 44, 47, 50, 53, 54, 59, 61, 62, 64, 68, 70, 75, 77, 80, 81, 82, 85, 86, 88, 95, 99]
Indexes pruned for layer 4 : [0, 5, 6, 7, 9, 11, 12, 14, 15, 16, 17, 22, 25, 27, 28, 30, 32, 37, 39, 42, 43, 44, 49, 50, 52, 54, 56, 58, 59, 60, 63, 65, 66, 70, 71, 72, 74, 75, 76, 84, 86, 88, 90, 93, 95, 96, 99]
Indexes pruned for layer 5 : [0, 1, 2, 5, 6, 7, 8, 9, 11, 12, 15, 16, 18, 20, 23, 24, 26, 29, 30, 31, 34, 38, 39, 40, 41, 43, 44, 45, 47, 49, 50, 52, 55, 57, 58, 59, 61, 64, 67, 68, 70, 73, 74, 75, 79, 80, 81, 83, 84, 87, 89, 91, 92, 93, 95, 98, 99]
Indexes pruned for layer 6 : [0, 1, 2, 3, 4, 6, 9, 11, 13, 15, 17, 21, 22, 25, 26, 27, 29, 31, 32, 33, 35, 36, 37, 39, 40, 41, 42, 45, 46, 48, 50, 51, 52, 54, 57, 58, 59, 61, 62, 65, 66, 67, 68, 72, 74, 76, 77, 78, 79, 81, 82, 83, 84, 85, 86, 87, 88, 90, 91, 92, 95, 96, 97]
Indexes pruned for layer 7 : [2, 3, 4, 6, 7, 8, 11, 12, 14, 18, 21, 23, 27, 28, 30, 31, 34, 35, 36, 38, 39, 41, 42, 47, 48, 53, 54, 55, 57, 58, 60, 61, 66, 67, 68, 70, 72, 73, 74, 75, 76, 78, 79, 82, 83, 84, 85, 86, 91, 92, 93, 94, 95, 96, 97, 98, 99]
Indexes pruned for layer 8 : [2, 3, 4, 6, 9, 11, 17, 18, 20, 22, 24, 26, 28, 29, 32, 33, 35, 36, 37, 43, 46, 49, 54, 55, 56, 57, 62, 63, 64, 65, 66, 72, 74, 75, 76, 77, 79, 84, 85, 90, 92, 95, 96, 97, 98]
Indexes pruned for layer 9 : [0, 2, 5, 6, 7, 9, 13, 16, 17, 19, 25, 27, 28, 29, 31, 32, 33, 36, 40, 43, 44, 45, 48, 49, 51, 53, 55, 56, 58, 59, 62, 63, 64, 65, 66, 67, 68, 70, 74, 75, 78, 79, 82, 83, 84, 88, 93, 94, 95, 96, 98]
CALLBACK : RLT (compact) = 55160 (dont 0 en repli chemin lent)
Adding rec matrices constraint
Number of constraints for the matrix by layers: 392 for 10 layers, [784 100 100 100 100 100 100 100 100 100  10] neurons, boundary layers: [1, 2, 3, 4, 5, 6, 7, 8]
Adding first term equal zero constraint
CALLBACK : Ending constraints. Total number of constraints :  168910
Cuts in _write_presolve_row:  ['RLT', 'triangularization']
Number of constraints before optimization:  168910
Number of variables before optimization:  774393
All possible cuts:  ['RLT', 'triangularization', 'McCormick_beta_z', 'beta_logits_comparaison', 'beta_logits_comparaison_big_M', 'sum_beta_logits_equal_logit']
Cuts added to dic for _write_presolve_row:  {'RLT': True, 'triangularization': True, 'McCormick_beta_z': False, 'beta_logits_comparaison': False, 'beta_logits_comparaison_big_M': False, 'sum_beta_logits_equal_logit': False}
Writing pre-solve row to results.csv with data_index: 6 target: 2
Pre-solve row written to results.csv with data_index: 6 target: 2
Pre-solve row written to results.csv with 168910 constraints and 774393 variables.
INFO     00:38:51     [objective_classic.py:97] Adding Objective to the task
CALLBACK : Number of constraints : 168910
[conic bundle] factor=0.01 x 165480 contraintes dualisables candidates => 1655 reellement dualisees (les 163825 autres relachees mais jamais penalisees)
  [cb_native dynamic calibration] h(0)=3.247850 pool_initial=50/1655
[cb_native dynamic] h(0)=3.247850 > positivity_threshold=1e-06 -- arret immediat (stop_when_positive).
[conic bundle] data_index=6 target=2 optimal_value=3.2478502696896947 n_iter=0 (42.06s)
Initializing TargetedSDP...
Creating list of ytargets...
K :  10
self.n :  [784 100 100 100 100 100 100 100 100 100  10]
Getting to compute bounds...
STUDY : use active neurons:  True use inactive neurons:  False
STUDY : Nb Stable neurons :  451
Number of cuts to test: 1
Cuts to test: [['RLT', 'triangularization']]
Initializing MosekClassicHandler

 
 folder name dans handler:  /lustre/fswork/projects/rech/llc/uvq13au/FastSDPCertification/results/benchmark/9x100-0.026/2026_10_02_00h37_33s_battery-targeted-rlt-cert
LAST_LAYER in resolve_layer_groups :  False
K :  10
CHORDAL_DECOMPOSITION  in resolve layer groups:  True
INPUT_IN_VARIABLES in resolve_layer_groups :  True
Taille de la matrice pour le groupe 0 [0, 1] : 829
Taille de la matrice pour le groupe 1 [1, 2] : 112
Taille de la matrice pour le groupe 2 [2, 3] : 120
Taille de la matrice pour le groupe 3 [3, 4] : 96
Taille de la matrice pour le groupe 4 [4, 5] : 80
Taille de la matrice pour le groupe 5 [5, 6] : 80
Taille de la matrice pour le groupe 6 [6, 7] : 98
Taille de la matrice pour le groupe 7 [7, 8] : 104
Taille de la matrice pour le groupe 8 [8, 9] : 106
Neurones stables actives:  set()
Neurones stables inactives:  {(7, 17), (1, 95), (7, 26), (7, 35), (8, 0), (5, 65), (8, 9), (5, 74), (9, 72), (5, 83), (6, 48), (5, 92), (6, 57), (9, 90), (6, 66), (6, 75), (4, 2), (6, 84), (2, 32), (3, 6), (2, 50), (3, 15), (2, 59), (2, 68), (4, 87), (3, 42), (7, 3), (1, 99), (6, 34), (9, 67), (5, 78), (5, 87), (5, 96), (6, 61), (6, 70), (8, 98), (2, 54), (3, 28), (3, 37), (4, 91), (1, 76), (1, 85), (5, 46), (9, 44), (9, 53), (6, 38), (5, 82), (6, 47), (8, 84), (8, 93), (2, 31), (3, 5), (3, 14), (4, 68), (4, 95), (7, 2), (1, 80), (7, 11), (9, 30), (5, 41), (1, 89), (9, 39), (5, 50), (5, 59), (5, 68), (5, 77), (6, 42), (7, 96), (8, 70), (8, 79), (8, 88), (3, 0), (3, 9), (4, 81), (1, 57), (4, 99), (5, 27), (1, 75), (9, 25), (5, 36), (5, 45), (5, 54), (9, 52), (6, 28), (8, 65), (8, 74), (8, 83), (4, 49), (4, 58), (4, 67), (1, 61), (9, 11), (5, 22), (1, 70), (5, 31), (5, 40), (9, 38), (6, 14), (9, 47), (5, 58), (6, 23), (7, 77), (8, 51), (7, 95), (8, 78), (2, 7), (4, 44), (1, 38), (1, 47), (4, 80), (1, 56), (9, 6), (5, 17), (1, 65), (3, 84), (9, 15), (5, 26), (3, 93), (5, 35), (9, 33), (7, 63), (6, 18), (7, 72), (7, 90), (8, 55), (8, 64), (8, 82), (2, 11), (4, 30), (4, 39), (1, 24), (4, 57), (1, 42), (5, 3), (1, 51), (3, 70), (5, 21), (3, 88), (9, 19), (5, 39), (6, 4), (8, 32), (7, 76), (7, 85), (8, 59), (8, 68), (6, 98), (4, 34), (1, 10), (4, 43), (1, 19), (4, 52), (4, 61), (3, 65), (3, 74), (5, 25), (7, 62), (8, 27), (8, 36), (8, 45), (8, 63), (4, 11), (6, 93), (4, 20), (4, 29), (4, 38), (1, 14), (4, 47), (2, 77), (1, 32), (2, 86), (2, 95), (3, 60), (5, 2), (5, 11), (8, 13), (7, 57), (7, 66), (8, 31), (7, 75), (8, 40), (8, 49), (6, 79), (4, 6), (4, 15), (6, 97), (4, 24), (1, 0), (1, 9), (1, 18), (2, 81), (2, 99), (5, 6), (7, 43), (8, 17), (5, 91), (8, 44), (9, 98), (6, 74), (4, 1), (6, 83), (6, 92), (1, 4), (1, 13), (3, 32), (2, 85), (3, 50), (3, 59), (7, 20), (7, 29), (7, 56), (9, 75), (5, 86), (5, 95), (6, 60), (9, 93), (6, 78), (4, 5), (6, 96), (2, 44), (2, 53), (2, 62), (3, 27), (2, 80), (7, 6), (3, 54), (3, 63), (7, 24), (7, 33), (8, 7), (5, 72), (8, 16), (9, 70), (5, 81), (9, 79), (5, 90), (6, 55), (6, 73), (4, 0), (6, 82), (4, 9), (6, 91), (3, 22), (2, 75), (3, 49), (1, 88), (7, 28), (7, 37), (8, 2), (9, 56), (5, 67), (9, 65), (5, 76), (6, 41), (9, 74), (5, 85), (9, 83), (6, 68), (8, 96), (2, 34), (3, 17), (2, 61), (4, 89), (3, 44), (4, 98), (1, 74), (1, 83), (1, 92), (9, 42), (5, 62), (6, 27), (9, 60), (6, 36), (6, 54), (2, 38), (2, 47), (3, 12), (4, 75), (3, 30), (4, 84), (4, 93), (1, 69), (1, 78), (7, 9), (1, 87), (9, 37), (5, 48), (9, 46), (5, 57), (5, 66), (6, 31), (5, 84), (6, 58), (8, 95), (2, 24), (2, 42), (3, 7), (3, 16), (4, 70), (3, 25), (4, 79), (1, 55), (1, 64), (7, 4), (1, 91), (6, 8), (5, 52), (5, 61), (9, 59), (6, 35), (7, 98), (2, 19), (2, 37), (3, 11), (1, 41), (4, 74), (1, 50), (4, 83), (4, 92), (1, 68), (5, 29), (1, 77), (3, 96), (9, 27), (6, 3), (9, 36), (6, 12), (6, 21), (9, 54), (6, 30), (7, 84), (6, 39), (8, 58), (8, 67), (8, 94), (1, 36), (1, 45), (1, 54), (9, 4), (5, 15), (1, 63), (5, 33), (5, 42), (6, 7), (9, 40), (5, 51), (7, 79), (8, 53), (7, 97), (8, 62), (2, 9), (1, 22), (4, 55), (4, 64), (4, 73), (5, 1), (1, 58), (3, 86), (3, 95), (9, 26), (5, 37), (6, 2), (9, 35), (6, 11), (7, 65), (7, 74), (8, 48), (7, 92), (8, 66), (8, 75), (2, 4), (4, 23), (4, 41), (4, 50), (1, 26), (4, 59), (1, 44), (3, 72), (3, 90), (5, 32), (3, 99), (6, 6), (8, 25), (8, 43), (4, 18), (1, 12), (4, 45), (1, 39), (3, 58), (5, 0), (5, 9), (3, 76), (9, 7), (7, 46), (7, 55), (7, 64), (8, 29), (8, 56), (6, 86), (6, 95), (4, 31), (1, 7), (4, 40), (2, 70), (1, 25), (2, 88), (5, 4), (3, 71), (5, 13), (7, 32), (8, 6), (8, 33), (9, 87), (6, 72), (4, 8), (6, 99), (4, 26), (1, 2), (1, 11), (3, 39), (7, 18), (3, 66), (3, 75), (7, 36), (7, 54), (8, 19), (8, 28), (9, 82), (6, 67), (6, 76), (6, 85), (4, 12), (6, 94), (1, 6), (3, 43), (3, 52), (7, 22), (8, 5), (7, 49), (9, 68), (5, 79), (5, 88), (6, 53), (9, 86), (5, 97), (9, 95), (4, 7), (4, 16), (2, 64), (2, 82), (3, 56)}
Adjusting MOSEK solver parameters
MOSEK time limit set to 180s
Adding objective function for Lan
Initializing variables...
CALLBACK num variables : 774393
Adding ReLU constraints for layer 1
Adding ReLU constraints for layer 2
Adding ReLU constraints for layer 3
Adding ReLU constraints for layer 4
Adding ReLU constraints for layer 5
Adding ReLU constraints for layer 6
Adding ReLU constraints for layer 7
Adding ReLU constraints for layer 8
Adding ReLU constraints for layer 9
Adding quadratic bounds constraint
Adding quadratic bounds constraint for layer 0
Adding quadratic bounds constraint for layer 1
Adding quadratic bounds constraint for layer 2
Adding quadratic bounds constraint for layer 3
Adding quadratic bounds constraint for layer 4
Adding quadratic bounds constraint for layer 5
Adding quadratic bounds constraint for layer 6
Adding quadratic bounds constraint for layer 7
Adding quadratic bounds constraint for layer 8
Adding quadratic bounds constraint for layer 9
Adding RLT constraint (compact)
Indexes pruned for layer 1 : []
Indexes pruned for layer 2 : [0, 2, 4, 6, 7, 9, 10, 11, 12, 13, 14, 18, 19, 22, 24, 25, 26, 32, 36, 38, 39, 41, 42, 44, 45, 47, 50, 51, 54, 55, 56, 57, 58, 61, 63, 64, 65, 68, 69, 70, 74, 75, 76, 77, 78, 80, 83, 85, 87, 88, 89, 91, 92, 95, 99]
Indexes pruned for layer 3 : [4, 7, 9, 11, 19, 24, 31, 32, 34, 37, 38, 42, 44, 47, 50, 53, 54, 59, 61, 62, 64, 68, 70, 75, 77, 80, 81, 82, 85, 86, 88, 95, 99]
Indexes pruned for layer 4 : [0, 5, 6, 7, 9, 11, 12, 14, 15, 16, 17, 22, 25, 27, 28, 30, 32, 37, 39, 42, 43, 44, 49, 50, 52, 54, 56, 58, 59, 60, 63, 65, 66, 70, 71, 72, 74, 75, 76, 84, 86, 88, 90, 93, 95, 96, 99]
Indexes pruned for layer 5 : [0, 1, 2, 5, 6, 7, 8, 9, 11, 12, 15, 16, 18, 20, 23, 24, 26, 29, 30, 31, 34, 38, 39, 40, 41, 43, 44, 45, 47, 49, 50, 52, 55, 57, 58, 59, 61, 64, 67, 68, 70, 73, 74, 75, 79, 80, 81, 83, 84, 87, 89, 91, 92, 93, 95, 98, 99]
Indexes pruned for layer 6 : [0, 1, 2, 3, 4, 6, 9, 11, 13, 15, 17, 21, 22, 25, 26, 27, 29, 31, 32, 33, 35, 36, 37, 39, 40, 41, 42, 45, 46, 48, 50, 51, 52, 54, 57, 58, 59, 61, 62, 65, 66, 67, 68, 72, 74, 76, 77, 78, 79, 81, 82, 83, 84, 85, 86, 87, 88, 90, 91, 92, 95, 96, 97]
Indexes pruned for layer 7 : [2, 3, 4, 6, 7, 8, 11, 12, 14, 18, 21, 23, 27, 28, 30, 31, 34, 35, 36, 38, 39, 41, 42, 47, 48, 53, 54, 55, 57, 58, 60, 61, 66, 67, 68, 70, 72, 73, 74, 75, 76, 78, 79, 82, 83, 84, 85, 86, 91, 92, 93, 94, 95, 96, 97, 98, 99]
Indexes pruned for layer 8 : [2, 3, 4, 6, 9, 11, 17, 18, 20, 22, 24, 26, 28, 29, 32, 33, 35, 36, 37, 43, 46, 49, 54, 55, 56, 57, 62, 63, 64, 65, 66, 72, 74, 75, 76, 77, 79, 84, 85, 90, 92, 95, 96, 97, 98]
Indexes pruned for layer 9 : [0, 2, 5, 6, 7, 9, 13, 16, 17, 19, 25, 27, 28, 29, 31, 32, 33, 36, 40, 43, 44, 45, 48, 49, 51, 53, 55, 56, 58, 59, 62, 63, 64, 65, 66, 67, 68, 70, 74, 75, 78, 79, 82, 83, 84, 88, 93, 94, 95, 96, 98]
CALLBACK : RLT (compact) = 55160 (dont 0 en repli chemin lent)
Adding rec matrices constraint
Number of constraints for the matrix by layers: 392 for 10 layers, [784 100 100 100 100 100 100 100 100 100  10] neurons, boundary layers: [1, 2, 3, 4, 5, 6, 7, 8]
Adding first term equal zero constraint
CALLBACK : Ending constraints. Total number of constraints :  168910
Cuts in _write_presolve_row:  ['RLT', 'triangularization']
Number of constraints before optimization:  168910
Number of variables before optimization:  774393
All possible cuts:  ['RLT', 'triangularization', 'McCormick_beta_z', 'beta_logits_comparaison', 'beta_logits_comparaison_big_M', 'sum_beta_logits_equal_logit']
Cuts added to dic for _write_presolve_row:  {'RLT': True, 'triangularization': True, 'McCormick_beta_z': False, 'beta_logits_comparaison': False, 'beta_logits_comparaison_big_M': False, 'sum_beta_logits_equal_logit': False}
Writing pre-solve row to results.csv with data_index: 6 target: 3
Pre-solve row written to results.csv with data_index: 6 target: 3
Pre-solve row written to results.csv with 168910 constraints and 774393 variables.
INFO     00:39:35     [objective_classic.py:97] Adding Objective to the task
CALLBACK : Number of constraints : 168910
[conic bundle] factor=0.01 x 165480 contraintes dualisables candidates => 1655 reellement dualisees (les 163825 autres relachees mais jamais penalisees)
  [cb_native dynamic calibration] h(0)=0.908806 pool_initial=50/1655
[cb_native dynamic] h(0)=0.908806 > positivity_threshold=1e-06 -- arret immediat (stop_when_positive).
[conic bundle] data_index=6 target=3 optimal_value=0.9088058365110518 n_iter=0 (42.69s)
Initializing TargetedSDP...
Creating list of ytargets...
K :  10
self.n :  [784 100 100 100 100 100 100 100 100 100  10]
Getting to compute bounds...
STUDY : use active neurons:  True use inactive neurons:  False
STUDY : Nb Stable neurons :  451
Number of cuts to test: 1
Cuts to test: [['RLT', 'triangularization']]
Initializing MosekClassicHandler

 
 folder name dans handler:  /lustre/fswork/projects/rech/llc/uvq13au/FastSDPCertification/results/benchmark/9x100-0.026/2026_10_02_00h37_33s_battery-targeted-rlt-cert
LAST_LAYER in resolve_layer_groups :  False
K :  10
CHORDAL_DECOMPOSITION  in resolve layer groups:  True
INPUT_IN_VARIABLES in resolve_layer_groups :  True
Taille de la matrice pour le groupe 0 [0, 1] : 829
Taille de la matrice pour le groupe 1 [1, 2] : 112
Taille de la matrice pour le groupe 2 [2, 3] : 120
Taille de la matrice pour le groupe 3 [3, 4] : 96
Taille de la matrice pour le groupe 4 [4, 5] : 80
Taille de la matrice pour le groupe 5 [5, 6] : 80
Taille de la matrice pour le groupe 6 [6, 7] : 98
Taille de la matrice pour le groupe 7 [7, 8] : 104
Taille de la matrice pour le groupe 8 [8, 9] : 106
Neurones stables actives:  set()
Neurones stables inactives:  {(7, 17), (1, 95), (7, 26), (7, 35), (8, 0), (5, 65), (8, 9), (5, 74), (9, 72), (5, 83), (6, 48), (5, 92), (6, 57), (9, 90), (6, 66), (6, 75), (4, 2), (6, 84), (2, 32), (3, 6), (2, 50), (3, 15), (2, 59), (2, 68), (4, 87), (3, 42), (7, 3), (1, 99), (6, 34), (9, 67), (5, 78), (5, 87), (5, 96), (6, 61), (6, 70), (8, 98), (2, 54), (3, 28), (3, 37), (4, 91), (1, 76), (1, 85), (5, 46), (9, 44), (9, 53), (6, 38), (5, 82), (6, 47), (8, 84), (8, 93), (2, 31), (3, 5), (3, 14), (4, 68), (4, 95), (7, 2), (1, 80), (7, 11), (9, 30), (5, 41), (1, 89), (9, 39), (5, 50), (5, 59), (5, 68), (5, 77), (6, 42), (7, 96), (8, 70), (8, 79), (8, 88), (3, 0), (3, 9), (4, 81), (1, 57), (4, 99), (5, 27), (1, 75), (9, 25), (5, 36), (5, 45), (5, 54), (9, 52), (6, 28), (8, 65), (8, 74), (8, 83), (4, 49), (4, 58), (4, 67), (1, 61), (9, 11), (5, 22), (1, 70), (5, 31), (5, 40), (9, 38), (6, 14), (9, 47), (5, 58), (6, 23), (7, 77), (8, 51), (7, 95), (8, 78), (2, 7), (4, 44), (1, 38), (1, 47), (4, 80), (1, 56), (9, 6), (5, 17), (1, 65), (3, 84), (9, 15), (5, 26), (3, 93), (5, 35), (9, 33), (7, 63), (6, 18), (7, 72), (7, 90), (8, 55), (8, 64), (8, 82), (2, 11), (4, 30), (4, 39), (1, 24), (4, 57), (1, 42), (5, 3), (1, 51), (3, 70), (5, 21), (3, 88), (9, 19), (5, 39), (6, 4), (8, 32), (7, 76), (7, 85), (8, 59), (8, 68), (6, 98), (4, 34), (1, 10), (4, 43), (1, 19), (4, 52), (4, 61), (3, 65), (3, 74), (5, 25), (7, 62), (8, 27), (8, 36), (8, 45), (8, 63), (4, 11), (6, 93), (4, 20), (4, 29), (4, 38), (1, 14), (4, 47), (2, 77), (1, 32), (2, 86), (2, 95), (3, 60), (5, 2), (5, 11), (8, 13), (7, 57), (7, 66), (8, 31), (7, 75), (8, 40), (8, 49), (6, 79), (4, 6), (4, 15), (6, 97), (4, 24), (1, 0), (1, 9), (1, 18), (2, 81), (2, 99), (5, 6), (7, 43), (8, 17), (5, 91), (8, 44), (9, 98), (6, 74), (4, 1), (6, 83), (6, 92), (1, 4), (1, 13), (3, 32), (2, 85), (3, 50), (3, 59), (7, 20), (7, 29), (7, 56), (9, 75), (5, 86), (5, 95), (6, 60), (9, 93), (6, 78), (4, 5), (6, 96), (2, 44), (2, 53), (2, 62), (3, 27), (2, 80), (7, 6), (3, 54), (3, 63), (7, 24), (7, 33), (8, 7), (5, 72), (8, 16), (9, 70), (5, 81), (9, 79), (5, 90), (6, 55), (6, 73), (4, 0), (6, 82), (4, 9), (6, 91), (3, 22), (2, 75), (3, 49), (1, 88), (7, 28), (7, 37), (8, 2), (9, 56), (5, 67), (9, 65), (5, 76), (6, 41), (9, 74), (5, 85), (9, 83), (6, 68), (8, 96), (2, 34), (3, 17), (2, 61), (4, 89), (3, 44), (4, 98), (1, 74), (1, 83), (1, 92), (9, 42), (5, 62), (6, 27), (9, 60), (6, 36), (6, 54), (2, 38), (2, 47), (3, 12), (4, 75), (3, 30), (4, 84), (4, 93), (1, 69), (1, 78), (7, 9), (1, 87), (9, 37), (5, 48), (9, 46), (5, 57), (5, 66), (6, 31), (5, 84), (6, 58), (8, 95), (2, 24), (2, 42), (3, 7), (3, 16), (4, 70), (3, 25), (4, 79), (1, 55), (1, 64), (7, 4), (1, 91), (6, 8), (5, 52), (5, 61), (9, 59), (6, 35), (7, 98), (2, 19), (2, 37), (3, 11), (1, 41), (4, 74), (1, 50), (4, 83), (4, 92), (1, 68), (5, 29), (1, 77), (3, 96), (9, 27), (6, 3), (9, 36), (6, 12), (6, 21), (9, 54), (6, 30), (7, 84), (6, 39), (8, 58), (8, 67), (8, 94), (1, 36), (1, 45), (1, 54), (9, 4), (5, 15), (1, 63), (5, 33), (5, 42), (6, 7), (9, 40), (5, 51), (7, 79), (8, 53), (7, 97), (8, 62), (2, 9), (1, 22), (4, 55), (4, 64), (4, 73), (5, 1), (1, 58), (3, 86), (3, 95), (9, 26), (5, 37), (6, 2), (9, 35), (6, 11), (7, 65), (7, 74), (8, 48), (7, 92), (8, 66), (8, 75), (2, 4), (4, 23), (4, 41), (4, 50), (1, 26), (4, 59), (1, 44), (3, 72), (3, 90), (5, 32), (3, 99), (6, 6), (8, 25), (8, 43), (4, 18), (1, 12), (4, 45), (1, 39), (3, 58), (5, 0), (5, 9), (3, 76), (9, 7), (7, 46), (7, 55), (7, 64), (8, 29), (8, 56), (6, 86), (6, 95), (4, 31), (1, 7), (4, 40), (2, 70), (1, 25), (2, 88), (5, 4), (3, 71), (5, 13), (7, 32), (8, 6), (8, 33), (9, 87), (6, 72), (4, 8), (6, 99), (4, 26), (1, 2), (1, 11), (3, 39), (7, 18), (3, 66), (3, 75), (7, 36), (7, 54), (8, 19), (8, 28), (9, 82), (6, 67), (6, 76), (6, 85), (4, 12), (6, 94), (1, 6), (3, 43), (3, 52), (7, 22), (8, 5), (7, 49), (9, 68), (5, 79), (5, 88), (6, 53), (9, 86), (5, 97), (9, 95), (4, 7), (4, 16), (2, 64), (2, 82), (3, 56)}
Adjusting MOSEK solver parameters
MOSEK time limit set to 180s
Adding objective function for Lan
Initializing variables...
CALLBACK num variables : 774393
Adding ReLU constraints for layer 1
Adding ReLU constraints for layer 2
Adding ReLU constraints for layer 3
Adding ReLU constraints for layer 4
Adding ReLU constraints for layer 5
Adding ReLU constraints for layer 6
Adding ReLU constraints for layer 7
Adding ReLU constraints for layer 8
Adding ReLU constraints for layer 9
Adding quadratic bounds constraint
Adding quadratic bounds constraint for layer 0
Adding quadratic bounds constraint for layer 1
Adding quadratic bounds constraint for layer 2
Adding quadratic bounds constraint for layer 3
Adding quadratic bounds constraint for layer 4
Adding quadratic bounds constraint for layer 5
Adding quadratic bounds constraint for layer 6
Adding quadratic bounds constraint for layer 7
Adding quadratic bounds constraint for layer 8
Adding quadratic bounds constraint for layer 9
Adding RLT constraint (compact)
Indexes pruned for layer 1 : []
Indexes pruned for layer 2 : [0, 2, 4, 6, 7, 9, 10, 11, 12, 13, 14, 18, 19, 22, 24, 25, 26, 32, 36, 38, 39, 41, 42, 44, 45, 47, 50, 51, 54, 55, 56, 57, 58, 61, 63, 64, 65, 68, 69, 70, 74, 75, 76, 77, 78, 80, 83, 85, 87, 88, 89, 91, 92, 95, 99]
Indexes pruned for layer 3 : [4, 7, 9, 11, 19, 24, 31, 32, 34, 37, 38, 42, 44, 47, 50, 53, 54, 59, 61, 62, 64, 68, 70, 75, 77, 80, 81, 82, 85, 86, 88, 95, 99]
Indexes pruned for layer 4 : [0, 5, 6, 7, 9, 11, 12, 14, 15, 16, 17, 22, 25, 27, 28, 30, 32, 37, 39, 42, 43, 44, 49, 50, 52, 54, 56, 58, 59, 60, 63, 65, 66, 70, 71, 72, 74, 75, 76, 84, 86, 88, 90, 93, 95, 96, 99]
Indexes pruned for layer 5 : [0, 1, 2, 5, 6, 7, 8, 9, 11, 12, 15, 16, 18, 20, 23, 24, 26, 29, 30, 31, 34, 38, 39, 40, 41, 43, 44, 45, 47, 49, 50, 52, 55, 57, 58, 59, 61, 64, 67, 68, 70, 73, 74, 75, 79, 80, 81, 83, 84, 87, 89, 91, 92, 93, 95, 98, 99]
Indexes pruned for layer 6 : [0, 1, 2, 3, 4, 6, 9, 11, 13, 15, 17, 21, 22, 25, 26, 27, 29, 31, 32, 33, 35, 36, 37, 39, 40, 41, 42, 45, 46, 48, 50, 51, 52, 54, 57, 58, 59, 61, 62, 65, 66, 67, 68, 72, 74, 76, 77, 78, 79, 81, 82, 83, 84, 85, 86, 87, 88, 90, 91, 92, 95, 96, 97]
Indexes pruned for layer 7 : [2, 3, 4, 6, 7, 8, 11, 12, 14, 18, 21, 23, 27, 28, 30, 31, 34, 35, 36, 38, 39, 41, 42, 47, 48, 53, 54, 55, 57, 58, 60, 61, 66, 67, 68, 70, 72, 73, 74, 75, 76, 78, 79, 82, 83, 84, 85, 86, 91, 92, 93, 94, 95, 96, 97, 98, 99]
Indexes pruned for layer 8 : [2, 3, 4, 6, 9, 11, 17, 18, 20, 22, 24, 26, 28, 29, 32, 33, 35, 36, 37, 43, 46, 49, 54, 55, 56, 57, 62, 63, 64, 65, 66, 72, 74, 75, 76, 77, 79, 84, 85, 90, 92, 95, 96, 97, 98]
Indexes pruned for layer 9 : [0, 2, 5, 6, 7, 9, 13, 16, 17, 19, 25, 27, 28, 29, 31, 32, 33, 36, 40, 43, 44, 45, 48, 49, 51, 53, 55, 56, 58, 59, 62, 63, 64, 65, 66, 67, 68, 70, 74, 75, 78, 79, 82, 83, 84, 88, 93, 94, 95, 96, 98]
CALLBACK : RLT (compact) = 55160 (dont 0 en repli chemin lent)
Adding rec matrices constraint
Number of constraints for the matrix by layers: 392 for 10 layers, [784 100 100 100 100 100 100 100 100 100  10] neurons, boundary layers: [1, 2, 3, 4, 5, 6, 7, 8]
Adding first term equal zero constraint
CALLBACK : Ending constraints. Total number of constraints :  168910
Cuts in _write_presolve_row:  ['RLT', 'triangularization']
Number of constraints before optimization:  168910
Number of variables before optimization:  774393
All possible cuts:  ['RLT', 'triangularization', 'McCormick_beta_z', 'beta_logits_comparaison', 'beta_logits_comparaison_big_M', 'sum_beta_logits_equal_logit']
Cuts added to dic for _write_presolve_row:  {'RLT': True, 'triangularization': True, 'McCormick_beta_z': False, 'beta_logits_comparaison': False, 'beta_logits_comparaison_big_M': False, 'sum_beta_logits_equal_logit': False}
Writing pre-solve row to results.csv with data_index: 6 target: 4
Pre-solve row written to results.csv with data_index: 6 target: 4
Pre-solve row written to results.csv with 168910 constraints and 774393 variables.
INFO     00:40:20     [objective_classic.py:97] Adding Objective to the task
CALLBACK : Number of constraints : 168910
[conic bundle] factor=0.01 x 165480 contraintes dualisables candidates => 1655 reellement dualisees (les 163825 autres relachees mais jamais penalisees)
  [cb_native dynamic calibration] h(0)=8.292354 pool_initial=50/1655
[cb_native dynamic] h(0)=8.292354 > positivity_threshold=1e-06 -- arret immediat (stop_when_positive).
[conic bundle] data_index=6 target=4 optimal_value=8.2923535365723 n_iter=0 (56.89s)
Initializing TargetedSDP...
Creating list of ytargets...
K :  10
self.n :  [784 100 100 100 100 100 100 100 100 100  10]
Getting to compute bounds...
STUDY : use active neurons:  True use inactive neurons:  False
STUDY : Nb Stable neurons :  451
Number of cuts to test: 1
Cuts to test: [['RLT', 'triangularization']]
Initializing MosekClassicHandler

 
 folder name dans handler:  /lustre/fswork/projects/rech/llc/uvq13au/FastSDPCertification/results/benchmark/9x100-0.026/2026_10_02_00h37_33s_battery-targeted-rlt-cert
LAST_LAYER in resolve_layer_groups :  False
K :  10
CHORDAL_DECOMPOSITION  in resolve layer groups:  True
INPUT_IN_VARIABLES in resolve_layer_groups :  True
Taille de la matrice pour le groupe 0 [0, 1] : 829
Taille de la matrice pour le groupe 1 [1, 2] : 112
Taille de la matrice pour le groupe 2 [2, 3] : 120
Taille de la matrice pour le groupe 3 [3, 4] : 96
Taille de la matrice pour le groupe 4 [4, 5] : 80
Taille de la matrice pour le groupe 5 [5, 6] : 80
Taille de la matrice pour le groupe 6 [6, 7] : 98
Taille de la matrice pour le groupe 7 [7, 8] : 104
Taille de la matrice pour le groupe 8 [8, 9] : 106
Neurones stables actives:  set()
Neurones stables inactives:  {(7, 17), (1, 95), (7, 26), (7, 35), (8, 0), (5, 65), (8, 9), (5, 74), (9, 72), (5, 83), (6, 48), (5, 92), (6, 57), (9, 90), (6, 66), (6, 75), (4, 2), (6, 84), (2, 32), (3, 6), (2, 50), (3, 15), (2, 59), (2, 68), (4, 87), (3, 42), (7, 3), (1, 99), (6, 34), (9, 67), (5, 78), (5, 87), (5, 96), (6, 61), (6, 70), (8, 98), (2, 54), (3, 28), (3, 37), (4, 91), (1, 76), (1, 85), (5, 46), (9, 44), (9, 53), (6, 38), (5, 82), (6, 47), (8, 84), (8, 93), (2, 31), (3, 5), (3, 14), (4, 68), (4, 95), (7, 2), (1, 80), (7, 11), (9, 30), (5, 41), (1, 89), (9, 39), (5, 50), (5, 59), (5, 68), (5, 77), (6, 42), (7, 96), (8, 70), (8, 79), (8, 88), (3, 0), (3, 9), (4, 81), (1, 57), (4, 99), (5, 27), (1, 75), (9, 25), (5, 36), (5, 45), (5, 54), (9, 52), (6, 28), (8, 65), (8, 74), (8, 83), (4, 49), (4, 58), (4, 67), (1, 61), (9, 11), (5, 22), (1, 70), (5, 31), (5, 40), (9, 38), (6, 14), (9, 47), (5, 58), (6, 23), (7, 77), (8, 51), (7, 95), (8, 78), (2, 7), (4, 44), (1, 38), (1, 47), (4, 80), (1, 56), (9, 6), (5, 17), (1, 65), (3, 84), (9, 15), (5, 26), (3, 93), (5, 35), (9, 33), (7, 63), (6, 18), (7, 72), (7, 90), (8, 55), (8, 64), (8, 82), (2, 11), (4, 30), (4, 39), (1, 24), (4, 57), (1, 42), (5, 3), (1, 51), (3, 70), (5, 21), (3, 88), (9, 19), (5, 39), (6, 4), (8, 32), (7, 76), (7, 85), (8, 59), (8, 68), (6, 98), (4, 34), (1, 10), (4, 43), (1, 19), (4, 52), (4, 61), (3, 65), (3, 74), (5, 25), (7, 62), (8, 27), (8, 36), (8, 45), (8, 63), (4, 11), (6, 93), (4, 20), (4, 29), (4, 38), (1, 14), (4, 47), (2, 77), (1, 32), (2, 86), (2, 95), (3, 60), (5, 2), (5, 11), (8, 13), (7, 57), (7, 66), (8, 31), (7, 75), (8, 40), (8, 49), (6, 79), (4, 6), (4, 15), (6, 97), (4, 24), (1, 0), (1, 9), (1, 18), (2, 81), (2, 99), (5, 6), (7, 43), (8, 17), (5, 91), (8, 44), (9, 98), (6, 74), (4, 1), (6, 83), (6, 92), (1, 4), (1, 13), (3, 32), (2, 85), (3, 50), (3, 59), (7, 20), (7, 29), (7, 56), (9, 75), (5, 86), (5, 95), (6, 60), (9, 93), (6, 78), (4, 5), (6, 96), (2, 44), (2, 53), (2, 62), (3, 27), (2, 80), (7, 6), (3, 54), (3, 63), (7, 24), (7, 33), (8, 7), (5, 72), (8, 16), (9, 70), (5, 81), (9, 79), (5, 90), (6, 55), (6, 73), (4, 0), (6, 82), (4, 9), (6, 91), (3, 22), (2, 75), (3, 49), (1, 88), (7, 28), (7, 37), (8, 2), (9, 56), (5, 67), (9, 65), (5, 76), (6, 41), (9, 74), (5, 85), (9, 83), (6, 68), (8, 96), (2, 34), (3, 17), (2, 61), (4, 89), (3, 44), (4, 98), (1, 74), (1, 83), (1, 92), (9, 42), (5, 62), (6, 27), (9, 60), (6, 36), (6, 54), (2, 38), (2, 47), (3, 12), (4, 75), (3, 30), (4, 84), (4, 93), (1, 69), (1, 78), (7, 9), (1, 87), (9, 37), (5, 48), (9, 46), (5, 57), (5, 66), (6, 31), (5, 84), (6, 58), (8, 95), (2, 24), (2, 42), (3, 7), (3, 16), (4, 70), (3, 25), (4, 79), (1, 55), (1, 64), (7, 4), (1, 91), (6, 8), (5, 52), (5, 61), (9, 59), (6, 35), (7, 98), (2, 19), (2, 37), (3, 11), (1, 41), (4, 74), (1, 50), (4, 83), (4, 92), (1, 68), (5, 29), (1, 77), (3, 96), (9, 27), (6, 3), (9, 36), (6, 12), (6, 21), (9, 54), (6, 30), (7, 84), (6, 39), (8, 58), (8, 67), (8, 94), (1, 36), (1, 45), (1, 54), (9, 4), (5, 15), (1, 63), (5, 33), (5, 42), (6, 7), (9, 40), (5, 51), (7, 79), (8, 53), (7, 97), (8, 62), (2, 9), (1, 22), (4, 55), (4, 64), (4, 73), (5, 1), (1, 58), (3, 86), (3, 95), (9, 26), (5, 37), (6, 2), (9, 35), (6, 11), (7, 65), (7, 74), (8, 48), (7, 92), (8, 66), (8, 75), (2, 4), (4, 23), (4, 41), (4, 50), (1, 26), (4, 59), (1, 44), (3, 72), (3, 90), (5, 32), (3, 99), (6, 6), (8, 25), (8, 43), (4, 18), (1, 12), (4, 45), (1, 39), (3, 58), (5, 0), (5, 9), (3, 76), (9, 7), (7, 46), (7, 55), (7, 64), (8, 29), (8, 56), (6, 86), (6, 95), (4, 31), (1, 7), (4, 40), (2, 70), (1, 25), (2, 88), (5, 4), (3, 71), (5, 13), (7, 32), (8, 6), (8, 33), (9, 87), (6, 72), (4, 8), (6, 99), (4, 26), (1, 2), (1, 11), (3, 39), (7, 18), (3, 66), (3, 75), (7, 36), (7, 54), (8, 19), (8, 28), (9, 82), (6, 67), (6, 76), (6, 85), (4, 12), (6, 94), (1, 6), (3, 43), (3, 52), (7, 22), (8, 5), (7, 49), (9, 68), (5, 79), (5, 88), (6, 53), (9, 86), (5, 97), (9, 95), (4, 7), (4, 16), (2, 64), (2, 82), (3, 56)}
Adjusting MOSEK solver parameters
MOSEK time limit set to 180s
Adding objective function for Lan
Initializing variables...
CALLBACK num variables : 774393
Adding ReLU constraints for layer 1
Adding ReLU constraints for layer 2
Adding ReLU constraints for layer 3
Adding ReLU constraints for layer 4
Adding ReLU constraints for layer 5
Adding ReLU constraints for layer 6
Adding ReLU constraints for layer 7
Adding ReLU constraints for layer 8
Adding ReLU constraints for layer 9
Adding quadratic bounds constraint
Adding quadratic bounds constraint for layer 0
Adding quadratic bounds constraint for layer 1
Adding quadratic bounds constraint for layer 2
Adding quadratic bounds constraint for layer 3
Adding quadratic bounds constraint for layer 4
Adding quadratic bounds constraint for layer 5
Adding quadratic bounds constraint for layer 6
Adding quadratic bounds constraint for layer 7
Adding quadratic bounds constraint for layer 8
Adding quadratic bounds constraint for layer 9
Adding RLT constraint (compact)
Indexes pruned for layer 1 : []
Indexes pruned for layer 2 : [0, 2, 4, 6, 7, 9, 10, 11, 12, 13, 14, 18, 19, 22, 24, 25, 26, 32, 36, 38, 39, 41, 42, 44, 45, 47, 50, 51, 54, 55, 56, 57, 58, 61, 63, 64, 65, 68, 69, 70, 74, 75, 76, 77, 78, 80, 83, 85, 87, 88, 89, 91, 92, 95, 99]
Indexes pruned for layer 3 : [4, 7, 9, 11, 19, 24, 31, 32, 34, 37, 38, 42, 44, 47, 50, 53, 54, 59, 61, 62, 64, 68, 70, 75, 77, 80, 81, 82, 85, 86, 88, 95, 99]
Indexes pruned for layer 4 : [0, 5, 6, 7, 9, 11, 12, 14, 15, 16, 17, 22, 25, 27, 28, 30, 32, 37, 39, 42, 43, 44, 49, 50, 52, 54, 56, 58, 59, 60, 63, 65, 66, 70, 71, 72, 74, 75, 76, 84, 86, 88, 90, 93, 95, 96, 99]
Indexes pruned for layer 5 : [0, 1, 2, 5, 6, 7, 8, 9, 11, 12, 15, 16, 18, 20, 23, 24, 26, 29, 30, 31, 34, 38, 39, 40, 41, 43, 44, 45, 47, 49, 50, 52, 55, 57, 58, 59, 61, 64, 67, 68, 70, 73, 74, 75, 79, 80, 81, 83, 84, 87, 89, 91, 92, 93, 95, 98, 99]
Indexes pruned for layer 6 : [0, 1, 2, 3, 4, 6, 9, 11, 13, 15, 17, 21, 22, 25, 26, 27, 29, 31, 32, 33, 35, 36, 37, 39, 40, 41, 42, 45, 46, 48, 50, 51, 52, 54, 57, 58, 59, 61, 62, 65, 66, 67, 68, 72, 74, 76, 77, 78, 79, 81, 82, 83, 84, 85, 86, 87, 88, 90, 91, 92, 95, 96, 97]
Indexes pruned for layer 7 : [2, 3, 4, 6, 7, 8, 11, 12, 14, 18, 21, 23, 27, 28, 30, 31, 34, 35, 36, 38, 39, 41, 42, 47, 48, 53, 54, 55, 57, 58, 60, 61, 66, 67, 68, 70, 72, 73, 74, 75, 76, 78, 79, 82, 83, 84, 85, 86, 91, 92, 93, 94, 95, 96, 97, 98, 99]
Indexes pruned for layer 8 : [2, 3, 4, 6, 9, 11, 17, 18, 20, 22, 24, 26, 28, 29, 32, 33, 35, 36, 37, 43, 46, 49, 54, 55, 56, 57, 62, 63, 64, 65, 66, 72, 74, 75, 76, 77, 79, 84, 85, 90, 92, 95, 96, 97, 98]
Indexes pruned for layer 9 : [0, 2, 5, 6, 7, 9, 13, 16, 17, 19, 25, 27, 28, 29, 31, 32, 33, 36, 40, 43, 44, 45, 48, 49, 51, 53, 55, 56, 58, 59, 62, 63, 64, 65, 66, 67, 68, 70, 74, 75, 78, 79, 82, 83, 84, 88, 93, 94, 95, 96, 98]
CALLBACK : RLT (compact) = 55160 (dont 0 en repli chemin lent)
Adding rec matrices constraint
Number of constraints for the matrix by layers: 392 for 10 layers, [784 100 100 100 100 100 100 100 100 100  10] neurons, boundary layers: [1, 2, 3, 4, 5, 6, 7, 8]
Adding first term equal zero constraint
CALLBACK : Ending constraints. Total number of constraints :  168910
Cuts in _write_presolve_row:  ['RLT', 'triangularization']
Number of constraints before optimization:  168910
Number of variables before optimization:  774393
All possible cuts:  ['RLT', 'triangularization', 'McCormick_beta_z', 'beta_logits_comparaison', 'beta_logits_comparaison_big_M', 'sum_beta_logits_equal_logit']
Cuts added to dic for _write_presolve_row:  {'RLT': True, 'triangularization': True, 'McCormick_beta_z': False, 'beta_logits_comparaison': False, 'beta_logits_comparaison_big_M': False, 'sum_beta_logits_equal_logit': False}
Writing pre-solve row to results.csv with data_index: 6 target: 5
Pre-solve row written to results.csv with data_index: 6 target: 5
Pre-solve row written to results.csv with 168910 constraints and 774393 variables.
INFO     00:41:19     [objective_classic.py:97] Adding Objective to the task
CALLBACK : Number of constraints : 168910
[conic bundle] factor=0.01 x 165480 contraintes dualisables candidates => 1655 reellement dualisees (les 163825 autres relachees mais jamais penalisees)
  [cb_native dynamic calibration] h(0)=2.088419 pool_initial=35/1655
[cb_native dynamic] h(0)=2.088419 > positivity_threshold=1e-06 -- arret immediat (stop_when_positive).
[conic bundle] data_index=6 target=5 optimal_value=2.0884190286028774 n_iter=0 (63.63s)
Initializing TargetedSDP...
Creating list of ytargets...
K :  10
self.n :  [784 100 100 100 100 100 100 100 100 100  10]
Getting to compute bounds...
STUDY : use active neurons:  True use inactive neurons:  False
STUDY : Nb Stable neurons :  451
Number of cuts to test: 1
Cuts to test: [['RLT', 'triangularization']]
Initializing MosekClassicHandler

 
 folder name dans handler:  /lustre/fswork/projects/rech/llc/uvq13au/FastSDPCertification/results/benchmark/9x100-0.026/2026_10_02_00h37_33s_battery-targeted-rlt-cert
LAST_LAYER in resolve_layer_groups :  False
K :  10
CHORDAL_DECOMPOSITION  in resolve layer groups:  True
INPUT_IN_VARIABLES in resolve_layer_groups :  True
Taille de la matrice pour le groupe 0 [0, 1] : 829
Taille de la matrice pour le groupe 1 [1, 2] : 112
Taille de la matrice pour le groupe 2 [2, 3] : 120
Taille de la matrice pour le groupe 3 [3, 4] : 96
Taille de la matrice pour le groupe 4 [4, 5] : 80
Taille de la matrice pour le groupe 5 [5, 6] : 80
Taille de la matrice pour le groupe 6 [6, 7] : 98
Taille de la matrice pour le groupe 7 [7, 8] : 104
Taille de la matrice pour le groupe 8 [8, 9] : 106
Neurones stables actives:  set()
Neurones stables inactives:  {(7, 17), (1, 95), (7, 26), (7, 35), (8, 0), (5, 65), (8, 9), (5, 74), (9, 72), (5, 83), (6, 48), (5, 92), (6, 57), (9, 90), (6, 66), (6, 75), (4, 2), (6, 84), (2, 32), (3, 6), (2, 50), (3, 15), (2, 59), (2, 68), (4, 87), (3, 42), (7, 3), (1, 99), (6, 34), (9, 67), (5, 78), (5, 87), (5, 96), (6, 61), (6, 70), (8, 98), (2, 54), (3, 28), (3, 37), (4, 91), (1, 76), (1, 85), (5, 46), (9, 44), (9, 53), (6, 38), (5, 82), (6, 47), (8, 84), (8, 93), (2, 31), (3, 5), (3, 14), (4, 68), (4, 95), (7, 2), (1, 80), (7, 11), (9, 30), (5, 41), (1, 89), (9, 39), (5, 50), (5, 59), (5, 68), (5, 77), (6, 42), (7, 96), (8, 70), (8, 79), (8, 88), (3, 0), (3, 9), (4, 81), (1, 57), (4, 99), (5, 27), (1, 75), (9, 25), (5, 36), (5, 45), (5, 54), (9, 52), (6, 28), (8, 65), (8, 74), (8, 83), (4, 49), (4, 58), (4, 67), (1, 61), (9, 11), (5, 22), (1, 70), (5, 31), (5, 40), (9, 38), (6, 14), (9, 47), (5, 58), (6, 23), (7, 77), (8, 51), (7, 95), (8, 78), (2, 7), (4, 44), (1, 38), (1, 47), (4, 80), (1, 56), (9, 6), (5, 17), (1, 65), (3, 84), (9, 15), (5, 26), (3, 93), (5, 35), (9, 33), (7, 63), (6, 18), (7, 72), (7, 90), (8, 55), (8, 64), (8, 82), (2, 11), (4, 30), (4, 39), (1, 24), (4, 57), (1, 42), (5, 3), (1, 51), (3, 70), (5, 21), (3, 88), (9, 19), (5, 39), (6, 4), (8, 32), (7, 76), (7, 85), (8, 59), (8, 68), (6, 98), (4, 34), (1, 10), (4, 43), (1, 19), (4, 52), (4, 61), (3, 65), (3, 74), (5, 25), (7, 62), (8, 27), (8, 36), (8, 45), (8, 63), (4, 11), (6, 93), (4, 20), (4, 29), (4, 38), (1, 14), (4, 47), (2, 77), (1, 32), (2, 86), (2, 95), (3, 60), (5, 2), (5, 11), (8, 13), (7, 57), (7, 66), (8, 31), (7, 75), (8, 40), (8, 49), (6, 79), (4, 6), (4, 15), (6, 97), (4, 24), (1, 0), (1, 9), (1, 18), (2, 81), (2, 99), (5, 6), (7, 43), (8, 17), (5, 91), (8, 44), (9, 98), (6, 74), (4, 1), (6, 83), (6, 92), (1, 4), (1, 13), (3, 32), (2, 85), (3, 50), (3, 59), (7, 20), (7, 29), (7, 56), (9, 75), (5, 86), (5, 95), (6, 60), (9, 93), (6, 78), (4, 5), (6, 96), (2, 44), (2, 53), (2, 62), (3, 27), (2, 80), (7, 6), (3, 54), (3, 63), (7, 24), (7, 33), (8, 7), (5, 72), (8, 16), (9, 70), (5, 81), (9, 79), (5, 90), (6, 55), (6, 73), (4, 0), (6, 82), (4, 9), (6, 91), (3, 22), (2, 75), (3, 49), (1, 88), (7, 28), (7, 37), (8, 2), (9, 56), (5, 67), (9, 65), (5, 76), (6, 41), (9, 74), (5, 85), (9, 83), (6, 68), (8, 96), (2, 34), (3, 17), (2, 61), (4, 89), (3, 44), (4, 98), (1, 74), (1, 83), (1, 92), (9, 42), (5, 62), (6, 27), (9, 60), (6, 36), (6, 54), (2, 38), (2, 47), (3, 12), (4, 75), (3, 30), (4, 84), (4, 93), (1, 69), (1, 78), (7, 9), (1, 87), (9, 37), (5, 48), (9, 46), (5, 57), (5, 66), (6, 31), (5, 84), (6, 58), (8, 95), (2, 24), (2, 42), (3, 7), (3, 16), (4, 70), (3, 25), (4, 79), (1, 55), (1, 64), (7, 4), (1, 91), (6, 8), (5, 52), (5, 61), (9, 59), (6, 35), (7, 98), (2, 19), (2, 37), (3, 11), (1, 41), (4, 74), (1, 50), (4, 83), (4, 92), (1, 68), (5, 29), (1, 77), (3, 96), (9, 27), (6, 3), (9, 36), (6, 12), (6, 21), (9, 54), (6, 30), (7, 84), (6, 39), (8, 58), (8, 67), (8, 94), (1, 36), (1, 45), (1, 54), (9, 4), (5, 15), (1, 63), (5, 33), (5, 42), (6, 7), (9, 40), (5, 51), (7, 79), (8, 53), (7, 97), (8, 62), (2, 9), (1, 22), (4, 55), (4, 64), (4, 73), (5, 1), (1, 58), (3, 86), (3, 95), (9, 26), (5, 37), (6, 2), (9, 35), (6, 11), (7, 65), (7, 74), (8, 48), (7, 92), (8, 66), (8, 75), (2, 4), (4, 23), (4, 41), (4, 50), (1, 26), (4, 59), (1, 44), (3, 72), (3, 90), (5, 32), (3, 99), (6, 6), (8, 25), (8, 43), (4, 18), (1, 12), (4, 45), (1, 39), (3, 58), (5, 0), (5, 9), (3, 76), (9, 7), (7, 46), (7, 55), (7, 64), (8, 29), (8, 56), (6, 86), (6, 95), (4, 31), (1, 7), (4, 40), (2, 70), (1, 25), (2, 88), (5, 4), (3, 71), (5, 13), (7, 32), (8, 6), (8, 33), (9, 87), (6, 72), (4, 8), (6, 99), (4, 26), (1, 2), (1, 11), (3, 39), (7, 18), (3, 66), (3, 75), (7, 36), (7, 54), (8, 19), (8, 28), (9, 82), (6, 67), (6, 76), (6, 85), (4, 12), (6, 94), (1, 6), (3, 43), (3, 52), (7, 22), (8, 5), (7, 49), (9, 68), (5, 79), (5, 88), (6, 53), (9, 86), (5, 97), (9, 95), (4, 7), (4, 16), (2, 64), (2, 82), (3, 56)}
Adjusting MOSEK solver parameters
MOSEK time limit set to 180s
Adding objective function for Lan
Initializing variables...
CALLBACK num variables : 774393
Adding ReLU constraints for layer 1
Adding ReLU constraints for layer 2
Adding ReLU constraints for layer 3
Adding ReLU constraints for layer 4
Adding ReLU constraints for layer 5
Adding ReLU constraints for layer 6
Adding ReLU constraints for layer 7
Adding ReLU constraints for layer 8
Adding ReLU constraints for layer 9
Adding quadratic bounds constraint
Adding quadratic bounds constraint for layer 0
Adding quadratic bounds constraint for layer 1
Adding quadratic bounds constraint for layer 2
Adding quadratic bounds constraint for layer 3
Adding quadratic bounds constraint for layer 4
Adding quadratic bounds constraint for layer 5
Adding quadratic bounds constraint for layer 6
Adding quadratic bounds constraint for layer 7
Adding quadratic bounds constraint for layer 8
Adding quadratic bounds constraint for layer 9
Adding RLT constraint (compact)
Indexes pruned for layer 1 : []
Indexes pruned for layer 2 : [0, 2, 4, 6, 7, 9, 10, 11, 12, 13, 14, 18, 19, 22, 24, 25, 26, 32, 36, 38, 39, 41, 42, 44, 45, 47, 50, 51, 54, 55, 56, 57, 58, 61, 63, 64, 65, 68, 69, 70, 74, 75, 76, 77, 78, 80, 83, 85, 87, 88, 89, 91, 92, 95, 99]
Indexes pruned for layer 3 : [4, 7, 9, 11, 19, 24, 31, 32, 34, 37, 38, 42, 44, 47, 50, 53, 54, 59, 61, 62, 64, 68, 70, 75, 77, 80, 81, 82, 85, 86, 88, 95, 99]
Indexes pruned for layer 4 : [0, 5, 6, 7, 9, 11, 12, 14, 15, 16, 17, 22, 25, 27, 28, 30, 32, 37, 39, 42, 43, 44, 49, 50, 52, 54, 56, 58, 59, 60, 63, 65, 66, 70, 71, 72, 74, 75, 76, 84, 86, 88, 90, 93, 95, 96, 99]
Indexes pruned for layer 5 : [0, 1, 2, 5, 6, 7, 8, 9, 11, 12, 15, 16, 18, 20, 23, 24, 26, 29, 30, 31, 34, 38, 39, 40, 41, 43, 44, 45, 47, 49, 50, 52, 55, 57, 58, 59, 61, 64, 67, 68, 70, 73, 74, 75, 79, 80, 81, 83, 84, 87, 89, 91, 92, 93, 95, 98, 99]
Indexes pruned for layer 6 : [0, 1, 2, 3, 4, 6, 9, 11, 13, 15, 17, 21, 22, 25, 26, 27, 29, 31, 32, 33, 35, 36, 37, 39, 40, 41, 42, 45, 46, 48, 50, 51, 52, 54, 57, 58, 59, 61, 62, 65, 66, 67, 68, 72, 74, 76, 77, 78, 79, 81, 82, 83, 84, 85, 86, 87, 88, 90, 91, 92, 95, 96, 97]
Indexes pruned for layer 7 : [2, 3, 4, 6, 7, 8, 11, 12, 14, 18, 21, 23, 27, 28, 30, 31, 34, 35, 36, 38, 39, 41, 42, 47, 48, 53, 54, 55, 57, 58, 60, 61, 66, 67, 68, 70, 72, 73, 74, 75, 76, 78, 79, 82, 83, 84, 85, 86, 91, 92, 93, 94, 95, 96, 97, 98, 99]
Indexes pruned for layer 8 : [2, 3, 4, 6, 9, 11, 17, 18, 20, 22, 24, 26, 28, 29, 32, 33, 35, 36, 37, 43, 46, 49, 54, 55, 56, 57, 62, 63, 64, 65, 66, 72, 74, 75, 76, 77, 79, 84, 85, 90, 92, 95, 96, 97, 98]
Indexes pruned for layer 9 : [0, 2, 5, 6, 7, 9, 13, 16, 17, 19, 25, 27, 28, 29, 31, 32, 33, 36, 40, 43, 44, 45, 48, 49, 51, 53, 55, 56, 58, 59, 62, 63, 64, 65, 66, 67, 68, 70, 74, 75, 78, 79, 82, 83, 84, 88, 93, 94, 95, 96, 98]
CALLBACK : RLT (compact) = 55160 (dont 0 en repli chemin lent)
Adding rec matrices constraint
Number of constraints for the matrix by layers: 392 for 10 layers, [784 100 100 100 100 100 100 100 100 100  10] neurons, boundary layers: [1, 2, 3, 4, 5, 6, 7, 8]
Adding first term equal zero constraint
CALLBACK : Ending constraints. Total number of constraints :  168910
Cuts in _write_presolve_row:  ['RLT', 'triangularization']
Number of constraints before optimization:  168910
Number of variables before optimization:  774393
All possible cuts:  ['RLT', 'triangularization', 'McCormick_beta_z', 'beta_logits_comparaison', 'beta_logits_comparaison_big_M', 'sum_beta_logits_equal_logit']
Cuts added to dic for _write_presolve_row:  {'RLT': True, 'triangularization': True, 'McCormick_beta_z': False, 'beta_logits_comparaison': False, 'beta_logits_comparaison_big_M': False, 'sum_beta_logits_equal_logit': False}
Writing pre-solve row to results.csv with data_index: 6 target: 6
Pre-solve row written to results.csv with data_index: 6 target: 6
Pre-solve row written to results.csv with 168910 constraints and 774393 variables.
INFO     00:42:24     [objective_classic.py:97] Adding Objective to the task
CALLBACK : Number of constraints : 168910
[conic bundle] factor=0.01 x 165480 contraintes dualisables candidates => 1655 reellement dualisees (les 163825 autres relachees mais jamais penalisees)
  [cb_native dynamic calibration] h(0)=5.477862 pool_initial=50/1655
[cb_native dynamic] h(0)=5.477862 > positivity_threshold=1e-06 -- arret immediat (stop_when_positive).
[conic bundle] data_index=6 target=6 optimal_value=5.477862432053445 n_iter=0 (57.65s)
Initializing TargetedSDP...
Creating list of ytargets...
K :  10
self.n :  [784 100 100 100 100 100 100 100 100 100  10]
Getting to compute bounds...
STUDY : use active neurons:  True use inactive neurons:  False
STUDY : Nb Stable neurons :  451
Number of cuts to test: 1
Cuts to test: [['RLT', 'triangularization']]
Initializing MosekClassicHandler

 
 folder name dans handler:  /lustre/fswork/projects/rech/llc/uvq13au/FastSDPCertification/results/benchmark/9x100-0.026/2026_10_02_00h37_33s_battery-targeted-rlt-cert
LAST_LAYER in resolve_layer_groups :  False
K :  10
CHORDAL_DECOMPOSITION  in resolve layer groups:  True
INPUT_IN_VARIABLES in resolve_layer_groups :  True
Taille de la matrice pour le groupe 0 [0, 1] : 829
Taille de la matrice pour le groupe 1 [1, 2] : 112
Taille de la matrice pour le groupe 2 [2, 3] : 120
Taille de la matrice pour le groupe 3 [3, 4] : 96
Taille de la matrice pour le groupe 4 [4, 5] : 80
Taille de la matrice pour le groupe 5 [5, 6] : 80
Taille de la matrice pour le groupe 6 [6, 7] : 98
Taille de la matrice pour le groupe 7 [7, 8] : 104
Taille de la matrice pour le groupe 8 [8, 9] : 106
Neurones stables actives:  set()
Neurones stables inactives:  {(7, 17), (1, 95), (7, 26), (7, 35), (8, 0), (5, 65), (8, 9), (5, 74), (9, 72), (5, 83), (6, 48), (5, 92), (6, 57), (9, 90), (6, 66), (6, 75), (4, 2), (6, 84), (2, 32), (3, 6), (2, 50), (3, 15), (2, 59), (2, 68), (4, 87), (3, 42), (7, 3), (1, 99), (6, 34), (9, 67), (5, 78), (5, 87), (5, 96), (6, 61), (6, 70), (8, 98), (2, 54), (3, 28), (3, 37), (4, 91), (1, 76), (1, 85), (5, 46), (9, 44), (9, 53), (6, 38), (5, 82), (6, 47), (8, 84), (8, 93), (2, 31), (3, 5), (3, 14), (4, 68), (4, 95), (7, 2), (1, 80), (7, 11), (9, 30), (5, 41), (1, 89), (9, 39), (5, 50), (5, 59), (5, 68), (5, 77), (6, 42), (7, 96), (8, 70), (8, 79), (8, 88), (3, 0), (3, 9), (4, 81), (1, 57), (4, 99), (5, 27), (1, 75), (9, 25), (5, 36), (5, 45), (5, 54), (9, 52), (6, 28), (8, 65), (8, 74), (8, 83), (4, 49), (4, 58), (4, 67), (1, 61), (9, 11), (5, 22), (1, 70), (5, 31), (5, 40), (9, 38), (6, 14), (9, 47), (5, 58), (6, 23), (7, 77), (8, 51), (7, 95), (8, 78), (2, 7), (4, 44), (1, 38), (1, 47), (4, 80), (1, 56), (9, 6), (5, 17), (1, 65), (3, 84), (9, 15), (5, 26), (3, 93), (5, 35), (9, 33), (7, 63), (6, 18), (7, 72), (7, 90), (8, 55), (8, 64), (8, 82), (2, 11), (4, 30), (4, 39), (1, 24), (4, 57), (1, 42), (5, 3), (1, 51), (3, 70), (5, 21), (3, 88), (9, 19), (5, 39), (6, 4), (8, 32), (7, 76), (7, 85), (8, 59), (8, 68), (6, 98), (4, 34), (1, 10), (4, 43), (1, 19), (4, 52), (4, 61), (3, 65), (3, 74), (5, 25), (7, 62), (8, 27), (8, 36), (8, 45), (8, 63), (4, 11), (6, 93), (4, 20), (4, 29), (4, 38), (1, 14), (4, 47), (2, 77), (1, 32), (2, 86), (2, 95), (3, 60), (5, 2), (5, 11), (8, 13), (7, 57), (7, 66), (8, 31), (7, 75), (8, 40), (8, 49), (6, 79), (4, 6), (4, 15), (6, 97), (4, 24), (1, 0), (1, 9), (1, 18), (2, 81), (2, 99), (5, 6), (7, 43), (8, 17), (5, 91), (8, 44), (9, 98), (6, 74), (4, 1), (6, 83), (6, 92), (1, 4), (1, 13), (3, 32), (2, 85), (3, 50), (3, 59), (7, 20), (7, 29), (7, 56), (9, 75), (5, 86), (5, 95), (6, 60), (9, 93), (6, 78), (4, 5), (6, 96), (2, 44), (2, 53), (2, 62), (3, 27), (2, 80), (7, 6), (3, 54), (3, 63), (7, 24), (7, 33), (8, 7), (5, 72), (8, 16), (9, 70), (5, 81), (9, 79), (5, 90), (6, 55), (6, 73), (4, 0), (6, 82), (4, 9), (6, 91), (3, 22), (2, 75), (3, 49), (1, 88), (7, 28), (7, 37), (8, 2), (9, 56), (5, 67), (9, 65), (5, 76), (6, 41), (9, 74), (5, 85), (9, 83), (6, 68), (8, 96), (2, 34), (3, 17), (2, 61), (4, 89), (3, 44), (4, 98), (1, 74), (1, 83), (1, 92), (9, 42), (5, 62), (6, 27), (9, 60), (6, 36), (6, 54), (2, 38), (2, 47), (3, 12), (4, 75), (3, 30), (4, 84), (4, 93), (1, 69), (1, 78), (7, 9), (1, 87), (9, 37), (5, 48), (9, 46), (5, 57), (5, 66), (6, 31), (5, 84), (6, 58), (8, 95), (2, 24), (2, 42), (3, 7), (3, 16), (4, 70), (3, 25), (4, 79), (1, 55), (1, 64), (7, 4), (1, 91), (6, 8), (5, 52), (5, 61), (9, 59), (6, 35), (7, 98), (2, 19), (2, 37), (3, 11), (1, 41), (4, 74), (1, 50), (4, 83), (4, 92), (1, 68), (5, 29), (1, 77), (3, 96), (9, 27), (6, 3), (9, 36), (6, 12), (6, 21), (9, 54), (6, 30), (7, 84), (6, 39), (8, 58), (8, 67), (8, 94), (1, 36), (1, 45), (1, 54), (9, 4), (5, 15), (1, 63), (5, 33), (5, 42), (6, 7), (9, 40), (5, 51), (7, 79), (8, 53), (7, 97), (8, 62), (2, 9), (1, 22), (4, 55), (4, 64), (4, 73), (5, 1), (1, 58), (3, 86), (3, 95), (9, 26), (5, 37), (6, 2), (9, 35), (6, 11), (7, 65), (7, 74), (8, 48), (7, 92), (8, 66), (8, 75), (2, 4), (4, 23), (4, 41), (4, 50), (1, 26), (4, 59), (1, 44), (3, 72), (3, 90), (5, 32), (3, 99), (6, 6), (8, 25), (8, 43), (4, 18), (1, 12), (4, 45), (1, 39), (3, 58), (5, 0), (5, 9), (3, 76), (9, 7), (7, 46), (7, 55), (7, 64), (8, 29), (8, 56), (6, 86), (6, 95), (4, 31), (1, 7), (4, 40), (2, 70), (1, 25), (2, 88), (5, 4), (3, 71), (5, 13), (7, 32), (8, 6), (8, 33), (9, 87), (6, 72), (4, 8), (6, 99), (4, 26), (1, 2), (1, 11), (3, 39), (7, 18), (3, 66), (3, 75), (7, 36), (7, 54), (8, 19), (8, 28), (9, 82), (6, 67), (6, 76), (6, 85), (4, 12), (6, 94), (1, 6), (3, 43), (3, 52), (7, 22), (8, 5), (7, 49), (9, 68), (5, 79), (5, 88), (6, 53), (9, 86), (5, 97), (9, 95), (4, 7), (4, 16), (2, 64), (2, 82), (3, 56)}
Adjusting MOSEK solver parameters
MOSEK time limit set to 180s
Adding objective function for Lan
Initializing variables...
CALLBACK num variables : 774393
Adding ReLU constraints for layer 1
Adding ReLU constraints for layer 2
Adding ReLU constraints for layer 3
Adding ReLU constraints for layer 4
Adding ReLU constraints for layer 5
Adding ReLU constraints for layer 6
Adding ReLU constraints for layer 7
Adding ReLU constraints for layer 8
Adding ReLU constraints for layer 9
Adding quadratic bounds constraint
Adding quadratic bounds constraint for layer 0
Adding quadratic bounds constraint for layer 1
Adding quadratic bounds constraint for layer 2
Adding quadratic bounds constraint for layer 3
Adding quadratic bounds constraint for layer 4
Adding quadratic bounds constraint for layer 5
Adding quadratic bounds constraint for layer 6
Adding quadratic bounds constraint for layer 7
Adding quadratic bounds constraint for layer 8
Adding quadratic bounds constraint for layer 9
Adding RLT constraint (compact)
Indexes pruned for layer 1 : []
Indexes pruned for layer 2 : [0, 2, 4, 6, 7, 9, 10, 11, 12, 13, 14, 18, 19, 22, 24, 25, 26, 32, 36, 38, 39, 41, 42, 44, 45, 47, 50, 51, 54, 55, 56, 57, 58, 61, 63, 64, 65, 68, 69, 70, 74, 75, 76, 77, 78, 80, 83, 85, 87, 88, 89, 91, 92, 95, 99]
Indexes pruned for layer 3 : [4, 7, 9, 11, 19, 24, 31, 32, 34, 37, 38, 42, 44, 47, 50, 53, 54, 59, 61, 62, 64, 68, 70, 75, 77, 80, 81, 82, 85, 86, 88, 95, 99]
Indexes pruned for layer 4 : [0, 5, 6, 7, 9, 11, 12, 14, 15, 16, 17, 22, 25, 27, 28, 30, 32, 37, 39, 42, 43, 44, 49, 50, 52, 54, 56, 58, 59, 60, 63, 65, 66, 70, 71, 72, 74, 75, 76, 84, 86, 88, 90, 93, 95, 96, 99]
Indexes pruned for layer 5 : [0, 1, 2, 5, 6, 7, 8, 9, 11, 12, 15, 16, 18, 20, 23, 24, 26, 29, 30, 31, 34, 38, 39, 40, 41, 43, 44, 45, 47, 49, 50, 52, 55, 57, 58, 59, 61, 64, 67, 68, 70, 73, 74, 75, 79, 80, 81, 83, 84, 87, 89, 91, 92, 93, 95, 98, 99]
Indexes pruned for layer 6 : [0, 1, 2, 3, 4, 6, 9, 11, 13, 15, 17, 21, 22, 25, 26, 27, 29, 31, 32, 33, 35, 36, 37, 39, 40, 41, 42, 45, 46, 48, 50, 51, 52, 54, 57, 58, 59, 61, 62, 65, 66, 67, 68, 72, 74, 76, 77, 78, 79, 81, 82, 83, 84, 85, 86, 87, 88, 90, 91, 92, 95, 96, 97]
Indexes pruned for layer 7 : [2, 3, 4, 6, 7, 8, 11, 12, 14, 18, 21, 23, 27, 28, 30, 31, 34, 35, 36, 38, 39, 41, 42, 47, 48, 53, 54, 55, 57, 58, 60, 61, 66, 67, 68, 70, 72, 73, 74, 75, 76, 78, 79, 82, 83, 84, 85, 86, 91, 92, 93, 94, 95, 96, 97, 98, 99]
Indexes pruned for layer 8 : [2, 3, 4, 6, 9, 11, 17, 18, 20, 22, 24, 26, 28, 29, 32, 33, 35, 36, 37, 43, 46, 49, 54, 55, 56, 57, 62, 63, 64, 65, 66, 72, 74, 75, 76, 77, 79, 84, 85, 90, 92, 95, 96, 97, 98]
Indexes pruned for layer 9 : [0, 2, 5, 6, 7, 9, 13, 16, 17, 19, 25, 27, 28, 29, 31, 32, 33, 36, 40, 43, 44, 45, 48, 49, 51, 53, 55, 56, 58, 59, 62, 63, 64, 65, 66, 67, 68, 70, 74, 75, 78, 79, 82, 83, 84, 88, 93, 94, 95, 96, 98]
CALLBACK : RLT (compact) = 55160 (dont 0 en repli chemin lent)
Adding rec matrices constraint
Number of constraints for the matrix by layers: 392 for 10 layers, [784 100 100 100 100 100 100 100 100 100  10] neurons, boundary layers: [1, 2, 3, 4, 5, 6, 7, 8]
Adding first term equal zero constraint
CALLBACK : Ending constraints. Total number of constraints :  168910
Cuts in _write_presolve_row:  ['RLT', 'triangularization']
Number of constraints before optimization:  168910
Number of variables before optimization:  774393
All possible cuts:  ['RLT', 'triangularization', 'McCormick_beta_z', 'beta_logits_comparaison', 'beta_logits_comparaison_big_M', 'sum_beta_logits_equal_logit']
Cuts added to dic for _write_presolve_row:  {'RLT': True, 'triangularization': True, 'McCormick_beta_z': False, 'beta_logits_comparaison': False, 'beta_logits_comparaison_big_M': False, 'sum_beta_logits_equal_logit': False}
Writing pre-solve row to results.csv with data_index: 6 target: 7
Pre-solve row written to results.csv with data_index: 6 target: 7
Pre-solve row written to results.csv with 168910 constraints and 774393 variables.
INFO     00:43:23     [objective_classic.py:97] Adding Objective to the task
CALLBACK : Number of constraints : 168910
[conic bundle] factor=0.01 x 165480 contraintes dualisables candidates => 1655 reellement dualisees (les 163825 autres relachees mais jamais penalisees)
  [cb_native dynamic calibration] h(0)=7.265990 pool_initial=50/1655
[cb_native dynamic] h(0)=7.265990 > positivity_threshold=1e-06 -- arret immediat (stop_when_positive).
[conic bundle] data_index=6 target=7 optimal_value=7.265990411570939 n_iter=0 (78.02s)
Initializing TargetedSDP...
Creating list of ytargets...
K :  10
self.n :  [784 100 100 100 100 100 100 100 100 100  10]
Getting to compute bounds...
STUDY : use active neurons:  True use inactive neurons:  False
STUDY : Nb Stable neurons :  451
Number of cuts to test: 1
Cuts to test: [['RLT', 'triangularization']]
Initializing MosekClassicHandler

 
 folder name dans handler:  /lustre/fswork/projects/rech/llc/uvq13au/FastSDPCertification/results/benchmark/9x100-0.026/2026_10_02_00h37_33s_battery-targeted-rlt-cert
LAST_LAYER in resolve_layer_groups :  False
K :  10
CHORDAL_DECOMPOSITION  in resolve layer groups:  True
INPUT_IN_VARIABLES in resolve_layer_groups :  True
Taille de la matrice pour le groupe 0 [0, 1] : 829
Taille de la matrice pour le groupe 1 [1, 2] : 112
Taille de la matrice pour le groupe 2 [2, 3] : 120
Taille de la matrice pour le groupe 3 [3, 4] : 96
Taille de la matrice pour le groupe 4 [4, 5] : 80
Taille de la matrice pour le groupe 5 [5, 6] : 80
Taille de la matrice pour le groupe 6 [6, 7] : 98
Taille de la matrice pour le groupe 7 [7, 8] : 104
Taille de la matrice pour le groupe 8 [8, 9] : 106
Neurones stables actives:  set()
Neurones stables inactives:  {(7, 17), (1, 95), (7, 26), (7, 35), (8, 0), (5, 65), (8, 9), (5, 74), (9, 72), (5, 83), (6, 48), (5, 92), (6, 57), (9, 90), (6, 66), (6, 75), (4, 2), (6, 84), (2, 32), (3, 6), (2, 50), (3, 15), (2, 59), (2, 68), (4, 87), (3, 42), (7, 3), (1, 99), (6, 34), (9, 67), (5, 78), (5, 87), (5, 96), (6, 61), (6, 70), (8, 98), (2, 54), (3, 28), (3, 37), (4, 91), (1, 76), (1, 85), (5, 46), (9, 44), (9, 53), (6, 38), (5, 82), (6, 47), (8, 84), (8, 93), (2, 31), (3, 5), (3, 14), (4, 68), (4, 95), (7, 2), (1, 80), (7, 11), (9, 30), (5, 41), (1, 89), (9, 39), (5, 50), (5, 59), (5, 68), (5, 77), (6, 42), (7, 96), (8, 70), (8, 79), (8, 88), (3, 0), (3, 9), (4, 81), (1, 57), (4, 99), (5, 27), (1, 75), (9, 25), (5, 36), (5, 45), (5, 54), (9, 52), (6, 28), (8, 65), (8, 74), (8, 83), (4, 49), (4, 58), (4, 67), (1, 61), (9, 11), (5, 22), (1, 70), (5, 31), (5, 40), (9, 38), (6, 14), (9, 47), (5, 58), (6, 23), (7, 77), (8, 51), (7, 95), (8, 78), (2, 7), (4, 44), (1, 38), (1, 47), (4, 80), (1, 56), (9, 6), (5, 17), (1, 65), (3, 84), (9, 15), (5, 26), (3, 93), (5, 35), (9, 33), (7, 63), (6, 18), (7, 72), (7, 90), (8, 55), (8, 64), (8, 82), (2, 11), (4, 30), (4, 39), (1, 24), (4, 57), (1, 42), (5, 3), (1, 51), (3, 70), (5, 21), (3, 88), (9, 19), (5, 39), (6, 4), (8, 32), (7, 76), (7, 85), (8, 59), (8, 68), (6, 98), (4, 34), (1, 10), (4, 43), (1, 19), (4, 52), (4, 61), (3, 65), (3, 74), (5, 25), (7, 62), (8, 27), (8, 36), (8, 45), (8, 63), (4, 11), (6, 93), (4, 20), (4, 29), (4, 38), (1, 14), (4, 47), (2, 77), (1, 32), (2, 86), (2, 95), (3, 60), (5, 2), (5, 11), (8, 13), (7, 57), (7, 66), (8, 31), (7, 75), (8, 40), (8, 49), (6, 79), (4, 6), (4, 15), (6, 97), (4, 24), (1, 0), (1, 9), (1, 18), (2, 81), (2, 99), (5, 6), (7, 43), (8, 17), (5, 91), (8, 44), (9, 98), (6, 74), (4, 1), (6, 83), (6, 92), (1, 4), (1, 13), (3, 32), (2, 85), (3, 50), (3, 59), (7, 20), (7, 29), (7, 56), (9, 75), (5, 86), (5, 95), (6, 60), (9, 93), (6, 78), (4, 5), (6, 96), (2, 44), (2, 53), (2, 62), (3, 27), (2, 80), (7, 6), (3, 54), (3, 63), (7, 24), (7, 33), (8, 7), (5, 72), (8, 16), (9, 70), (5, 81), (9, 79), (5, 90), (6, 55), (6, 73), (4, 0), (6, 82), (4, 9), (6, 91), (3, 22), (2, 75), (3, 49), (1, 88), (7, 28), (7, 37), (8, 2), (9, 56), (5, 67), (9, 65), (5, 76), (6, 41), (9, 74), (5, 85), (9, 83), (6, 68), (8, 96), (2, 34), (3, 17), (2, 61), (4, 89), (3, 44), (4, 98), (1, 74), (1, 83), (1, 92), (9, 42), (5, 62), (6, 27), (9, 60), (6, 36), (6, 54), (2, 38), (2, 47), (3, 12), (4, 75), (3, 30), (4, 84), (4, 93), (1, 69), (1, 78), (7, 9), (1, 87), (9, 37), (5, 48), (9, 46), (5, 57), (5, 66), (6, 31), (5, 84), (6, 58), (8, 95), (2, 24), (2, 42), (3, 7), (3, 16), (4, 70), (3, 25), (4, 79), (1, 55), (1, 64), (7, 4), (1, 91), (6, 8), (5, 52), (5, 61), (9, 59), (6, 35), (7, 98), (2, 19), (2, 37), (3, 11), (1, 41), (4, 74), (1, 50), (4, 83), (4, 92), (1, 68), (5, 29), (1, 77), (3, 96), (9, 27), (6, 3), (9, 36), (6, 12), (6, 21), (9, 54), (6, 30), (7, 84), (6, 39), (8, 58), (8, 67), (8, 94), (1, 36), (1, 45), (1, 54), (9, 4), (5, 15), (1, 63), (5, 33), (5, 42), (6, 7), (9, 40), (5, 51), (7, 79), (8, 53), (7, 97), (8, 62), (2, 9), (1, 22), (4, 55), (4, 64), (4, 73), (5, 1), (1, 58), (3, 86), (3, 95), (9, 26), (5, 37), (6, 2), (9, 35), (6, 11), (7, 65), (7, 74), (8, 48), (7, 92), (8, 66), (8, 75), (2, 4), (4, 23), (4, 41), (4, 50), (1, 26), (4, 59), (1, 44), (3, 72), (3, 90), (5, 32), (3, 99), (6, 6), (8, 25), (8, 43), (4, 18), (1, 12), (4, 45), (1, 39), (3, 58), (5, 0), (5, 9), (3, 76), (9, 7), (7, 46), (7, 55), (7, 64), (8, 29), (8, 56), (6, 86), (6, 95), (4, 31), (1, 7), (4, 40), (2, 70), (1, 25), (2, 88), (5, 4), (3, 71), (5, 13), (7, 32), (8, 6), (8, 33), (9, 87), (6, 72), (4, 8), (6, 99), (4, 26), (1, 2), (1, 11), (3, 39), (7, 18), (3, 66), (3, 75), (7, 36), (7, 54), (8, 19), (8, 28), (9, 82), (6, 67), (6, 76), (6, 85), (4, 12), (6, 94), (1, 6), (3, 43), (3, 52), (7, 22), (8, 5), (7, 49), (9, 68), (5, 79), (5, 88), (6, 53), (9, 86), (5, 97), (9, 95), (4, 7), (4, 16), (2, 64), (2, 82), (3, 56)}
Adjusting MOSEK solver parameters
MOSEK time limit set to 180s
Adding objective function for Lan
Initializing variables...
CALLBACK num variables : 774393
Adding ReLU constraints for layer 1
Adding ReLU constraints for layer 2
Adding ReLU constraints for layer 3
Adding ReLU constraints for layer 4
Adding ReLU constraints for layer 5
Adding ReLU constraints for layer 6
Adding ReLU constraints for layer 7
Adding ReLU constraints for layer 8
Adding ReLU constraints for layer 9
Adding quadratic bounds constraint
Adding quadratic bounds constraint for layer 0
Adding quadratic bounds constraint for layer 1
Adding quadratic bounds constraint for layer 2
Adding quadratic bounds constraint for layer 3
Adding quadratic bounds constraint for layer 4
Adding quadratic bounds constraint for layer 5
Adding quadratic bounds constraint for layer 6
Adding quadratic bounds constraint for layer 7
Adding quadratic bounds constraint for layer 8
Adding quadratic bounds constraint for layer 9
Adding RLT constraint (compact)
Indexes pruned for layer 1 : []
Indexes pruned for layer 2 : [0, 2, 4, 6, 7, 9, 10, 11, 12, 13, 14, 18, 19, 22, 24, 25, 26, 32, 36, 38, 39, 41, 42, 44, 45, 47, 50, 51, 54, 55, 56, 57, 58, 61, 63, 64, 65, 68, 69, 70, 74, 75, 76, 77, 78, 80, 83, 85, 87, 88, 89, 91, 92, 95, 99]
Indexes pruned for layer 3 : [4, 7, 9, 11, 19, 24, 31, 32, 34, 37, 38, 42, 44, 47, 50, 53, 54, 59, 61, 62, 64, 68, 70, 75, 77, 80, 81, 82, 85, 86, 88, 95, 99]
Indexes pruned for layer 4 : [0, 5, 6, 7, 9, 11, 12, 14, 15, 16, 17, 22, 25, 27, 28, 30, 32, 37, 39, 42, 43, 44, 49, 50, 52, 54, 56, 58, 59, 60, 63, 65, 66, 70, 71, 72, 74, 75, 76, 84, 86, 88, 90, 93, 95, 96, 99]
Indexes pruned for layer 5 : [0, 1, 2, 5, 6, 7, 8, 9, 11, 12, 15, 16, 18, 20, 23, 24, 26, 29, 30, 31, 34, 38, 39, 40, 41, 43, 44, 45, 47, 49, 50, 52, 55, 57, 58, 59, 61, 64, 67, 68, 70, 73, 74, 75, 79, 80, 81, 83, 84, 87, 89, 91, 92, 93, 95, 98, 99]
Indexes pruned for layer 6 : [0, 1, 2, 3, 4, 6, 9, 11, 13, 15, 17, 21, 22, 25, 26, 27, 29, 31, 32, 33, 35, 36, 37, 39, 40, 41, 42, 45, 46, 48, 50, 51, 52, 54, 57, 58, 59, 61, 62, 65, 66, 67, 68, 72, 74, 76, 77, 78, 79, 81, 82, 83, 84, 85, 86, 87, 88, 90, 91, 92, 95, 96, 97]
Indexes pruned for layer 7 : [2, 3, 4, 6, 7, 8, 11, 12, 14, 18, 21, 23, 27, 28, 30, 31, 34, 35, 36, 38, 39, 41, 42, 47, 48, 53, 54, 55, 57, 58, 60, 61, 66, 67, 68, 70, 72, 73, 74, 75, 76, 78, 79, 82, 83, 84, 85, 86, 91, 92, 93, 94, 95, 96, 97, 98, 99]
Indexes pruned for layer 8 : [2, 3, 4, 6, 9, 11, 17, 18, 20, 22, 24, 26, 28, 29, 32, 33, 35, 36, 37, 43, 46, 49, 54, 55, 56, 57, 62, 63, 64, 65, 66, 72, 74, 75, 76, 77, 79, 84, 85, 90, 92, 95, 96, 97, 98]
Indexes pruned for layer 9 : [0, 2, 5, 6, 7, 9, 13, 16, 17, 19, 25, 27, 28, 29, 31, 32, 33, 36, 40, 43, 44, 45, 48, 49, 51, 53, 55, 56, 58, 59, 62, 63, 64, 65, 66, 67, 68, 70, 74, 75, 78, 79, 82, 83, 84, 88, 93, 94, 95, 96, 98]
CALLBACK : RLT (compact) = 55160 (dont 0 en repli chemin lent)
Adding rec matrices constraint
Number of constraints for the matrix by layers: 392 for 10 layers, [784 100 100 100 100 100 100 100 100 100  10] neurons, boundary layers: [1, 2, 3, 4, 5, 6, 7, 8]
Adding first term equal zero constraint
CALLBACK : Ending constraints. Total number of constraints :  168910
Cuts in _write_presolve_row:  ['RLT', 'triangularization']
Number of constraints before optimization:  168910
Number of variables before optimization:  774393
All possible cuts:  ['RLT', 'triangularization', 'McCormick_beta_z', 'beta_logits_comparaison', 'beta_logits_comparaison_big_M', 'sum_beta_logits_equal_logit']
Cuts added to dic for _write_presolve_row:  {'RLT': True, 'triangularization': True, 'McCormick_beta_z': False, 'beta_logits_comparaison': False, 'beta_logits_comparaison_big_M': False, 'sum_beta_logits_equal_logit': False}
Writing pre-solve row to results.csv with data_index: 6 target: 8
Pre-solve row written to results.csv with data_index: 6 target: 8
Pre-solve row written to results.csv with 168910 constraints and 774393 variables.
INFO     00:44:44     [objective_classic.py:97] Adding Objective to the task
CALLBACK : Number of constraints : 168910
[conic bundle] factor=0.01 x 165480 contraintes dualisables candidates => 1655 reellement dualisees (les 163825 autres relachees mais jamais penalisees)
  [cb_native dynamic calibration] h(0)=0.290503 pool_initial=50/1655
[cb_native dynamic] h(0)=0.290503 > positivity_threshold=1e-06 -- arret immediat (stop_when_positive).
[conic bundle] data_index=6 target=8 optimal_value=0.29050325407096356 n_iter=0 (44.29s)
Initializing TargetedSDP...
Creating list of ytargets...
K :  10
self.n :  [784 100 100 100 100 100 100 100 100 100  10]
Getting to compute bounds...
STUDY : use active neurons:  True use inactive neurons:  False
STUDY : Nb Stable neurons :  451
Number of cuts to test: 1
Cuts to test: [['RLT', 'triangularization']]
Initializing MosekClassicHandler

 
 folder name dans handler:  /lustre/fswork/projects/rech/llc/uvq13au/FastSDPCertification/results/benchmark/9x100-0.026/2026_10_02_00h37_33s_battery-targeted-rlt-cert
LAST_LAYER in resolve_layer_groups :  False
K :  10
CHORDAL_DECOMPOSITION  in resolve layer groups:  True
INPUT_IN_VARIABLES in resolve_layer_groups :  True
Taille de la matrice pour le groupe 0 [0, 1] : 829
Taille de la matrice pour le groupe 1 [1, 2] : 112
Taille de la matrice pour le groupe 2 [2, 3] : 120
Taille de la matrice pour le groupe 3 [3, 4] : 96
Taille de la matrice pour le groupe 4 [4, 5] : 80
Taille de la matrice pour le groupe 5 [5, 6] : 80
Taille de la matrice pour le groupe 6 [6, 7] : 98
Taille de la matrice pour le groupe 7 [7, 8] : 104
Taille de la matrice pour le groupe 8 [8, 9] : 106
Neurones stables actives:  set()
Neurones stables inactives:  {(7, 17), (1, 95), (7, 26), (7, 35), (8, 0), (5, 65), (8, 9), (5, 74), (9, 72), (5, 83), (6, 48), (5, 92), (6, 57), (9, 90), (6, 66), (6, 75), (4, 2), (6, 84), (2, 32), (3, 6), (2, 50), (3, 15), (2, 59), (2, 68), (4, 87), (3, 42), (7, 3), (1, 99), (6, 34), (9, 67), (5, 78), (5, 87), (5, 96), (6, 61), (6, 70), (8, 98), (2, 54), (3, 28), (3, 37), (4, 91), (1, 76), (1, 85), (5, 46), (9, 44), (9, 53), (6, 38), (5, 82), (6, 47), (8, 84), (8, 93), (2, 31), (3, 5), (3, 14), (4, 68), (4, 95), (7, 2), (1, 80), (7, 11), (9, 30), (5, 41), (1, 89), (9, 39), (5, 50), (5, 59), (5, 68), (5, 77), (6, 42), (7, 96), (8, 70), (8, 79), (8, 88), (3, 0), (3, 9), (4, 81), (1, 57), (4, 99), (5, 27), (1, 75), (9, 25), (5, 36), (5, 45), (5, 54), (9, 52), (6, 28), (8, 65), (8, 74), (8, 83), (4, 49), (4, 58), (4, 67), (1, 61), (9, 11), (5, 22), (1, 70), (5, 31), (5, 40), (9, 38), (6, 14), (9, 47), (5, 58), (6, 23), (7, 77), (8, 51), (7, 95), (8, 78), (2, 7), (4, 44), (1, 38), (1, 47), (4, 80), (1, 56), (9, 6), (5, 17), (1, 65), (3, 84), (9, 15), (5, 26), (3, 93), (5, 35), (9, 33), (7, 63), (6, 18), (7, 72), (7, 90), (8, 55), (8, 64), (8, 82), (2, 11), (4, 30), (4, 39), (1, 24), (4, 57), (1, 42), (5, 3), (1, 51), (3, 70), (5, 21), (3, 88), (9, 19), (5, 39), (6, 4), (8, 32), (7, 76), (7, 85), (8, 59), (8, 68), (6, 98), (4, 34), (1, 10), (4, 43), (1, 19), (4, 52), (4, 61), (3, 65), (3, 74), (5, 25), (7, 62), (8, 27), (8, 36), (8, 45), (8, 63), (4, 11), (6, 93), (4, 20), (4, 29), (4, 38), (1, 14), (4, 47), (2, 77), (1, 32), (2, 86), (2, 95), (3, 60), (5, 2), (5, 11), (8, 13), (7, 57), (7, 66), (8, 31), (7, 75), (8, 40), (8, 49), (6, 79), (4, 6), (4, 15), (6, 97), (4, 24), (1, 0), (1, 9), (1, 18), (2, 81), (2, 99), (5, 6), (7, 43), (8, 17), (5, 91), (8, 44), (9, 98), (6, 74), (4, 1), (6, 83), (6, 92), (1, 4), (1, 13), (3, 32), (2, 85), (3, 50), (3, 59), (7, 20), (7, 29), (7, 56), (9, 75), (5, 86), (5, 95), (6, 60), (9, 93), (6, 78), (4, 5), (6, 96), (2, 44), (2, 53), (2, 62), (3, 27), (2, 80), (7, 6), (3, 54), (3, 63), (7, 24), (7, 33), (8, 7), (5, 72), (8, 16), (9, 70), (5, 81), (9, 79), (5, 90), (6, 55), (6, 73), (4, 0), (6, 82), (4, 9), (6, 91), (3, 22), (2, 75), (3, 49), (1, 88), (7, 28), (7, 37), (8, 2), (9, 56), (5, 67), (9, 65), (5, 76), (6, 41), (9, 74), (5, 85), (9, 83), (6, 68), (8, 96), (2, 34), (3, 17), (2, 61), (4, 89), (3, 44), (4, 98), (1, 74), (1, 83), (1, 92), (9, 42), (5, 62), (6, 27), (9, 60), (6, 36), (6, 54), (2, 38), (2, 47), (3, 12), (4, 75), (3, 30), (4, 84), (4, 93), (1, 69), (1, 78), (7, 9), (1, 87), (9, 37), (5, 48), (9, 46), (5, 57), (5, 66), (6, 31), (5, 84), (6, 58), (8, 95), (2, 24), (2, 42), (3, 7), (3, 16), (4, 70), (3, 25), (4, 79), (1, 55), (1, 64), (7, 4), (1, 91), (6, 8), (5, 52), (5, 61), (9, 59), (6, 35), (7, 98), (2, 19), (2, 37), (3, 11), (1, 41), (4, 74), (1, 50), (4, 83), (4, 92), (1, 68), (5, 29), (1, 77), (3, 96), (9, 27), (6, 3), (9, 36), (6, 12), (6, 21), (9, 54), (6, 30), (7, 84), (6, 39), (8, 58), (8, 67), (8, 94), (1, 36), (1, 45), (1, 54), (9, 4), (5, 15), (1, 63), (5, 33), (5, 42), (6, 7), (9, 40), (5, 51), (7, 79), (8, 53), (7, 97), (8, 62), (2, 9), (1, 22), (4, 55), (4, 64), (4, 73), (5, 1), (1, 58), (3, 86), (3, 95), (9, 26), (5, 37), (6, 2), (9, 35), (6, 11), (7, 65), (7, 74), (8, 48), (7, 92), (8, 66), (8, 75), (2, 4), (4, 23), (4, 41), (4, 50), (1, 26), (4, 59), (1, 44), (3, 72), (3, 90), (5, 32), (3, 99), (6, 6), (8, 25), (8, 43), (4, 18), (1, 12), (4, 45), (1, 39), (3, 58), (5, 0), (5, 9), (3, 76), (9, 7), (7, 46), (7, 55), (7, 64), (8, 29), (8, 56), (6, 86), (6, 95), (4, 31), (1, 7), (4, 40), (2, 70), (1, 25), (2, 88), (5, 4), (3, 71), (5, 13), (7, 32), (8, 6), (8, 33), (9, 87), (6, 72), (4, 8), (6, 99), (4, 26), (1, 2), (1, 11), (3, 39), (7, 18), (3, 66), (3, 75), (7, 36), (7, 54), (8, 19), (8, 28), (9, 82), (6, 67), (6, 76), (6, 85), (4, 12), (6, 94), (1, 6), (3, 43), (3, 52), (7, 22), (8, 5), (7, 49), (9, 68), (5, 79), (5, 88), (6, 53), (9, 86), (5, 97), (9, 95), (4, 7), (4, 16), (2, 64), (2, 82), (3, 56)}
Adjusting MOSEK solver parameters
MOSEK time limit set to 180s
Adding objective function for Lan
Initializing variables...
CALLBACK num variables : 774393
Adding ReLU constraints for layer 1
Adding ReLU constraints for layer 2
Adding ReLU constraints for layer 3
Adding ReLU constraints for layer 4
Adding ReLU constraints for layer 5
Adding ReLU constraints for layer 6
Adding ReLU constraints for layer 7
Adding ReLU constraints for layer 8
Adding ReLU constraints for layer 9
Adding quadratic bounds constraint
Adding quadratic bounds constraint for layer 0
Adding quadratic bounds constraint for layer 1
Adding quadratic bounds constraint for layer 2
Adding quadratic bounds constraint for layer 3
Adding quadratic bounds constraint for layer 4
Adding quadratic bounds constraint for layer 5
Adding quadratic bounds constraint for layer 6
Adding quadratic bounds constraint for layer 7
Adding quadratic bounds constraint for layer 8
Adding quadratic bounds constraint for layer 9
Adding RLT constraint (compact)
Indexes pruned for layer 1 : []
Indexes pruned for layer 2 : [0, 2, 4, 6, 7, 9, 10, 11, 12, 13, 14, 18, 19, 22, 24, 25, 26, 32, 36, 38, 39, 41, 42, 44, 45, 47, 50, 51, 54, 55, 56, 57, 58, 61, 63, 64, 65, 68, 69, 70, 74, 75, 76, 77, 78, 80, 83, 85, 87, 88, 89, 91, 92, 95, 99]
Indexes pruned for layer 3 : [4, 7, 9, 11, 19, 24, 31, 32, 34, 37, 38, 42, 44, 47, 50, 53, 54, 59, 61, 62, 64, 68, 70, 75, 77, 80, 81, 82, 85, 86, 88, 95, 99]
Indexes pruned for layer 4 : [0, 5, 6, 7, 9, 11, 12, 14, 15, 16, 17, 22, 25, 27, 28, 30, 32, 37, 39, 42, 43, 44, 49, 50, 52, 54, 56, 58, 59, 60, 63, 65, 66, 70, 71, 72, 74, 75, 76, 84, 86, 88, 90, 93, 95, 96, 99]
Indexes pruned for layer 5 : [0, 1, 2, 5, 6, 7, 8, 9, 11, 12, 15, 16, 18, 20, 23, 24, 26, 29, 30, 31, 34, 38, 39, 40, 41, 43, 44, 45, 47, 49, 50, 52, 55, 57, 58, 59, 61, 64, 67, 68, 70, 73, 74, 75, 79, 80, 81, 83, 84, 87, 89, 91, 92, 93, 95, 98, 99]
Indexes pruned for layer 6 : [0, 1, 2, 3, 4, 6, 9, 11, 13, 15, 17, 21, 22, 25, 26, 27, 29, 31, 32, 33, 35, 36, 37, 39, 40, 41, 42, 45, 46, 48, 50, 51, 52, 54, 57, 58, 59, 61, 62, 65, 66, 67, 68, 72, 74, 76, 77, 78, 79, 81, 82, 83, 84, 85, 86, 87, 88, 90, 91, 92, 95, 96, 97]
Indexes pruned for layer 7 : [2, 3, 4, 6, 7, 8, 11, 12, 14, 18, 21, 23, 27, 28, 30, 31, 34, 35, 36, 38, 39, 41, 42, 47, 48, 53, 54, 55, 57, 58, 60, 61, 66, 67, 68, 70, 72, 73, 74, 75, 76, 78, 79, 82, 83, 84, 85, 86, 91, 92, 93, 94, 95, 96, 97, 98, 99]
Indexes pruned for layer 8 : [2, 3, 4, 6, 9, 11, 17, 18, 20, 22, 24, 26, 28, 29, 32, 33, 35, 36, 37, 43, 46, 49, 54, 55, 56, 57, 62, 63, 64, 65, 66, 72, 74, 75, 76, 77, 79, 84, 85, 90, 92, 95, 96, 97, 98]
Indexes pruned for layer 9 : [0, 2, 5, 6, 7, 9, 13, 16, 17, 19, 25, 27, 28, 29, 31, 32, 33, 36, 40, 43, 44, 45, 48, 49, 51, 53, 55, 56, 58, 59, 62, 63, 64, 65, 66, 67, 68, 70, 74, 75, 78, 79, 82, 83, 84, 88, 93, 94, 95, 96, 98]
CALLBACK : RLT (compact) = 55160 (dont 0 en repli chemin lent)
Adding rec matrices constraint
Number of constraints for the matrix by layers: 392 for 10 layers, [784 100 100 100 100 100 100 100 100 100  10] neurons, boundary layers: [1, 2, 3, 4, 5, 6, 7, 8]
Adding first term equal zero constraint
CALLBACK : Ending constraints. Total number of constraints :  168910
Cuts in _write_presolve_row:  ['RLT', 'triangularization']
Number of constraints before optimization:  168910
Number of variables before optimization:  774393
All possible cuts:  ['RLT', 'triangularization', 'McCormick_beta_z', 'beta_logits_comparaison', 'beta_logits_comparaison_big_M', 'sum_beta_logits_equal_logit']
Cuts added to dic for _write_presolve_row:  {'RLT': True, 'triangularization': True, 'McCormick_beta_z': False, 'beta_logits_comparaison': False, 'beta_logits_comparaison_big_M': False, 'sum_beta_logits_equal_logit': False}
Writing pre-solve row to results.csv with data_index: 6 target: 9
Pre-solve row written to results.csv with data_index: 6 target: 9
Pre-solve row written to results.csv with 168910 constraints and 774393 variables.
INFO     00:45:31     [objective_classic.py:97] Adding Objective to the task
CALLBACK : Number of constraints : 168910
[conic bundle] factor=0.01 x 165480 contraintes dualisables candidates => 1655 reellement dualisees (les 163825 autres relachees mais jamais penalisees)
  [cb_native dynamic calibration] h(0)=4.426374 pool_initial=44/1655
[cb_native dynamic] h(0)=4.426374 > positivity_threshold=1e-06 -- arret immediat (stop_when_positive).
[conic bundle] data_index=6 target=9 optimal_value=4.426373994360903 n_iter=0 (41.88s)
Initializing TargetedSDP...
Creating list of ytargets...
K :  10
self.n :  [784 100 100 100 100 100 100 100 100 100  10]
Getting to compute bounds...
STUDY : use active neurons:  True use inactive neurons:  False
STUDY : Nb Stable neurons :  460
Number of cuts to test: 1
Cuts to test: [['RLT', 'triangularization']]
Initializing MosekClassicHandler

 
 folder name dans handler:  /lustre/fswork/projects/rech/llc/uvq13au/FastSDPCertification/results/benchmark/9x100-0.026/2026_10_02_00h37_33s_battery-targeted-rlt-cert
LAST_LAYER in resolve_layer_groups :  False
K :  10
CHORDAL_DECOMPOSITION  in resolve layer groups:  True
INPUT_IN_VARIABLES in resolve_layer_groups :  True
Taille de la matrice pour le groupe 0 [0, 1] : 819
Taille de la matrice pour le groupe 1 [1, 2] : 104
Taille de la matrice pour le groupe 2 [2, 3] : 121
Taille de la matrice pour le groupe 3 [3, 4] : 94
Taille de la matrice pour le groupe 4 [4, 5] : 81
Taille de la matrice pour le groupe 5 [5, 6] : 81
Taille de la matrice pour le groupe 6 [6, 7] : 96
Taille de la matrice pour le groupe 7 [7, 8] : 102
Taille de la matrice pour le groupe 8 [8, 9] : 107
Neurones stables actives:  set()
Neurones stables inactives:  {(7, 17), (1, 95), (7, 26), (8, 0), (8, 9), (5, 74), (8, 18), (9, 72), (5, 83), (6, 48), (5, 92), (6, 57), (9, 90), (6, 66), (6, 75), (4, 2), (6, 84), (2, 32), (3, 6), (4, 87), (3, 42), (7, 3), (1, 90), (1, 99), (7, 30), (5, 69), (6, 34), (9, 67), (5, 87), (5, 96), (8, 98), (2, 54), (3, 28), (4, 82), (3, 37), (4, 91), (1, 76), (1, 85), (5, 46), (9, 44), (9, 53), (5, 73), (6, 38), (6, 47), (8, 84), (2, 13), (8, 93), (2, 31), (3, 5), (3, 14), (4, 68), (3, 23), (1, 62), (1, 71), (7, 2), (1, 80), (5, 41), (1, 89), (9, 39), (5, 50), (6, 15), (5, 59), (6, 24), (5, 68), (5, 77), (6, 42), (7, 96), (8, 70), (8, 79), (8, 88), (2, 17), (3, 0), (3, 9), (3, 18), (4, 72), (4, 81), (1, 57), (4, 90), (4, 99), (5, 27), (1, 75), (9, 25), (9, 52), (6, 28), (6, 37), (6, 46), (8, 65), (8, 74), (8, 83), (2, 21), (4, 49), (4, 58), (1, 34), (4, 67), (1, 43), (4, 76), (4, 85), (1, 61), (9, 11), (5, 22), (1, 70), (9, 20), (5, 31), (3, 98), (5, 40), (9, 38), (9, 47), (5, 58), (6, 23), (8, 51), (7, 95), (8, 60), (8, 69), (8, 78), (2, 7), (8, 87), (1, 38), (1, 47), (4, 80), (1, 56), (5, 17), (1, 65), (3, 84), (9, 15), (5, 26), (3, 93), (5, 35), (6, 0), (9, 33), (5, 44), (6, 18), (7, 72), (8, 55), (8, 82), (4, 30), (4, 39), (1, 24), (4, 57), (1, 33), (5, 3), (3, 70), (5, 21), (3, 88), (9, 19), (5, 39), (8, 32), (7, 85), (7, 94), (8, 68), (6, 98), (4, 34), (1, 10), (4, 43), (1, 19), (1, 28), (4, 61), (1, 46), (5, 7), (3, 74), (3, 92), (7, 62), (8, 27), (7, 71), (8, 36), (4, 11), (6, 93), (4, 20), (4, 38), (1, 14), (4, 47), (1, 23), (1, 32), (2, 95), (3, 60), (5, 2), (3, 69), (5, 11), (8, 13), (7, 57), (7, 66), (8, 31), (7, 75), (9, 94), (8, 49), (6, 79), (4, 15), (6, 97), (4, 24), (1, 0), (1, 9), (1, 18), (3, 55), (2, 99), (3, 73), (7, 43), (8, 8), (8, 17), (5, 91), (8, 44), (9, 98), (6, 74), (4, 1), (6, 83), (6, 92), (4, 19), (1, 4), (1, 13), (3, 32), (2, 85), (3, 50), (2, 94), (7, 29), (7, 56), (9, 75), (5, 86), (6, 60), (9, 93), (6, 69), (6, 78), (4, 5), (2, 44), (2, 53), (3, 27), (2, 80), (7, 6), (3, 54), (7, 24), (7, 33), (8, 7), (5, 72), (9, 70), (5, 81), (9, 79), (5, 90), (6, 64), (6, 73), (4, 0), (6, 82), (4, 9), (3, 22), (2, 66), (2, 75), (3, 40), (1, 88), (7, 19), (7, 28), (7, 37), (8, 2), (9, 56), (5, 67), (9, 65), (5, 76), (6, 41), (5, 85), (6, 50), (9, 83), (6, 68), (8, 96), (2, 34), (3, 8), (3, 17), (2, 61), (4, 89), (3, 44), (4, 98), (1, 83), (7, 14), (1, 92), (7, 23), (5, 62), (6, 27), (5, 71), (6, 36), (5, 80), (6, 63), (8, 91), (2, 38), (3, 3), (2, 47), (3, 12), (4, 75), (3, 30), (4, 84), (1, 60), (1, 69), (1, 78), (7, 9), (1, 87), (9, 37), (5, 57), (6, 22), (5, 66), (5, 84), (6, 58), (2, 15), (8, 95), (2, 24), (3, 7), (4, 70), (3, 25), (4, 79), (1, 64), (4, 97), (7, 4), (5, 34), (1, 82), (1, 91), (6, 8), (5, 52), (5, 61), (9, 59), (5, 70), (6, 35), (7, 89), (3, 11), (1, 41), (4, 74), (1, 50), (4, 83), (4, 92), (1, 68), (9, 18), (1, 77), (9, 27), (6, 3), (5, 47), (6, 12), (6, 21), (9, 54), (6, 30), (7, 84), (6, 39), (8, 58), (8, 67), (8, 85), (1, 27), (1, 36), (1, 45), (1, 54), (9, 4), (5, 15), (1, 63), (5, 33), (9, 31), (5, 42), (6, 7), (9, 40), (5, 51), (7, 70), (7, 79), (8, 62), (8, 71), (1, 22), (4, 55), (1, 31), (4, 64), (4, 73), (5, 1), (5, 10), (3, 86), (3, 95), (9, 26), (5, 37), (9, 35), (6, 11), (7, 65), (7, 74), (7, 83), (8, 48), (7, 92), (8, 75), (4, 23), (1, 8), (4, 41), (1, 17), (4, 50), (1, 26), (1, 44), (2, 98), (3, 72), (9, 3), (9, 12), (3, 90), (5, 32), (3, 99), (6, 6), (8, 25), (7, 78), (8, 43), (8, 61), (4, 18), (1, 12), (4, 45), (1, 21), (1, 39), (3, 58), (5, 0), (5, 9), (3, 76), (9, 7), (7, 46), (7, 55), (7, 64), (8, 29), (7, 73), (8, 56), (6, 86), (4, 13), (6, 95), (4, 31), (1, 7), (4, 40), (1, 16), (2, 70), (2, 79), (2, 88), (5, 4), (9, 2), (5, 13), (7, 32), (8, 6), (8, 33), (9, 87), (6, 72), (4, 8), (6, 99), (1, 2), (2, 74), (3, 39), (2, 92), (7, 18), (3, 66), (7, 36), (8, 1), (7, 54), (8, 19), (8, 28), (9, 82), (6, 67), (6, 76), (4, 3), (4, 12), (6, 94), (2, 69), (3, 43), (3, 52), (7, 13), (8, 5), (5, 79), (6, 53), (9, 86), (5, 97), (6, 71), (6, 80), (4, 7), (4, 16), (1, 1), (2, 64), (2, 73), (3, 56)}
Initializing TargetedSDP...
Creating list of ytargets...
K :  10
self.n :  [784 100 100 100 100 100 100 100 100 100  10]
Getting to compute bounds...
STUDY : use active neurons:  True use inactive neurons:  False
STUDY : Nb Stable neurons :  460
Number of cuts to test: 1
Cuts to test: [['RLT', 'triangularization']]
Initializing MosekClassicHandler

 
 folder name dans handler:  /lustre/fswork/projects/rech/llc/uvq13au/FastSDPCertification/results/benchmark/9x100-0.026/2026_10_02_00h37_33s_battery-targeted-rlt-cert
LAST_LAYER in resolve_layer_groups :  False
K :  10
CHORDAL_DECOMPOSITION  in resolve layer groups:  True
INPUT_IN_VARIABLES in resolve_layer_groups :  True
Taille de la matrice pour le groupe 0 [0, 1] : 819
Taille de la matrice pour le groupe 1 [1, 2] : 104
Taille de la matrice pour le groupe 2 [2, 3] : 121
Taille de la matrice pour le groupe 3 [3, 4] : 94
Taille de la matrice pour le groupe 4 [4, 5] : 81
Taille de la matrice pour le groupe 5 [5, 6] : 81
Taille de la matrice pour le groupe 6 [6, 7] : 96
Taille de la matrice pour le groupe 7 [7, 8] : 102
Taille de la matrice pour le groupe 8 [8, 9] : 107
Neurones stables actives:  set()
Neurones stables inactives:  {(7, 17), (1, 95), (7, 26), (8, 0), (8, 9), (5, 74), (8, 18), (9, 72), (5, 83), (6, 48), (5, 92), (6, 57), (9, 90), (6, 66), (6, 75), (4, 2), (6, 84), (2, 32), (3, 6), (4, 87), (3, 42), (7, 3), (1, 90), (1, 99), (7, 30), (5, 69), (6, 34), (9, 67), (5, 87), (5, 96), (8, 98), (2, 54), (3, 28), (4, 82), (3, 37), (4, 91), (1, 76), (1, 85), (5, 46), (9, 44), (9, 53), (5, 73), (6, 38), (6, 47), (8, 84), (2, 13), (8, 93), (2, 31), (3, 5), (3, 14), (4, 68), (3, 23), (1, 62), (1, 71), (7, 2), (1, 80), (5, 41), (1, 89), (9, 39), (5, 50), (6, 15), (5, 59), (6, 24), (5, 68), (5, 77), (6, 42), (7, 96), (8, 70), (8, 79), (8, 88), (2, 17), (3, 0), (3, 9), (3, 18), (4, 72), (4, 81), (1, 57), (4, 90), (4, 99), (5, 27), (1, 75), (9, 25), (9, 52), (6, 28), (6, 37), (6, 46), (8, 65), (8, 74), (8, 83), (2, 21), (4, 49), (4, 58), (1, 34), (4, 67), (1, 43), (4, 76), (4, 85), (1, 61), (9, 11), (5, 22), (1, 70), (9, 20), (5, 31), (3, 98), (5, 40), (9, 38), (9, 47), (5, 58), (6, 23), (8, 51), (7, 95), (8, 60), (8, 69), (8, 78), (2, 7), (8, 87), (1, 38), (1, 47), (4, 80), (1, 56), (5, 17), (1, 65), (3, 84), (9, 15), (5, 26), (3, 93), (5, 35), (6, 0), (9, 33), (5, 44), (6, 18), (7, 72), (8, 55), (8, 82), (4, 30), (4, 39), (1, 24), (4, 57), (1, 33), (5, 3), (3, 70), (5, 21), (3, 88), (9, 19), (5, 39), (8, 32), (7, 85), (7, 94), (8, 68), (6, 98), (4, 34), (1, 10), (4, 43), (1, 19), (1, 28), (4, 61), (1, 46), (5, 7), (3, 74), (3, 92), (7, 62), (8, 27), (7, 71), (8, 36), (4, 11), (6, 93), (4, 20), (4, 38), (1, 14), (4, 47), (1, 23), (1, 32), (2, 95), (3, 60), (5, 2), (3, 69), (5, 11), (8, 13), (7, 57), (7, 66), (8, 31), (7, 75), (9, 94), (8, 49), (6, 79), (4, 15), (6, 97), (4, 24), (1, 0), (1, 9), (1, 18), (3, 55), (2, 99), (3, 73), (7, 43), (8, 8), (8, 17), (5, 91), (8, 44), (9, 98), (6, 74), (4, 1), (6, 83), (6, 92), (4, 19), (1, 4), (1, 13), (3, 32), (2, 85), (3, 50), (2, 94), (7, 29), (7, 56), (9, 75), (5, 86), (6, 60), (9, 93), (6, 69), (6, 78), (4, 5), (2, 44), (2, 53), (3, 27), (2, 80), (7, 6), (3, 54), (7, 24), (7, 33), (8, 7), (5, 72), (9, 70), (5, 81), (9, 79), (5, 90), (6, 64), (6, 73), (4, 0), (6, 82), (4, 9), (3, 22), (2, 66), (2, 75), (3, 40), (1, 88), (7, 19), (7, 28), (7, 37), (8, 2), (9, 56), (5, 67), (9, 65), (5, 76), (6, 41), (5, 85), (6, 50), (9, 83), (6, 68), (8, 96), (2, 34), (3, 8), (3, 17), (2, 61), (4, 89), (3, 44), (4, 98), (1, 83), (7, 14), (1, 92), (7, 23), (5, 62), (6, 27), (5, 71), (6, 36), (5, 80), (6, 63), (8, 91), (2, 38), (3, 3), (2, 47), (3, 12), (4, 75), (3, 30), (4, 84), (1, 60), (1, 69), (1, 78), (7, 9), (1, 87), (9, 37), (5, 57), (6, 22), (5, 66), (5, 84), (6, 58), (2, 15), (8, 95), (2, 24), (3, 7), (4, 70), (3, 25), (4, 79), (1, 64), (4, 97), (7, 4), (5, 34), (1, 82), (1, 91), (6, 8), (5, 52), (5, 61), (9, 59), (5, 70), (6, 35), (7, 89), (3, 11), (1, 41), (4, 74), (1, 50), (4, 83), (4, 92), (1, 68), (9, 18), (1, 77), (9, 27), (6, 3), (5, 47), (6, 12), (6, 21), (9, 54), (6, 30), (7, 84), (6, 39), (8, 58), (8, 67), (8, 85), (1, 27), (1, 36), (1, 45), (1, 54), (9, 4), (5, 15), (1, 63), (5, 33), (9, 31), (5, 42), (6, 7), (9, 40), (5, 51), (7, 70), (7, 79), (8, 62), (8, 71), (1, 22), (4, 55), (1, 31), (4, 64), (4, 73), (5, 1), (5, 10), (3, 86), (3, 95), (9, 26), (5, 37), (9, 35), (6, 11), (7, 65), (7, 74), (7, 83), (8, 48), (7, 92), (8, 75), (4, 23), (1, 8), (4, 41), (1, 17), (4, 50), (1, 26), (1, 44), (2, 98), (3, 72), (9, 3), (9, 12), (3, 90), (5, 32), (3, 99), (6, 6), (8, 25), (7, 78), (8, 43), (8, 61), (4, 18), (1, 12), (4, 45), (1, 21), (1, 39), (3, 58), (5, 0), (5, 9), (3, 76), (9, 7), (7, 46), (7, 55), (7, 64), (8, 29), (7, 73), (8, 56), (6, 86), (4, 13), (6, 95), (4, 31), (1, 7), (4, 40), (1, 16), (2, 70), (2, 79), (2, 88), (5, 4), (9, 2), (5, 13), (7, 32), (8, 6), (8, 33), (9, 87), (6, 72), (4, 8), (6, 99), (1, 2), (2, 74), (3, 39), (2, 92), (7, 18), (3, 66), (7, 36), (8, 1), (7, 54), (8, 19), (8, 28), (9, 82), (6, 67), (6, 76), (4, 3), (4, 12), (6, 94), (2, 69), (3, 43), (3, 52), (7, 13), (8, 5), (5, 79), (6, 53), (9, 86), (5, 97), (6, 71), (6, 80), (4, 7), (4, 16), (1, 1), (2, 64), (2, 73), (3, 56)}
Adjusting MOSEK solver parameters
MOSEK time limit set to 180s
Adding objective function for Lan
Initializing variables...
CALLBACK num variables : 755701
Adding ReLU constraints for layer 1
Adding ReLU constraints for layer 2
Adding ReLU constraints for layer 3
Adding ReLU constraints for layer 4
Adding ReLU constraints for layer 5
Adding ReLU constraints for layer 6
Adding ReLU constraints for layer 7
Adding ReLU constraints for layer 8
Adding ReLU constraints for layer 9
Adding quadratic bounds constraint
Adding quadratic bounds constraint for layer 0
Adding quadratic bounds constraint for layer 1
Adding quadratic bounds constraint for layer 2
Adding quadratic bounds constraint for layer 3
Adding quadratic bounds constraint for layer 4
Adding quadratic bounds constraint for layer 5
Adding quadratic bounds constraint for layer 6
Adding quadratic bounds constraint for layer 7
Adding quadratic bounds constraint for layer 8
Adding quadratic bounds constraint for layer 9
Adding RLT constraint (compact)
Indexes pruned for layer 1 : []
Indexes pruned for layer 2 : [0, 1, 2, 4, 7, 8, 9, 10, 12, 13, 14, 16, 17, 18, 19, 21, 22, 23, 24, 26, 27, 28, 31, 32, 33, 34, 36, 38, 39, 41, 43, 44, 45, 46, 47, 50, 54, 56, 57, 60, 61, 62, 63, 64, 65, 68, 69, 70, 71, 75, 76, 77, 78, 80, 82, 83, 85, 87, 88, 89, 90, 91, 92, 95, 99]
Indexes pruned for layer 3 : [7, 13, 15, 17, 21, 24, 31, 32, 34, 38, 44, 47, 53, 54, 61, 64, 66, 69, 70, 73, 74, 75, 79, 80, 85, 88, 92, 94, 95, 98, 99]
Indexes pruned for layer 4 : [0, 3, 5, 6, 7, 8, 9, 11, 12, 14, 17, 18, 22, 23, 25, 27, 28, 30, 32, 37, 39, 40, 42, 43, 44, 50, 52, 54, 55, 56, 58, 60, 66, 69, 70, 72, 73, 74, 76, 84, 86, 88, 90, 92, 93, 95, 98, 99]
Indexes pruned for layer 5 : [0, 1, 2, 3, 5, 7, 8, 9, 11, 12, 13, 15, 16, 18, 19, 20, 23, 24, 30, 31, 34, 38, 39, 40, 41, 43, 45, 47, 49, 50, 55, 57, 58, 61, 64, 67, 68, 70, 72, 73, 74, 75, 76, 79, 80, 81, 82, 83, 84, 85, 87, 89, 90, 91, 92, 97, 98, 99]
Indexes pruned for layer 6 : [0, 1, 2, 3, 4, 7, 9, 10, 11, 13, 15, 17, 21, 22, 26, 27, 31, 32, 33, 34, 35, 37, 39, 40, 41, 42, 44, 46, 47, 50, 51, 52, 57, 58, 59, 61, 62, 66, 67, 68, 69, 70, 71, 72, 73, 74, 76, 77, 79, 80, 81, 83, 84, 85, 86, 87, 90, 91, 92, 96, 97]
Indexes pruned for layer 7 : [0, 3, 6, 7, 8, 11, 12, 15, 18, 21, 22, 23, 24, 27, 28, 30, 34, 35, 36, 37, 38, 39, 41, 42, 46, 47, 48, 50, 53, 57, 58, 60, 63, 64, 66, 67, 68, 69, 71, 72, 73, 74, 75, 76, 78, 79, 80, 82, 83, 84, 86, 92, 93, 94, 95, 97, 98, 99]
Indexes pruned for layer 8 : [2, 3, 4, 6, 9, 13, 14, 17, 18, 19, 23, 24, 26, 28, 29, 30, 32, 33, 36, 37, 43, 46, 54, 55, 56, 57, 62, 64, 65, 66, 70, 71, 72, 73, 74, 75, 78, 79, 83, 84, 85, 89, 92, 94, 95, 96]
Indexes pruned for layer 9 : [0, 1, 2, 5, 6, 7, 8, 9, 13, 17, 18, 19, 25, 27, 28, 29, 31, 32, 33, 36, 43, 44, 48, 49, 51, 55, 56, 58, 60, 61, 62, 65, 67, 68, 69, 70, 71, 74, 75, 78, 79, 82, 83, 84, 85, 87, 88, 91, 93, 95, 96, 98]
CALLBACK : RLT (compact) = 46595 (dont 0 en repli chemin lent)
Adding rec matrices constraint
Number of constraints for the matrix by layers: 381 for 10 layers, [784 100 100 100 100 100 100 100 100 100  10] neurons, boundary layers: [1, 2, 3, 4, 5, 6, 7, 8]
Adding first term equal zero constraint
CALLBACK : Ending constraints. Total number of constraints :  143159
Cuts in _write_presolve_row:  ['RLT', 'triangularization']
Number of constraints before optimization:  143159
Number of variables before optimization:  755701
All possible cuts:  ['RLT', 'triangularization', 'McCormick_beta_z', 'beta_logits_comparaison', 'beta_logits_comparaison_big_M', 'sum_beta_logits_equal_logit']
Cuts added to dic for _write_presolve_row:  {'RLT': True, 'triangularization': True, 'McCormick_beta_z': False, 'beta_logits_comparaison': False, 'beta_logits_comparaison_big_M': False, 'sum_beta_logits_equal_logit': False}
Writing pre-solve row to results.csv with data_index: 64 target: 0
Pre-solve row written to results.csv with data_index: 64 target: 0
Pre-solve row written to results.csv with 143159 constraints and 755701 variables.
INFO     00:46:17     [objective_classic.py:97] Adding Objective to the task
CALLBACK : Number of constraints : 143159
[conic bundle] factor=0.01 x 139785 contraintes dualisables candidates => 1398 reellement dualisees (les 138387 autres relachees mais jamais penalisees)
  [cb_native dynamic calibration] h(0)=0.581571 pool_initial=50/1398
[cb_native dynamic] h(0)=0.581571 > positivity_threshold=1e-06 -- arret immediat (stop_when_positive).
[conic bundle] data_index=64 target=0 optimal_value=0.5815708737647345 n_iter=0 (42.11s)
Initializing TargetedSDP...
Creating list of ytargets...
K :  10
self.n :  [784 100 100 100 100 100 100 100 100 100  10]
Getting to compute bounds...
STUDY : use active neurons:  True use inactive neurons:  False
STUDY : Nb Stable neurons :  460
Number of cuts to test: 1
Cuts to test: [['RLT', 'triangularization']]
Initializing MosekClassicHandler

 
 folder name dans handler:  /lustre/fswork/projects/rech/llc/uvq13au/FastSDPCertification/results/benchmark/9x100-0.026/2026_10_02_00h37_33s_battery-targeted-rlt-cert
LAST_LAYER in resolve_layer_groups :  False
K :  10
CHORDAL_DECOMPOSITION  in resolve layer groups:  True
INPUT_IN_VARIABLES in resolve_layer_groups :  True
Taille de la matrice pour le groupe 0 [0, 1] : 819
Taille de la matrice pour le groupe 1 [1, 2] : 104
Taille de la matrice pour le groupe 2 [2, 3] : 121
Taille de la matrice pour le groupe 3 [3, 4] : 94
Taille de la matrice pour le groupe 4 [4, 5] : 81
Taille de la matrice pour le groupe 5 [5, 6] : 81
Taille de la matrice pour le groupe 6 [6, 7] : 96
Taille de la matrice pour le groupe 7 [7, 8] : 102
Taille de la matrice pour le groupe 8 [8, 9] : 107
Neurones stables actives:  set()
Neurones stables inactives:  {(7, 17), (1, 95), (7, 26), (8, 0), (8, 9), (5, 74), (8, 18), (9, 72), (5, 83), (6, 48), (5, 92), (6, 57), (9, 90), (6, 66), (6, 75), (4, 2), (6, 84), (2, 32), (3, 6), (4, 87), (3, 42), (7, 3), (1, 90), (1, 99), (7, 30), (5, 69), (6, 34), (9, 67), (5, 87), (5, 96), (8, 98), (2, 54), (3, 28), (4, 82), (3, 37), (4, 91), (1, 76), (1, 85), (5, 46), (9, 44), (9, 53), (5, 73), (6, 38), (6, 47), (8, 84), (2, 13), (8, 93), (2, 31), (3, 5), (3, 14), (4, 68), (3, 23), (1, 62), (1, 71), (7, 2), (1, 80), (5, 41), (1, 89), (9, 39), (5, 50), (6, 15), (5, 59), (6, 24), (5, 68), (5, 77), (6, 42), (7, 96), (8, 70), (8, 79), (8, 88), (2, 17), (3, 0), (3, 9), (3, 18), (4, 72), (4, 81), (1, 57), (4, 90), (4, 99), (5, 27), (1, 75), (9, 25), (9, 52), (6, 28), (6, 37), (6, 46), (8, 65), (8, 74), (8, 83), (2, 21), (4, 49), (4, 58), (1, 34), (4, 67), (1, 43), (4, 76), (4, 85), (1, 61), (9, 11), (5, 22), (1, 70), (9, 20), (5, 31), (3, 98), (5, 40), (9, 38), (9, 47), (5, 58), (6, 23), (8, 51), (7, 95), (8, 60), (8, 69), (8, 78), (2, 7), (8, 87), (1, 38), (1, 47), (4, 80), (1, 56), (5, 17), (1, 65), (3, 84), (9, 15), (5, 26), (3, 93), (5, 35), (6, 0), (9, 33), (5, 44), (6, 18), (7, 72), (8, 55), (8, 82), (4, 30), (4, 39), (1, 24), (4, 57), (1, 33), (5, 3), (3, 70), (5, 21), (3, 88), (9, 19), (5, 39), (8, 32), (7, 85), (7, 94), (8, 68), (6, 98), (4, 34), (1, 10), (4, 43), (1, 19), (1, 28), (4, 61), (1, 46), (5, 7), (3, 74), (3, 92), (7, 62), (8, 27), (7, 71), (8, 36), (4, 11), (6, 93), (4, 20), (4, 38), (1, 14), (4, 47), (1, 23), (1, 32), (2, 95), (3, 60), (5, 2), (3, 69), (5, 11), (8, 13), (7, 57), (7, 66), (8, 31), (7, 75), (9, 94), (8, 49), (6, 79), (4, 15), (6, 97), (4, 24), (1, 0), (1, 9), (1, 18), (3, 55), (2, 99), (3, 73), (7, 43), (8, 8), (8, 17), (5, 91), (8, 44), (9, 98), (6, 74), (4, 1), (6, 83), (6, 92), (4, 19), (1, 4), (1, 13), (3, 32), (2, 85), (3, 50), (2, 94), (7, 29), (7, 56), (9, 75), (5, 86), (6, 60), (9, 93), (6, 69), (6, 78), (4, 5), (2, 44), (2, 53), (3, 27), (2, 80), (7, 6), (3, 54), (7, 24), (7, 33), (8, 7), (5, 72), (9, 70), (5, 81), (9, 79), (5, 90), (6, 64), (6, 73), (4, 0), (6, 82), (4, 9), (3, 22), (2, 66), (2, 75), (3, 40), (1, 88), (7, 19), (7, 28), (7, 37), (8, 2), (9, 56), (5, 67), (9, 65), (5, 76), (6, 41), (5, 85), (6, 50), (9, 83), (6, 68), (8, 96), (2, 34), (3, 8), (3, 17), (2, 61), (4, 89), (3, 44), (4, 98), (1, 83), (7, 14), (1, 92), (7, 23), (5, 62), (6, 27), (5, 71), (6, 36), (5, 80), (6, 63), (8, 91), (2, 38), (3, 3), (2, 47), (3, 12), (4, 75), (3, 30), (4, 84), (1, 60), (1, 69), (1, 78), (7, 9), (1, 87), (9, 37), (5, 57), (6, 22), (5, 66), (5, 84), (6, 58), (2, 15), (8, 95), (2, 24), (3, 7), (4, 70), (3, 25), (4, 79), (1, 64), (4, 97), (7, 4), (5, 34), (1, 82), (1, 91), (6, 8), (5, 52), (5, 61), (9, 59), (5, 70), (6, 35), (7, 89), (3, 11), (1, 41), (4, 74), (1, 50), (4, 83), (4, 92), (1, 68), (9, 18), (1, 77), (9, 27), (6, 3), (5, 47), (6, 12), (6, 21), (9, 54), (6, 30), (7, 84), (6, 39), (8, 58), (8, 67), (8, 85), (1, 27), (1, 36), (1, 45), (1, 54), (9, 4), (5, 15), (1, 63), (5, 33), (9, 31), (5, 42), (6, 7), (9, 40), (5, 51), (7, 70), (7, 79), (8, 62), (8, 71), (1, 22), (4, 55), (1, 31), (4, 64), (4, 73), (5, 1), (5, 10), (3, 86), (3, 95), (9, 26), (5, 37), (9, 35), (6, 11), (7, 65), (7, 74), (7, 83), (8, 48), (7, 92), (8, 75), (4, 23), (1, 8), (4, 41), (1, 17), (4, 50), (1, 26), (1, 44), (2, 98), (3, 72), (9, 3), (9, 12), (3, 90), (5, 32), (3, 99), (6, 6), (8, 25), (7, 78), (8, 43), (8, 61), (4, 18), (1, 12), (4, 45), (1, 21), (1, 39), (3, 58), (5, 0), (5, 9), (3, 76), (9, 7), (7, 46), (7, 55), (7, 64), (8, 29), (7, 73), (8, 56), (6, 86), (4, 13), (6, 95), (4, 31), (1, 7), (4, 40), (1, 16), (2, 70), (2, 79), (2, 88), (5, 4), (9, 2), (5, 13), (7, 32), (8, 6), (8, 33), (9, 87), (6, 72), (4, 8), (6, 99), (1, 2), (2, 74), (3, 39), (2, 92), (7, 18), (3, 66), (7, 36), (8, 1), (7, 54), (8, 19), (8, 28), (9, 82), (6, 67), (6, 76), (4, 3), (4, 12), (6, 94), (2, 69), (3, 43), (3, 52), (7, 13), (8, 5), (5, 79), (6, 53), (9, 86), (5, 97), (6, 71), (6, 80), (4, 7), (4, 16), (1, 1), (2, 64), (2, 73), (3, 56)}
Adjusting MOSEK solver parameters
MOSEK time limit set to 180s
Adding objective function for Lan
Initializing variables...
CALLBACK num variables : 755701
Adding ReLU constraints for layer 1
Adding ReLU constraints for layer 2
Adding ReLU constraints for layer 3
Adding ReLU constraints for layer 4
Adding ReLU constraints for layer 5
Adding ReLU constraints for layer 6
Adding ReLU constraints for layer 7
Adding ReLU constraints for layer 8
Adding ReLU constraints for layer 9
Adding quadratic bounds constraint
Adding quadratic bounds constraint for layer 0
Adding quadratic bounds constraint for layer 1
Adding quadratic bounds constraint for layer 2
Adding quadratic bounds constraint for layer 3
Adding quadratic bounds constraint for layer 4
Adding quadratic bounds constraint for layer 5
Adding quadratic bounds constraint for layer 6
Adding quadratic bounds constraint for layer 7
Adding quadratic bounds constraint for layer 8
Adding quadratic bounds constraint for layer 9
Adding RLT constraint (compact)
Indexes pruned for layer 1 : []
Indexes pruned for layer 2 : [0, 1, 2, 4, 7, 8, 9, 10, 12, 13, 14, 16, 17, 18, 19, 21, 22, 23, 24, 26, 27, 28, 31, 32, 33, 34, 36, 38, 39, 41, 43, 44, 45, 46, 47, 50, 54, 56, 57, 60, 61, 62, 63, 64, 65, 68, 69, 70, 71, 75, 76, 77, 78, 80, 82, 83, 85, 87, 88, 89, 90, 91, 92, 95, 99]
Indexes pruned for layer 3 : [7, 13, 15, 17, 21, 24, 31, 32, 34, 38, 44, 47, 53, 54, 61, 64, 66, 69, 70, 73, 74, 75, 79, 80, 85, 88, 92, 94, 95, 98, 99]
Indexes pruned for layer 4 : [0, 3, 5, 6, 7, 8, 9, 11, 12, 14, 17, 18, 22, 23, 25, 27, 28, 30, 32, 37, 39, 40, 42, 43, 44, 50, 52, 54, 55, 56, 58, 60, 66, 69, 70, 72, 73, 74, 76, 84, 86, 88, 90, 92, 93, 95, 98, 99]
Indexes pruned for layer 5 : [0, 1, 2, 3, 5, 7, 8, 9, 11, 12, 13, 15, 16, 18, 19, 20, 23, 24, 30, 31, 34, 38, 39, 40, 41, 43, 45, 47, 49, 50, 55, 57, 58, 61, 64, 67, 68, 70, 72, 73, 74, 75, 76, 79, 80, 81, 82, 83, 84, 85, 87, 89, 90, 91, 92, 97, 98, 99]
Indexes pruned for layer 6 : [0, 1, 2, 3, 4, 7, 9, 10, 11, 13, 15, 17, 21, 22, 26, 27, 31, 32, 33, 34, 35, 37, 39, 40, 41, 42, 44, 46, 47, 50, 51, 52, 57, 58, 59, 61, 62, 66, 67, 68, 69, 70, 71, 72, 73, 74, 76, 77, 79, 80, 81, 83, 84, 85, 86, 87, 90, 91, 92, 96, 97]
Indexes pruned for layer 7 : [0, 3, 6, 7, 8, 11, 12, 15, 18, 21, 22, 23, 24, 27, 28, 30, 34, 35, 36, 37, 38, 39, 41, 42, 46, 47, 48, 50, 53, 57, 58, 60, 63, 64, 66, 67, 68, 69, 71, 72, 73, 74, 75, 76, 78, 79, 80, 82, 83, 84, 86, 92, 93, 94, 95, 97, 98, 99]
Indexes pruned for layer 8 : [2, 3, 4, 6, 9, 13, 14, 17, 18, 19, 23, 24, 26, 28, 29, 30, 32, 33, 36, 37, 43, 46, 54, 55, 56, 57, 62, 64, 65, 66, 70, 71, 72, 73, 74, 75, 78, 79, 83, 84, 85, 89, 92, 94, 95, 96]
Indexes pruned for layer 9 : [0, 1, 2, 5, 6, 7, 8, 9, 13, 17, 18, 19, 25, 27, 28, 29, 31, 32, 33, 36, 43, 44, 48, 49, 51, 55, 56, 58, 60, 61, 62, 65, 67, 68, 69, 70, 71, 74, 75, 78, 79, 82, 83, 84, 85, 87, 88, 91, 93, 95, 96, 98]
CALLBACK : RLT (compact) = 46595 (dont 0 en repli chemin lent)
Adding rec matrices constraint
Number of constraints for the matrix by layers: 381 for 10 layers, [784 100 100 100 100 100 100 100 100 100  10] neurons, boundary layers: [1, 2, 3, 4, 5, 6, 7, 8]
Adding first term equal zero constraint
CALLBACK : Ending constraints. Total number of constraints :  143159
Cuts in _write_presolve_row:  ['RLT', 'triangularization']
Number of constraints before optimization:  143159
Number of variables before optimization:  755701
All possible cuts:  ['RLT', 'triangularization', 'McCormick_beta_z', 'beta_logits_comparaison', 'beta_logits_comparaison_big_M', 'sum_beta_logits_equal_logit']
Cuts added to dic for _write_presolve_row:  {'RLT': True, 'triangularization': True, 'McCormick_beta_z': False, 'beta_logits_comparaison': False, 'beta_logits_comparaison_big_M': False, 'sum_beta_logits_equal_logit': False}
Writing pre-solve row to results.csv with data_index: 64 target: 1
Pre-solve row written to results.csv with data_index: 64 target: 1
Pre-solve row written to results.csv with 143159 constraints and 755701 variables.
INFO     00:47:01     [objective_classic.py:97] Adding Objective to the task
CALLBACK : Number of constraints : 143159
[conic bundle] factor=0.01 x 139785 contraintes dualisables candidates => 1398 reellement dualisees (les 138387 autres relachees mais jamais penalisees)
  [cb_native dynamic calibration] h(0)=5.362815 pool_initial=50/1398
[cb_native dynamic] h(0)=5.362815 > positivity_threshold=1e-06 -- arret immediat (stop_when_positive).
[conic bundle] data_index=64 target=1 optimal_value=5.362815463488985 n_iter=0 (72.49s)
Initializing TargetedSDP...
Creating list of ytargets...
K :  10
self.n :  [784 100 100 100 100 100 100 100 100 100  10]
Getting to compute bounds...
STUDY : use active neurons:  True use inactive neurons:  False
STUDY : Nb Stable neurons :  460
Number of cuts to test: 1
Cuts to test: [['RLT', 'triangularization']]
Initializing MosekClassicHandler

 
 folder name dans handler:  /lustre/fswork/projects/rech/llc/uvq13au/FastSDPCertification/results/benchmark/9x100-0.026/2026_10_02_00h37_33s_battery-targeted-rlt-cert
LAST_LAYER in resolve_layer_groups :  False
K :  10
CHORDAL_DECOMPOSITION  in resolve layer groups:  True
INPUT_IN_VARIABLES in resolve_layer_groups :  True
Taille de la matrice pour le groupe 0 [0, 1] : 819
Taille de la matrice pour le groupe 1 [1, 2] : 104
Taille de la matrice pour le groupe 2 [2, 3] : 121
Taille de la matrice pour le groupe 3 [3, 4] : 94
Taille de la matrice pour le groupe 4 [4, 5] : 81
Taille de la matrice pour le groupe 5 [5, 6] : 81
Taille de la matrice pour le groupe 6 [6, 7] : 96
Taille de la matrice pour le groupe 7 [7, 8] : 102
Taille de la matrice pour le groupe 8 [8, 9] : 107
Neurones stables actives:  set()
Neurones stables inactives:  {(7, 17), (1, 95), (7, 26), (8, 0), (8, 9), (5, 74), (8, 18), (9, 72), (5, 83), (6, 48), (5, 92), (6, 57), (9, 90), (6, 66), (6, 75), (4, 2), (6, 84), (2, 32), (3, 6), (4, 87), (3, 42), (7, 3), (1, 90), (1, 99), (7, 30), (5, 69), (6, 34), (9, 67), (5, 87), (5, 96), (8, 98), (2, 54), (3, 28), (4, 82), (3, 37), (4, 91), (1, 76), (1, 85), (5, 46), (9, 44), (9, 53), (5, 73), (6, 38), (6, 47), (8, 84), (2, 13), (8, 93), (2, 31), (3, 5), (3, 14), (4, 68), (3, 23), (1, 62), (1, 71), (7, 2), (1, 80), (5, 41), (1, 89), (9, 39), (5, 50), (6, 15), (5, 59), (6, 24), (5, 68), (5, 77), (6, 42), (7, 96), (8, 70), (8, 79), (8, 88), (2, 17), (3, 0), (3, 9), (3, 18), (4, 72), (4, 81), (1, 57), (4, 90), (4, 99), (5, 27), (1, 75), (9, 25), (9, 52), (6, 28), (6, 37), (6, 46), (8, 65), (8, 74), (8, 83), (2, 21), (4, 49), (4, 58), (1, 34), (4, 67), (1, 43), (4, 76), (4, 85), (1, 61), (9, 11), (5, 22), (1, 70), (9, 20), (5, 31), (3, 98), (5, 40), (9, 38), (9, 47), (5, 58), (6, 23), (8, 51), (7, 95), (8, 60), (8, 69), (8, 78), (2, 7), (8, 87), (1, 38), (1, 47), (4, 80), (1, 56), (5, 17), (1, 65), (3, 84), (9, 15), (5, 26), (3, 93), (5, 35), (6, 0), (9, 33), (5, 44), (6, 18), (7, 72), (8, 55), (8, 82), (4, 30), (4, 39), (1, 24), (4, 57), (1, 33), (5, 3), (3, 70), (5, 21), (3, 88), (9, 19), (5, 39), (8, 32), (7, 85), (7, 94), (8, 68), (6, 98), (4, 34), (1, 10), (4, 43), (1, 19), (1, 28), (4, 61), (1, 46), (5, 7), (3, 74), (3, 92), (7, 62), (8, 27), (7, 71), (8, 36), (4, 11), (6, 93), (4, 20), (4, 38), (1, 14), (4, 47), (1, 23), (1, 32), (2, 95), (3, 60), (5, 2), (3, 69), (5, 11), (8, 13), (7, 57), (7, 66), (8, 31), (7, 75), (9, 94), (8, 49), (6, 79), (4, 15), (6, 97), (4, 24), (1, 0), (1, 9), (1, 18), (3, 55), (2, 99), (3, 73), (7, 43), (8, 8), (8, 17), (5, 91), (8, 44), (9, 98), (6, 74), (4, 1), (6, 83), (6, 92), (4, 19), (1, 4), (1, 13), (3, 32), (2, 85), (3, 50), (2, 94), (7, 29), (7, 56), (9, 75), (5, 86), (6, 60), (9, 93), (6, 69), (6, 78), (4, 5), (2, 44), (2, 53), (3, 27), (2, 80), (7, 6), (3, 54), (7, 24), (7, 33), (8, 7), (5, 72), (9, 70), (5, 81), (9, 79), (5, 90), (6, 64), (6, 73), (4, 0), (6, 82), (4, 9), (3, 22), (2, 66), (2, 75), (3, 40), (1, 88), (7, 19), (7, 28), (7, 37), (8, 2), (9, 56), (5, 67), (9, 65), (5, 76), (6, 41), (5, 85), (6, 50), (9, 83), (6, 68), (8, 96), (2, 34), (3, 8), (3, 17), (2, 61), (4, 89), (3, 44), (4, 98), (1, 83), (7, 14), (1, 92), (7, 23), (5, 62), (6, 27), (5, 71), (6, 36), (5, 80), (6, 63), (8, 91), (2, 38), (3, 3), (2, 47), (3, 12), (4, 75), (3, 30), (4, 84), (1, 60), (1, 69), (1, 78), (7, 9), (1, 87), (9, 37), (5, 57), (6, 22), (5, 66), (5, 84), (6, 58), (2, 15), (8, 95), (2, 24), (3, 7), (4, 70), (3, 25), (4, 79), (1, 64), (4, 97), (7, 4), (5, 34), (1, 82), (1, 91), (6, 8), (5, 52), (5, 61), (9, 59), (5, 70), (6, 35), (7, 89), (3, 11), (1, 41), (4, 74), (1, 50), (4, 83), (4, 92), (1, 68), (9, 18), (1, 77), (9, 27), (6, 3), (5, 47), (6, 12), (6, 21), (9, 54), (6, 30), (7, 84), (6, 39), (8, 58), (8, 67), (8, 85), (1, 27), (1, 36), (1, 45), (1, 54), (9, 4), (5, 15), (1, 63), (5, 33), (9, 31), (5, 42), (6, 7), (9, 40), (5, 51), (7, 70), (7, 79), (8, 62), (8, 71), (1, 22), (4, 55), (1, 31), (4, 64), (4, 73), (5, 1), (5, 10), (3, 86), (3, 95), (9, 26), (5, 37), (9, 35), (6, 11), (7, 65), (7, 74), (7, 83), (8, 48), (7, 92), (8, 75), (4, 23), (1, 8), (4, 41), (1, 17), (4, 50), (1, 26), (1, 44), (2, 98), (3, 72), (9, 3), (9, 12), (3, 90), (5, 32), (3, 99), (6, 6), (8, 25), (7, 78), (8, 43), (8, 61), (4, 18), (1, 12), (4, 45), (1, 21), (1, 39), (3, 58), (5, 0), (5, 9), (3, 76), (9, 7), (7, 46), (7, 55), (7, 64), (8, 29), (7, 73), (8, 56), (6, 86), (4, 13), (6, 95), (4, 31), (1, 7), (4, 40), (1, 16), (2, 70), (2, 79), (2, 88), (5, 4), (9, 2), (5, 13), (7, 32), (8, 6), (8, 33), (9, 87), (6, 72), (4, 8), (6, 99), (1, 2), (2, 74), (3, 39), (2, 92), (7, 18), (3, 66), (7, 36), (8, 1), (7, 54), (8, 19), (8, 28), (9, 82), (6, 67), (6, 76), (4, 3), (4, 12), (6, 94), (2, 69), (3, 43), (3, 52), (7, 13), (8, 5), (5, 79), (6, 53), (9, 86), (5, 97), (6, 71), (6, 80), (4, 7), (4, 16), (1, 1), (2, 64), (2, 73), (3, 56)}
Adjusting MOSEK solver parameters
MOSEK time limit set to 180s
Adding objective function for Lan
Initializing variables...
CALLBACK num variables : 755701
Adding ReLU constraints for layer 1
Adding ReLU constraints for layer 2
Adding ReLU constraints for layer 3
Adding ReLU constraints for layer 4
Adding ReLU constraints for layer 5
Adding ReLU constraints for layer 6
Adding ReLU constraints for layer 7
Adding ReLU constraints for layer 8
Adding ReLU constraints for layer 9
Adding quadratic bounds constraint
Adding quadratic bounds constraint for layer 0
Adding quadratic bounds constraint for layer 1
Adding quadratic bounds constraint for layer 2
Adding quadratic bounds constraint for layer 3
Adding quadratic bounds constraint for layer 4
Adding quadratic bounds constraint for layer 5
Adding quadratic bounds constraint for layer 6
Adding quadratic bounds constraint for layer 7
Adding quadratic bounds constraint for layer 8
Adding quadratic bounds constraint for layer 9
Adding RLT constraint (compact)
Indexes pruned for layer 1 : []
Indexes pruned for layer 2 : [0, 1, 2, 4, 7, 8, 9, 10, 12, 13, 14, 16, 17, 18, 19, 21, 22, 23, 24, 26, 27, 28, 31, 32, 33, 34, 36, 38, 39, 41, 43, 44, 45, 46, 47, 50, 54, 56, 57, 60, 61, 62, 63, 64, 65, 68, 69, 70, 71, 75, 76, 77, 78, 80, 82, 83, 85, 87, 88, 89, 90, 91, 92, 95, 99]
Indexes pruned for layer 3 : [7, 13, 15, 17, 21, 24, 31, 32, 34, 38, 44, 47, 53, 54, 61, 64, 66, 69, 70, 73, 74, 75, 79, 80, 85, 88, 92, 94, 95, 98, 99]
Indexes pruned for layer 4 : [0, 3, 5, 6, 7, 8, 9, 11, 12, 14, 17, 18, 22, 23, 25, 27, 28, 30, 32, 37, 39, 40, 42, 43, 44, 50, 52, 54, 55, 56, 58, 60, 66, 69, 70, 72, 73, 74, 76, 84, 86, 88, 90, 92, 93, 95, 98, 99]
Indexes pruned for layer 5 : [0, 1, 2, 3, 5, 7, 8, 9, 11, 12, 13, 15, 16, 18, 19, 20, 23, 24, 30, 31, 34, 38, 39, 40, 41, 43, 45, 47, 49, 50, 55, 57, 58, 61, 64, 67, 68, 70, 72, 73, 74, 75, 76, 79, 80, 81, 82, 83, 84, 85, 87, 89, 90, 91, 92, 97, 98, 99]
Indexes pruned for layer 6 : [0, 1, 2, 3, 4, 7, 9, 10, 11, 13, 15, 17, 21, 22, 26, 27, 31, 32, 33, 34, 35, 37, 39, 40, 41, 42, 44, 46, 47, 50, 51, 52, 57, 58, 59, 61, 62, 66, 67, 68, 69, 70, 71, 72, 73, 74, 76, 77, 79, 80, 81, 83, 84, 85, 86, 87, 90, 91, 92, 96, 97]
Indexes pruned for layer 7 : [0, 3, 6, 7, 8, 11, 12, 15, 18, 21, 22, 23, 24, 27, 28, 30, 34, 35, 36, 37, 38, 39, 41, 42, 46, 47, 48, 50, 53, 57, 58, 60, 63, 64, 66, 67, 68, 69, 71, 72, 73, 74, 75, 76, 78, 79, 80, 82, 83, 84, 86, 92, 93, 94, 95, 97, 98, 99]
Indexes pruned for layer 8 : [2, 3, 4, 6, 9, 13, 14, 17, 18, 19, 23, 24, 26, 28, 29, 30, 32, 33, 36, 37, 43, 46, 54, 55, 56, 57, 62, 64, 65, 66, 70, 71, 72, 73, 74, 75, 78, 79, 83, 84, 85, 89, 92, 94, 95, 96]
Indexes pruned for layer 9 : [0, 1, 2, 5, 6, 7, 8, 9, 13, 17, 18, 19, 25, 27, 28, 29, 31, 32, 33, 36, 43, 44, 48, 49, 51, 55, 56, 58, 60, 61, 62, 65, 67, 68, 69, 70, 71, 74, 75, 78, 79, 82, 83, 84, 85, 87, 88, 91, 93, 95, 96, 98]
CALLBACK : RLT (compact) = 46595 (dont 0 en repli chemin lent)
Adding rec matrices constraint
Number of constraints for the matrix by layers: 381 for 10 layers, [784 100 100 100 100 100 100 100 100 100  10] neurons, boundary layers: [1, 2, 3, 4, 5, 6, 7, 8]
Adding first term equal zero constraint
CALLBACK : Ending constraints. Total number of constraints :  143159
Cuts in _write_presolve_row:  ['RLT', 'triangularization']
Number of constraints before optimization:  143159
Number of variables before optimization:  755701
All possible cuts:  ['RLT', 'triangularization', 'McCormick_beta_z', 'beta_logits_comparaison', 'beta_logits_comparaison_big_M', 'sum_beta_logits_equal_logit']
Cuts added to dic for _write_presolve_row:  {'RLT': True, 'triangularization': True, 'McCormick_beta_z': False, 'beta_logits_comparaison': False, 'beta_logits_comparaison_big_M': False, 'sum_beta_logits_equal_logit': False}
Writing pre-solve row to results.csv with data_index: 64 target: 2
Pre-solve row written to results.csv with data_index: 64 target: 2
Pre-solve row written to results.csv with 143159 constraints and 755701 variables.
INFO     00:48:16     [objective_classic.py:97] Adding Objective to the task
CALLBACK : Number of constraints : 143159
[conic bundle] factor=0.01 x 139785 contraintes dualisables candidates => 1398 reellement dualisees (les 138387 autres relachees mais jamais penalisees)
  [cb_native dynamic calibration] h(0)=3.950134 pool_initial=50/1398
[cb_native dynamic] h(0)=3.950134 > positivity_threshold=1e-06 -- arret immediat (stop_when_positive).
[conic bundle] data_index=64 target=2 optimal_value=3.950133856130686 n_iter=0 (36.77s)
Initializing TargetedSDP...
Creating list of ytargets...
K :  10
self.n :  [784 100 100 100 100 100 100 100 100 100  10]
Getting to compute bounds...
STUDY : use active neurons:  True use inactive neurons:  False
STUDY : Nb Stable neurons :  460
Number of cuts to test: 1
Cuts to test: [['RLT', 'triangularization']]
Initializing MosekClassicHandler

 
 folder name dans handler:  /lustre/fswork/projects/rech/llc/uvq13au/FastSDPCertification/results/benchmark/9x100-0.026/2026_10_02_00h37_33s_battery-targeted-rlt-cert
LAST_LAYER in resolve_layer_groups :  False
K :  10
CHORDAL_DECOMPOSITION  in resolve layer groups:  True
INPUT_IN_VARIABLES in resolve_layer_groups :  True
Taille de la matrice pour le groupe 0 [0, 1] : 819
Taille de la matrice pour le groupe 1 [1, 2] : 104
Taille de la matrice pour le groupe 2 [2, 3] : 121
Taille de la matrice pour le groupe 3 [3, 4] : 94
Taille de la matrice pour le groupe 4 [4, 5] : 81
Taille de la matrice pour le groupe 5 [5, 6] : 81
Taille de la matrice pour le groupe 6 [6, 7] : 96
Taille de la matrice pour le groupe 7 [7, 8] : 102
Taille de la matrice pour le groupe 8 [8, 9] : 107
Neurones stables actives:  set()
Neurones stables inactives:  {(7, 17), (1, 95), (7, 26), (8, 0), (8, 9), (5, 74), (8, 18), (9, 72), (5, 83), (6, 48), (5, 92), (6, 57), (9, 90), (6, 66), (6, 75), (4, 2), (6, 84), (2, 32), (3, 6), (4, 87), (3, 42), (7, 3), (1, 90), (1, 99), (7, 30), (5, 69), (6, 34), (9, 67), (5, 87), (5, 96), (8, 98), (2, 54), (3, 28), (4, 82), (3, 37), (4, 91), (1, 76), (1, 85), (5, 46), (9, 44), (9, 53), (5, 73), (6, 38), (6, 47), (8, 84), (2, 13), (8, 93), (2, 31), (3, 5), (3, 14), (4, 68), (3, 23), (1, 62), (1, 71), (7, 2), (1, 80), (5, 41), (1, 89), (9, 39), (5, 50), (6, 15), (5, 59), (6, 24), (5, 68), (5, 77), (6, 42), (7, 96), (8, 70), (8, 79), (8, 88), (2, 17), (3, 0), (3, 9), (3, 18), (4, 72), (4, 81), (1, 57), (4, 90), (4, 99), (5, 27), (1, 75), (9, 25), (9, 52), (6, 28), (6, 37), (6, 46), (8, 65), (8, 74), (8, 83), (2, 21), (4, 49), (4, 58), (1, 34), (4, 67), (1, 43), (4, 76), (4, 85), (1, 61), (9, 11), (5, 22), (1, 70), (9, 20), (5, 31), (3, 98), (5, 40), (9, 38), (9, 47), (5, 58), (6, 23), (8, 51), (7, 95), (8, 60), (8, 69), (8, 78), (2, 7), (8, 87), (1, 38), (1, 47), (4, 80), (1, 56), (5, 17), (1, 65), (3, 84), (9, 15), (5, 26), (3, 93), (5, 35), (6, 0), (9, 33), (5, 44), (6, 18), (7, 72), (8, 55), (8, 82), (4, 30), (4, 39), (1, 24), (4, 57), (1, 33), (5, 3), (3, 70), (5, 21), (3, 88), (9, 19), (5, 39), (8, 32), (7, 85), (7, 94), (8, 68), (6, 98), (4, 34), (1, 10), (4, 43), (1, 19), (1, 28), (4, 61), (1, 46), (5, 7), (3, 74), (3, 92), (7, 62), (8, 27), (7, 71), (8, 36), (4, 11), (6, 93), (4, 20), (4, 38), (1, 14), (4, 47), (1, 23), (1, 32), (2, 95), (3, 60), (5, 2), (3, 69), (5, 11), (8, 13), (7, 57), (7, 66), (8, 31), (7, 75), (9, 94), (8, 49), (6, 79), (4, 15), (6, 97), (4, 24), (1, 0), (1, 9), (1, 18), (3, 55), (2, 99), (3, 73), (7, 43), (8, 8), (8, 17), (5, 91), (8, 44), (9, 98), (6, 74), (4, 1), (6, 83), (6, 92), (4, 19), (1, 4), (1, 13), (3, 32), (2, 85), (3, 50), (2, 94), (7, 29), (7, 56), (9, 75), (5, 86), (6, 60), (9, 93), (6, 69), (6, 78), (4, 5), (2, 44), (2, 53), (3, 27), (2, 80), (7, 6), (3, 54), (7, 24), (7, 33), (8, 7), (5, 72), (9, 70), (5, 81), (9, 79), (5, 90), (6, 64), (6, 73), (4, 0), (6, 82), (4, 9), (3, 22), (2, 66), (2, 75), (3, 40), (1, 88), (7, 19), (7, 28), (7, 37), (8, 2), (9, 56), (5, 67), (9, 65), (5, 76), (6, 41), (5, 85), (6, 50), (9, 83), (6, 68), (8, 96), (2, 34), (3, 8), (3, 17), (2, 61), (4, 89), (3, 44), (4, 98), (1, 83), (7, 14), (1, 92), (7, 23), (5, 62), (6, 27), (5, 71), (6, 36), (5, 80), (6, 63), (8, 91), (2, 38), (3, 3), (2, 47), (3, 12), (4, 75), (3, 30), (4, 84), (1, 60), (1, 69), (1, 78), (7, 9), (1, 87), (9, 37), (5, 57), (6, 22), (5, 66), (5, 84), (6, 58), (2, 15), (8, 95), (2, 24), (3, 7), (4, 70), (3, 25), (4, 79), (1, 64), (4, 97), (7, 4), (5, 34), (1, 82), (1, 91), (6, 8), (5, 52), (5, 61), (9, 59), (5, 70), (6, 35), (7, 89), (3, 11), (1, 41), (4, 74), (1, 50), (4, 83), (4, 92), (1, 68), (9, 18), (1, 77), (9, 27), (6, 3), (5, 47), (6, 12), (6, 21), (9, 54), (6, 30), (7, 84), (6, 39), (8, 58), (8, 67), (8, 85), (1, 27), (1, 36), (1, 45), (1, 54), (9, 4), (5, 15), (1, 63), (5, 33), (9, 31), (5, 42), (6, 7), (9, 40), (5, 51), (7, 70), (7, 79), (8, 62), (8, 71), (1, 22), (4, 55), (1, 31), (4, 64), (4, 73), (5, 1), (5, 10), (3, 86), (3, 95), (9, 26), (5, 37), (9, 35), (6, 11), (7, 65), (7, 74), (7, 83), (8, 48), (7, 92), (8, 75), (4, 23), (1, 8), (4, 41), (1, 17), (4, 50), (1, 26), (1, 44), (2, 98), (3, 72), (9, 3), (9, 12), (3, 90), (5, 32), (3, 99), (6, 6), (8, 25), (7, 78), (8, 43), (8, 61), (4, 18), (1, 12), (4, 45), (1, 21), (1, 39), (3, 58), (5, 0), (5, 9), (3, 76), (9, 7), (7, 46), (7, 55), (7, 64), (8, 29), (7, 73), (8, 56), (6, 86), (4, 13), (6, 95), (4, 31), (1, 7), (4, 40), (1, 16), (2, 70), (2, 79), (2, 88), (5, 4), (9, 2), (5, 13), (7, 32), (8, 6), (8, 33), (9, 87), (6, 72), (4, 8), (6, 99), (1, 2), (2, 74), (3, 39), (2, 92), (7, 18), (3, 66), (7, 36), (8, 1), (7, 54), (8, 19), (8, 28), (9, 82), (6, 67), (6, 76), (4, 3), (4, 12), (6, 94), (2, 69), (3, 43), (3, 52), (7, 13), (8, 5), (5, 79), (6, 53), (9, 86), (5, 97), (6, 71), (6, 80), (4, 7), (4, 16), (1, 1), (2, 64), (2, 73), (3, 56)}
Adjusting MOSEK solver parameters
MOSEK time limit set to 180s
Adding objective function for Lan
Initializing variables...
CALLBACK num variables : 755701
Adding ReLU constraints for layer 1
Adding ReLU constraints for layer 2
Adding ReLU constraints for layer 3
Adding ReLU constraints for layer 4
Adding ReLU constraints for layer 5
Adding ReLU constraints for layer 6
Adding ReLU constraints for layer 7
Adding ReLU constraints for layer 8
Adding ReLU constraints for layer 9
Adding quadratic bounds constraint
Adding quadratic bounds constraint for layer 0
Adding quadratic bounds constraint for layer 1
Adding quadratic bounds constraint for layer 2
Adding quadratic bounds constraint for layer 3
Adding quadratic bounds constraint for layer 4
Adding quadratic bounds constraint for layer 5
Adding quadratic bounds constraint for layer 6
Adding quadratic bounds constraint for layer 7
Adding quadratic bounds constraint for layer 8
Adding quadratic bounds constraint for layer 9
Adding RLT constraint (compact)
Indexes pruned for layer 1 : []
Indexes pruned for layer 2 : [0, 1, 2, 4, 7, 8, 9, 10, 12, 13, 14, 16, 17, 18, 19, 21, 22, 23, 24, 26, 27, 28, 31, 32, 33, 34, 36, 38, 39, 41, 43, 44, 45, 46, 47, 50, 54, 56, 57, 60, 61, 62, 63, 64, 65, 68, 69, 70, 71, 75, 76, 77, 78, 80, 82, 83, 85, 87, 88, 89, 90, 91, 92, 95, 99]
Indexes pruned for layer 3 : [7, 13, 15, 17, 21, 24, 31, 32, 34, 38, 44, 47, 53, 54, 61, 64, 66, 69, 70, 73, 74, 75, 79, 80, 85, 88, 92, 94, 95, 98, 99]
Indexes pruned for layer 4 : [0, 3, 5, 6, 7, 8, 9, 11, 12, 14, 17, 18, 22, 23, 25, 27, 28, 30, 32, 37, 39, 40, 42, 43, 44, 50, 52, 54, 55, 56, 58, 60, 66, 69, 70, 72, 73, 74, 76, 84, 86, 88, 90, 92, 93, 95, 98, 99]
Indexes pruned for layer 5 : [0, 1, 2, 3, 5, 7, 8, 9, 11, 12, 13, 15, 16, 18, 19, 20, 23, 24, 30, 31, 34, 38, 39, 40, 41, 43, 45, 47, 49, 50, 55, 57, 58, 61, 64, 67, 68, 70, 72, 73, 74, 75, 76, 79, 80, 81, 82, 83, 84, 85, 87, 89, 90, 91, 92, 97, 98, 99]
Indexes pruned for layer 6 : [0, 1, 2, 3, 4, 7, 9, 10, 11, 13, 15, 17, 21, 22, 26, 27, 31, 32, 33, 34, 35, 37, 39, 40, 41, 42, 44, 46, 47, 50, 51, 52, 57, 58, 59, 61, 62, 66, 67, 68, 69, 70, 71, 72, 73, 74, 76, 77, 79, 80, 81, 83, 84, 85, 86, 87, 90, 91, 92, 96, 97]
Indexes pruned for layer 7 : [0, 3, 6, 7, 8, 11, 12, 15, 18, 21, 22, 23, 24, 27, 28, 30, 34, 35, 36, 37, 38, 39, 41, 42, 46, 47, 48, 50, 53, 57, 58, 60, 63, 64, 66, 67, 68, 69, 71, 72, 73, 74, 75, 76, 78, 79, 80, 82, 83, 84, 86, 92, 93, 94, 95, 97, 98, 99]
Indexes pruned for layer 8 : [2, 3, 4, 6, 9, 13, 14, 17, 18, 19, 23, 24, 26, 28, 29, 30, 32, 33, 36, 37, 43, 46, 54, 55, 56, 57, 62, 64, 65, 66, 70, 71, 72, 73, 74, 75, 78, 79, 83, 84, 85, 89, 92, 94, 95, 96]
Indexes pruned for layer 9 : [0, 1, 2, 5, 6, 7, 8, 9, 13, 17, 18, 19, 25, 27, 28, 29, 31, 32, 33, 36, 43, 44, 48, 49, 51, 55, 56, 58, 60, 61, 62, 65, 67, 68, 69, 70, 71, 74, 75, 78, 79, 82, 83, 84, 85, 87, 88, 91, 93, 95, 96, 98]
CALLBACK : RLT (compact) = 46595 (dont 0 en repli chemin lent)
Adding rec matrices constraint
Number of constraints for the matrix by layers: 381 for 10 layers, [784 100 100 100 100 100 100 100 100 100  10] neurons, boundary layers: [1, 2, 3, 4, 5, 6, 7, 8]
Adding first term equal zero constraint
CALLBACK : Ending constraints. Total number of constraints :  143159
Cuts in _write_presolve_row:  ['RLT', 'triangularization']
Number of constraints before optimization:  143159
Number of variables before optimization:  755701
All possible cuts:  ['RLT', 'triangularization', 'McCormick_beta_z', 'beta_logits_comparaison', 'beta_logits_comparaison_big_M', 'sum_beta_logits_equal_logit']
Cuts added to dic for _write_presolve_row:  {'RLT': True, 'triangularization': True, 'McCormick_beta_z': False, 'beta_logits_comparaison': False, 'beta_logits_comparaison_big_M': False, 'sum_beta_logits_equal_logit': False}
Writing pre-solve row to results.csv with data_index: 64 target: 3
Pre-solve row written to results.csv with data_index: 64 target: 3
Pre-solve row written to results.csv with 143159 constraints and 755701 variables.
INFO     00:48:55     [objective_classic.py:97] Adding Objective to the task
CALLBACK : Number of constraints : 143159
[conic bundle] factor=0.01 x 139785 contraintes dualisables candidates => 1398 reellement dualisees (les 138387 autres relachees mais jamais penalisees)
  [cb_native dynamic calibration] h(0)=6.709510 pool_initial=50/1398
[cb_native dynamic] h(0)=6.709510 > positivity_threshold=1e-06 -- arret immediat (stop_when_positive).
[conic bundle] data_index=64 target=3 optimal_value=6.709510144498449 n_iter=0 (40.46s)
Initializing TargetedSDP...
Creating list of ytargets...
K :  10
self.n :  [784 100 100 100 100 100 100 100 100 100  10]
Getting to compute bounds...
STUDY : use active neurons:  True use inactive neurons:  False
STUDY : Nb Stable neurons :  460
Number of cuts to test: 1
Cuts to test: [['RLT', 'triangularization']]
Initializing MosekClassicHandler

 
 folder name dans handler:  /lustre/fswork/projects/rech/llc/uvq13au/FastSDPCertification/results/benchmark/9x100-0.026/2026_10_02_00h37_33s_battery-targeted-rlt-cert
LAST_LAYER in resolve_layer_groups :  False
K :  10
CHORDAL_DECOMPOSITION  in resolve layer groups:  True
INPUT_IN_VARIABLES in resolve_layer_groups :  True
Taille de la matrice pour le groupe 0 [0, 1] : 819
Taille de la matrice pour le groupe 1 [1, 2] : 104
Taille de la matrice pour le groupe 2 [2, 3] : 121
Taille de la matrice pour le groupe 3 [3, 4] : 94
Taille de la matrice pour le groupe 4 [4, 5] : 81
Taille de la matrice pour le groupe 5 [5, 6] : 81
Taille de la matrice pour le groupe 6 [6, 7] : 96
Taille de la matrice pour le groupe 7 [7, 8] : 102
Taille de la matrice pour le groupe 8 [8, 9] : 107
Neurones stables actives:  set()
Neurones stables inactives:  {(7, 17), (1, 95), (7, 26), (8, 0), (8, 9), (5, 74), (8, 18), (9, 72), (5, 83), (6, 48), (5, 92), (6, 57), (9, 90), (6, 66), (6, 75), (4, 2), (6, 84), (2, 32), (3, 6), (4, 87), (3, 42), (7, 3), (1, 90), (1, 99), (7, 30), (5, 69), (6, 34), (9, 67), (5, 87), (5, 96), (8, 98), (2, 54), (3, 28), (4, 82), (3, 37), (4, 91), (1, 76), (1, 85), (5, 46), (9, 44), (9, 53), (5, 73), (6, 38), (6, 47), (8, 84), (2, 13), (8, 93), (2, 31), (3, 5), (3, 14), (4, 68), (3, 23), (1, 62), (1, 71), (7, 2), (1, 80), (5, 41), (1, 89), (9, 39), (5, 50), (6, 15), (5, 59), (6, 24), (5, 68), (5, 77), (6, 42), (7, 96), (8, 70), (8, 79), (8, 88), (2, 17), (3, 0), (3, 9), (3, 18), (4, 72), (4, 81), (1, 57), (4, 90), (4, 99), (5, 27), (1, 75), (9, 25), (9, 52), (6, 28), (6, 37), (6, 46), (8, 65), (8, 74), (8, 83), (2, 21), (4, 49), (4, 58), (1, 34), (4, 67), (1, 43), (4, 76), (4, 85), (1, 61), (9, 11), (5, 22), (1, 70), (9, 20), (5, 31), (3, 98), (5, 40), (9, 38), (9, 47), (5, 58), (6, 23), (8, 51), (7, 95), (8, 60), (8, 69), (8, 78), (2, 7), (8, 87), (1, 38), (1, 47), (4, 80), (1, 56), (5, 17), (1, 65), (3, 84), (9, 15), (5, 26), (3, 93), (5, 35), (6, 0), (9, 33), (5, 44), (6, 18), (7, 72), (8, 55), (8, 82), (4, 30), (4, 39), (1, 24), (4, 57), (1, 33), (5, 3), (3, 70), (5, 21), (3, 88), (9, 19), (5, 39), (8, 32), (7, 85), (7, 94), (8, 68), (6, 98), (4, 34), (1, 10), (4, 43), (1, 19), (1, 28), (4, 61), (1, 46), (5, 7), (3, 74), (3, 92), (7, 62), (8, 27), (7, 71), (8, 36), (4, 11), (6, 93), (4, 20), (4, 38), (1, 14), (4, 47), (1, 23), (1, 32), (2, 95), (3, 60), (5, 2), (3, 69), (5, 11), (8, 13), (7, 57), (7, 66), (8, 31), (7, 75), (9, 94), (8, 49), (6, 79), (4, 15), (6, 97), (4, 24), (1, 0), (1, 9), (1, 18), (3, 55), (2, 99), (3, 73), (7, 43), (8, 8), (8, 17), (5, 91), (8, 44), (9, 98), (6, 74), (4, 1), (6, 83), (6, 92), (4, 19), (1, 4), (1, 13), (3, 32), (2, 85), (3, 50), (2, 94), (7, 29), (7, 56), (9, 75), (5, 86), (6, 60), (9, 93), (6, 69), (6, 78), (4, 5), (2, 44), (2, 53), (3, 27), (2, 80), (7, 6), (3, 54), (7, 24), (7, 33), (8, 7), (5, 72), (9, 70), (5, 81), (9, 79), (5, 90), (6, 64), (6, 73), (4, 0), (6, 82), (4, 9), (3, 22), (2, 66), (2, 75), (3, 40), (1, 88), (7, 19), (7, 28), (7, 37), (8, 2), (9, 56), (5, 67), (9, 65), (5, 76), (6, 41), (5, 85), (6, 50), (9, 83), (6, 68), (8, 96), (2, 34), (3, 8), (3, 17), (2, 61), (4, 89), (3, 44), (4, 98), (1, 83), (7, 14), (1, 92), (7, 23), (5, 62), (6, 27), (5, 71), (6, 36), (5, 80), (6, 63), (8, 91), (2, 38), (3, 3), (2, 47), (3, 12), (4, 75), (3, 30), (4, 84), (1, 60), (1, 69), (1, 78), (7, 9), (1, 87), (9, 37), (5, 57), (6, 22), (5, 66), (5, 84), (6, 58), (2, 15), (8, 95), (2, 24), (3, 7), (4, 70), (3, 25), (4, 79), (1, 64), (4, 97), (7, 4), (5, 34), (1, 82), (1, 91), (6, 8), (5, 52), (5, 61), (9, 59), (5, 70), (6, 35), (7, 89), (3, 11), (1, 41), (4, 74), (1, 50), (4, 83), (4, 92), (1, 68), (9, 18), (1, 77), (9, 27), (6, 3), (5, 47), (6, 12), (6, 21), (9, 54), (6, 30), (7, 84), (6, 39), (8, 58), (8, 67), (8, 85), (1, 27), (1, 36), (1, 45), (1, 54), (9, 4), (5, 15), (1, 63), (5, 33), (9, 31), (5, 42), (6, 7), (9, 40), (5, 51), (7, 70), (7, 79), (8, 62), (8, 71), (1, 22), (4, 55), (1, 31), (4, 64), (4, 73), (5, 1), (5, 10), (3, 86), (3, 95), (9, 26), (5, 37), (9, 35), (6, 11), (7, 65), (7, 74), (7, 83), (8, 48), (7, 92), (8, 75), (4, 23), (1, 8), (4, 41), (1, 17), (4, 50), (1, 26), (1, 44), (2, 98), (3, 72), (9, 3), (9, 12), (3, 90), (5, 32), (3, 99), (6, 6), (8, 25), (7, 78), (8, 43), (8, 61), (4, 18), (1, 12), (4, 45), (1, 21), (1, 39), (3, 58), (5, 0), (5, 9), (3, 76), (9, 7), (7, 46), (7, 55), (7, 64), (8, 29), (7, 73), (8, 56), (6, 86), (4, 13), (6, 95), (4, 31), (1, 7), (4, 40), (1, 16), (2, 70), (2, 79), (2, 88), (5, 4), (9, 2), (5, 13), (7, 32), (8, 6), (8, 33), (9, 87), (6, 72), (4, 8), (6, 99), (1, 2), (2, 74), (3, 39), (2, 92), (7, 18), (3, 66), (7, 36), (8, 1), (7, 54), (8, 19), (8, 28), (9, 82), (6, 67), (6, 76), (4, 3), (4, 12), (6, 94), (2, 69), (3, 43), (3, 52), (7, 13), (8, 5), (5, 79), (6, 53), (9, 86), (5, 97), (6, 71), (6, 80), (4, 7), (4, 16), (1, 1), (2, 64), (2, 73), (3, 56)}
Adjusting MOSEK solver parameters
MOSEK time limit set to 180s
Adding objective function for Lan
Initializing variables...
CALLBACK num variables : 755701
Adding ReLU constraints for layer 1
Adding ReLU constraints for layer 2
Adding ReLU constraints for layer 3
Adding ReLU constraints for layer 4
Adding ReLU constraints for layer 5
Adding ReLU constraints for layer 6
Adding ReLU constraints for layer 7
Adding ReLU constraints for layer 8
Adding ReLU constraints for layer 9
Adding quadratic bounds constraint
Adding quadratic bounds constraint for layer 0
Adding quadratic bounds constraint for layer 1
Adding quadratic bounds constraint for layer 2
Adding quadratic bounds constraint for layer 3
Adding quadratic bounds constraint for layer 4
Adding quadratic bounds constraint for layer 5
Adding quadratic bounds constraint for layer 6
Adding quadratic bounds constraint for layer 7
Adding quadratic bounds constraint for layer 8
Adding quadratic bounds constraint for layer 9
Adding RLT constraint (compact)
Indexes pruned for layer 1 : []
Indexes pruned for layer 2 : [0, 1, 2, 4, 7, 8, 9, 10, 12, 13, 14, 16, 17, 18, 19, 21, 22, 23, 24, 26, 27, 28, 31, 32, 33, 34, 36, 38, 39, 41, 43, 44, 45, 46, 47, 50, 54, 56, 57, 60, 61, 62, 63, 64, 65, 68, 69, 70, 71, 75, 76, 77, 78, 80, 82, 83, 85, 87, 88, 89, 90, 91, 92, 95, 99]
Indexes pruned for layer 3 : [7, 13, 15, 17, 21, 24, 31, 32, 34, 38, 44, 47, 53, 54, 61, 64, 66, 69, 70, 73, 74, 75, 79, 80, 85, 88, 92, 94, 95, 98, 99]
Indexes pruned for layer 4 : [0, 3, 5, 6, 7, 8, 9, 11, 12, 14, 17, 18, 22, 23, 25, 27, 28, 30, 32, 37, 39, 40, 42, 43, 44, 50, 52, 54, 55, 56, 58, 60, 66, 69, 70, 72, 73, 74, 76, 84, 86, 88, 90, 92, 93, 95, 98, 99]
Indexes pruned for layer 5 : [0, 1, 2, 3, 5, 7, 8, 9, 11, 12, 13, 15, 16, 18, 19, 20, 23, 24, 30, 31, 34, 38, 39, 40, 41, 43, 45, 47, 49, 50, 55, 57, 58, 61, 64, 67, 68, 70, 72, 73, 74, 75, 76, 79, 80, 81, 82, 83, 84, 85, 87, 89, 90, 91, 92, 97, 98, 99]
Indexes pruned for layer 6 : [0, 1, 2, 3, 4, 7, 9, 10, 11, 13, 15, 17, 21, 22, 26, 27, 31, 32, 33, 34, 35, 37, 39, 40, 41, 42, 44, 46, 47, 50, 51, 52, 57, 58, 59, 61, 62, 66, 67, 68, 69, 70, 71, 72, 73, 74, 76, 77, 79, 80, 81, 83, 84, 85, 86, 87, 90, 91, 92, 96, 97]
Indexes pruned for layer 7 : [0, 3, 6, 7, 8, 11, 12, 15, 18, 21, 22, 23, 24, 27, 28, 30, 34, 35, 36, 37, 38, 39, 41, 42, 46, 47, 48, 50, 53, 57, 58, 60, 63, 64, 66, 67, 68, 69, 71, 72, 73, 74, 75, 76, 78, 79, 80, 82, 83, 84, 86, 92, 93, 94, 95, 97, 98, 99]
Indexes pruned for layer 8 : [2, 3, 4, 6, 9, 13, 14, 17, 18, 19, 23, 24, 26, 28, 29, 30, 32, 33, 36, 37, 43, 46, 54, 55, 56, 57, 62, 64, 65, 66, 70, 71, 72, 73, 74, 75, 78, 79, 83, 84, 85, 89, 92, 94, 95, 96]
Indexes pruned for layer 9 : [0, 1, 2, 5, 6, 7, 8, 9, 13, 17, 18, 19, 25, 27, 28, 29, 31, 32, 33, 36, 43, 44, 48, 49, 51, 55, 56, 58, 60, 61, 62, 65, 67, 68, 69, 70, 71, 74, 75, 78, 79, 82, 83, 84, 85, 87, 88, 91, 93, 95, 96, 98]
CALLBACK : RLT (compact) = 46595 (dont 0 en repli chemin lent)
Adding rec matrices constraint
Number of constraints for the matrix by layers: 381 for 10 layers, [784 100 100 100 100 100 100 100 100 100  10] neurons, boundary layers: [1, 2, 3, 4, 5, 6, 7, 8]
Adding first term equal zero constraint
CALLBACK : Ending constraints. Total number of constraints :  143159
Cuts in _write_presolve_row:  ['RLT', 'triangularization']
Number of constraints before optimization:  143159
Number of variables before optimization:  755701
All possible cuts:  ['RLT', 'triangularization', 'McCormick_beta_z', 'beta_logits_comparaison', 'beta_logits_comparaison_big_M', 'sum_beta_logits_equal_logit']
Cuts added to dic for _write_presolve_row:  {'RLT': True, 'triangularization': True, 'McCormick_beta_z': False, 'beta_logits_comparaison': False, 'beta_logits_comparaison_big_M': False, 'sum_beta_logits_equal_logit': False}
Writing pre-solve row to results.csv with data_index: 64 target: 4
Pre-solve row written to results.csv with data_index: 64 target: 4
Pre-solve row written to results.csv with 143159 constraints and 755701 variables.
INFO     00:49:38     [objective_classic.py:97] Adding Objective to the task
CALLBACK : Number of constraints : 143159
[conic bundle] factor=0.01 x 139785 contraintes dualisables candidates => 1398 reellement dualisees (les 138387 autres relachees mais jamais penalisees)
  [cb_native dynamic calibration] h(0)=4.600905 pool_initial=50/1398
[cb_native dynamic] h(0)=4.600905 > positivity_threshold=1e-06 -- arret immediat (stop_when_positive).
[conic bundle] data_index=64 target=4 optimal_value=4.600904536829166 n_iter=0 (40.94s)
Initializing TargetedSDP...
Creating list of ytargets...
K :  10
self.n :  [784 100 100 100 100 100 100 100 100 100  10]
Getting to compute bounds...
STUDY : use active neurons:  True use inactive neurons:  False
STUDY : Nb Stable neurons :  460
Number of cuts to test: 1
Cuts to test: [['RLT', 'triangularization']]
Initializing MosekClassicHandler

 
 folder name dans handler:  /lustre/fswork/projects/rech/llc/uvq13au/FastSDPCertification/results/benchmark/9x100-0.026/2026_10_02_00h37_33s_battery-targeted-rlt-cert
LAST_LAYER in resolve_layer_groups :  False
K :  10
CHORDAL_DECOMPOSITION  in resolve layer groups:  True
INPUT_IN_VARIABLES in resolve_layer_groups :  True
Taille de la matrice pour le groupe 0 [0, 1] : 819
Taille de la matrice pour le groupe 1 [1, 2] : 104
Taille de la matrice pour le groupe 2 [2, 3] : 121
Taille de la matrice pour le groupe 3 [3, 4] : 94
Taille de la matrice pour le groupe 4 [4, 5] : 81
Taille de la matrice pour le groupe 5 [5, 6] : 81
Taille de la matrice pour le groupe 6 [6, 7] : 96
Taille de la matrice pour le groupe 7 [7, 8] : 102
Taille de la matrice pour le groupe 8 [8, 9] : 107
Neurones stables actives:  set()
Neurones stables inactives:  {(7, 17), (1, 95), (7, 26), (8, 0), (8, 9), (5, 74), (8, 18), (9, 72), (5, 83), (6, 48), (5, 92), (6, 57), (9, 90), (6, 66), (6, 75), (4, 2), (6, 84), (2, 32), (3, 6), (4, 87), (3, 42), (7, 3), (1, 90), (1, 99), (7, 30), (5, 69), (6, 34), (9, 67), (5, 87), (5, 96), (8, 98), (2, 54), (3, 28), (4, 82), (3, 37), (4, 91), (1, 76), (1, 85), (5, 46), (9, 44), (9, 53), (5, 73), (6, 38), (6, 47), (8, 84), (2, 13), (8, 93), (2, 31), (3, 5), (3, 14), (4, 68), (3, 23), (1, 62), (1, 71), (7, 2), (1, 80), (5, 41), (1, 89), (9, 39), (5, 50), (6, 15), (5, 59), (6, 24), (5, 68), (5, 77), (6, 42), (7, 96), (8, 70), (8, 79), (8, 88), (2, 17), (3, 0), (3, 9), (3, 18), (4, 72), (4, 81), (1, 57), (4, 90), (4, 99), (5, 27), (1, 75), (9, 25), (9, 52), (6, 28), (6, 37), (6, 46), (8, 65), (8, 74), (8, 83), (2, 21), (4, 49), (4, 58), (1, 34), (4, 67), (1, 43), (4, 76), (4, 85), (1, 61), (9, 11), (5, 22), (1, 70), (9, 20), (5, 31), (3, 98), (5, 40), (9, 38), (9, 47), (5, 58), (6, 23), (8, 51), (7, 95), (8, 60), (8, 69), (8, 78), (2, 7), (8, 87), (1, 38), (1, 47), (4, 80), (1, 56), (5, 17), (1, 65), (3, 84), (9, 15), (5, 26), (3, 93), (5, 35), (6, 0), (9, 33), (5, 44), (6, 18), (7, 72), (8, 55), (8, 82), (4, 30), (4, 39), (1, 24), (4, 57), (1, 33), (5, 3), (3, 70), (5, 21), (3, 88), (9, 19), (5, 39), (8, 32), (7, 85), (7, 94), (8, 68), (6, 98), (4, 34), (1, 10), (4, 43), (1, 19), (1, 28), (4, 61), (1, 46), (5, 7), (3, 74), (3, 92), (7, 62), (8, 27), (7, 71), (8, 36), (4, 11), (6, 93), (4, 20), (4, 38), (1, 14), (4, 47), (1, 23), (1, 32), (2, 95), (3, 60), (5, 2), (3, 69), (5, 11), (8, 13), (7, 57), (7, 66), (8, 31), (7, 75), (9, 94), (8, 49), (6, 79), (4, 15), (6, 97), (4, 24), (1, 0), (1, 9), (1, 18), (3, 55), (2, 99), (3, 73), (7, 43), (8, 8), (8, 17), (5, 91), (8, 44), (9, 98), (6, 74), (4, 1), (6, 83), (6, 92), (4, 19), (1, 4), (1, 13), (3, 32), (2, 85), (3, 50), (2, 94), (7, 29), (7, 56), (9, 75), (5, 86), (6, 60), (9, 93), (6, 69), (6, 78), (4, 5), (2, 44), (2, 53), (3, 27), (2, 80), (7, 6), (3, 54), (7, 24), (7, 33), (8, 7), (5, 72), (9, 70), (5, 81), (9, 79), (5, 90), (6, 64), (6, 73), (4, 0), (6, 82), (4, 9), (3, 22), (2, 66), (2, 75), (3, 40), (1, 88), (7, 19), (7, 28), (7, 37), (8, 2), (9, 56), (5, 67), (9, 65), (5, 76), (6, 41), (5, 85), (6, 50), (9, 83), (6, 68), (8, 96), (2, 34), (3, 8), (3, 17), (2, 61), (4, 89), (3, 44), (4, 98), (1, 83), (7, 14), (1, 92), (7, 23), (5, 62), (6, 27), (5, 71), (6, 36), (5, 80), (6, 63), (8, 91), (2, 38), (3, 3), (2, 47), (3, 12), (4, 75), (3, 30), (4, 84), (1, 60), (1, 69), (1, 78), (7, 9), (1, 87), (9, 37), (5, 57), (6, 22), (5, 66), (5, 84), (6, 58), (2, 15), (8, 95), (2, 24), (3, 7), (4, 70), (3, 25), (4, 79), (1, 64), (4, 97), (7, 4), (5, 34), (1, 82), (1, 91), (6, 8), (5, 52), (5, 61), (9, 59), (5, 70), (6, 35), (7, 89), (3, 11), (1, 41), (4, 74), (1, 50), (4, 83), (4, 92), (1, 68), (9, 18), (1, 77), (9, 27), (6, 3), (5, 47), (6, 12), (6, 21), (9, 54), (6, 30), (7, 84), (6, 39), (8, 58), (8, 67), (8, 85), (1, 27), (1, 36), (1, 45), (1, 54), (9, 4), (5, 15), (1, 63), (5, 33), (9, 31), (5, 42), (6, 7), (9, 40), (5, 51), (7, 70), (7, 79), (8, 62), (8, 71), (1, 22), (4, 55), (1, 31), (4, 64), (4, 73), (5, 1), (5, 10), (3, 86), (3, 95), (9, 26), (5, 37), (9, 35), (6, 11), (7, 65), (7, 74), (7, 83), (8, 48), (7, 92), (8, 75), (4, 23), (1, 8), (4, 41), (1, 17), (4, 50), (1, 26), (1, 44), (2, 98), (3, 72), (9, 3), (9, 12), (3, 90), (5, 32), (3, 99), (6, 6), (8, 25), (7, 78), (8, 43), (8, 61), (4, 18), (1, 12), (4, 45), (1, 21), (1, 39), (3, 58), (5, 0), (5, 9), (3, 76), (9, 7), (7, 46), (7, 55), (7, 64), (8, 29), (7, 73), (8, 56), (6, 86), (4, 13), (6, 95), (4, 31), (1, 7), (4, 40), (1, 16), (2, 70), (2, 79), (2, 88), (5, 4), (9, 2), (5, 13), (7, 32), (8, 6), (8, 33), (9, 87), (6, 72), (4, 8), (6, 99), (1, 2), (2, 74), (3, 39), (2, 92), (7, 18), (3, 66), (7, 36), (8, 1), (7, 54), (8, 19), (8, 28), (9, 82), (6, 67), (6, 76), (4, 3), (4, 12), (6, 94), (2, 69), (3, 43), (3, 52), (7, 13), (8, 5), (5, 79), (6, 53), (9, 86), (5, 97), (6, 71), (6, 80), (4, 7), (4, 16), (1, 1), (2, 64), (2, 73), (3, 56)}
Adjusting MOSEK solver parameters
MOSEK time limit set to 180s
Adding objective function for Lan
Initializing variables...
CALLBACK num variables : 755701
Adding ReLU constraints for layer 1
Adding ReLU constraints for layer 2
Adding ReLU constraints for layer 3
Adding ReLU constraints for layer 4
Adding ReLU constraints for layer 5
Adding ReLU constraints for layer 6
Adding ReLU constraints for layer 7
Adding ReLU constraints for layer 8
Adding ReLU constraints for layer 9
Adding quadratic bounds constraint
Adding quadratic bounds constraint for layer 0
Adding quadratic bounds constraint for layer 1
Adding quadratic bounds constraint for layer 2
Adding quadratic bounds constraint for layer 3
Adding quadratic bounds constraint for layer 4
Adding quadratic bounds constraint for layer 5
Adding quadratic bounds constraint for layer 6
Adding quadratic bounds constraint for layer 7
Adding quadratic bounds constraint for layer 8
Adding quadratic bounds constraint for layer 9
Adding RLT constraint (compact)
Indexes pruned for layer 1 : []
Indexes pruned for layer 2 : [0, 1, 2, 4, 7, 8, 9, 10, 12, 13, 14, 16, 17, 18, 19, 21, 22, 23, 24, 26, 27, 28, 31, 32, 33, 34, 36, 38, 39, 41, 43, 44, 45, 46, 47, 50, 54, 56, 57, 60, 61, 62, 63, 64, 65, 68, 69, 70, 71, 75, 76, 77, 78, 80, 82, 83, 85, 87, 88, 89, 90, 91, 92, 95, 99]
Indexes pruned for layer 3 : [7, 13, 15, 17, 21, 24, 31, 32, 34, 38, 44, 47, 53, 54, 61, 64, 66, 69, 70, 73, 74, 75, 79, 80, 85, 88, 92, 94, 95, 98, 99]
Indexes pruned for layer 4 : [0, 3, 5, 6, 7, 8, 9, 11, 12, 14, 17, 18, 22, 23, 25, 27, 28, 30, 32, 37, 39, 40, 42, 43, 44, 50, 52, 54, 55, 56, 58, 60, 66, 69, 70, 72, 73, 74, 76, 84, 86, 88, 90, 92, 93, 95, 98, 99]
Indexes pruned for layer 5 : [0, 1, 2, 3, 5, 7, 8, 9, 11, 12, 13, 15, 16, 18, 19, 20, 23, 24, 30, 31, 34, 38, 39, 40, 41, 43, 45, 47, 49, 50, 55, 57, 58, 61, 64, 67, 68, 70, 72, 73, 74, 75, 76, 79, 80, 81, 82, 83, 84, 85, 87, 89, 90, 91, 92, 97, 98, 99]
Indexes pruned for layer 6 : [0, 1, 2, 3, 4, 7, 9, 10, 11, 13, 15, 17, 21, 22, 26, 27, 31, 32, 33, 34, 35, 37, 39, 40, 41, 42, 44, 46, 47, 50, 51, 52, 57, 58, 59, 61, 62, 66, 67, 68, 69, 70, 71, 72, 73, 74, 76, 77, 79, 80, 81, 83, 84, 85, 86, 87, 90, 91, 92, 96, 97]
Indexes pruned for layer 7 : [0, 3, 6, 7, 8, 11, 12, 15, 18, 21, 22, 23, 24, 27, 28, 30, 34, 35, 36, 37, 38, 39, 41, 42, 46, 47, 48, 50, 53, 57, 58, 60, 63, 64, 66, 67, 68, 69, 71, 72, 73, 74, 75, 76, 78, 79, 80, 82, 83, 84, 86, 92, 93, 94, 95, 97, 98, 99]
Indexes pruned for layer 8 : [2, 3, 4, 6, 9, 13, 14, 17, 18, 19, 23, 24, 26, 28, 29, 30, 32, 33, 36, 37, 43, 46, 54, 55, 56, 57, 62, 64, 65, 66, 70, 71, 72, 73, 74, 75, 78, 79, 83, 84, 85, 89, 92, 94, 95, 96]
Indexes pruned for layer 9 : [0, 1, 2, 5, 6, 7, 8, 9, 13, 17, 18, 19, 25, 27, 28, 29, 31, 32, 33, 36, 43, 44, 48, 49, 51, 55, 56, 58, 60, 61, 62, 65, 67, 68, 69, 70, 71, 74, 75, 78, 79, 82, 83, 84, 85, 87, 88, 91, 93, 95, 96, 98]
CALLBACK : RLT (compact) = 46595 (dont 0 en repli chemin lent)
Adding rec matrices constraint
Number of constraints for the matrix by layers: 381 for 10 layers, [784 100 100 100 100 100 100 100 100 100  10] neurons, boundary layers: [1, 2, 3, 4, 5, 6, 7, 8]
Adding first term equal zero constraint
CALLBACK : Ending constraints. Total number of constraints :  143159
Cuts in _write_presolve_row:  ['RLT', 'triangularization']
Number of constraints before optimization:  143159
Number of variables before optimization:  755701
All possible cuts:  ['RLT', 'triangularization', 'McCormick_beta_z', 'beta_logits_comparaison', 'beta_logits_comparaison_big_M', 'sum_beta_logits_equal_logit']
Cuts added to dic for _write_presolve_row:  {'RLT': True, 'triangularization': True, 'McCormick_beta_z': False, 'beta_logits_comparaison': False, 'beta_logits_comparaison_big_M': False, 'sum_beta_logits_equal_logit': False}
Writing pre-solve row to results.csv with data_index: 64 target: 5
Pre-solve row written to results.csv with data_index: 64 target: 5
Pre-solve row written to results.csv with 143159 constraints and 755701 variables.
INFO     00:50:21     [objective_classic.py:97] Adding Objective to the task
CALLBACK : Number of constraints : 143159
[conic bundle] factor=0.01 x 139785 contraintes dualisables candidates => 1398 reellement dualisees (les 138387 autres relachees mais jamais penalisees)
  [cb_native dynamic calibration] h(0)=3.699050 pool_initial=50/1398
[cb_native dynamic] h(0)=3.699050 > positivity_threshold=1e-06 -- arret immediat (stop_when_positive).
[conic bundle] data_index=64 target=5 optimal_value=3.699049623389023 n_iter=0 (81.14s)
Initializing TargetedSDP...
Creating list of ytargets...
K :  10
self.n :  [784 100 100 100 100 100 100 100 100 100  10]
Getting to compute bounds...
STUDY : use active neurons:  True use inactive neurons:  False
STUDY : Nb Stable neurons :  460
Number of cuts to test: 1
Cuts to test: [['RLT', 'triangularization']]
Initializing MosekClassicHandler

 
 folder name dans handler:  /lustre/fswork/projects/rech/llc/uvq13au/FastSDPCertification/results/benchmark/9x100-0.026/2026_10_02_00h37_33s_battery-targeted-rlt-cert
LAST_LAYER in resolve_layer_groups :  False
K :  10
CHORDAL_DECOMPOSITION  in resolve layer groups:  True
INPUT_IN_VARIABLES in resolve_layer_groups :  True
Taille de la matrice pour le groupe 0 [0, 1] : 819
Taille de la matrice pour le groupe 1 [1, 2] : 104
Taille de la matrice pour le groupe 2 [2, 3] : 121
Taille de la matrice pour le groupe 3 [3, 4] : 94
Taille de la matrice pour le groupe 4 [4, 5] : 81
Taille de la matrice pour le groupe 5 [5, 6] : 81
Taille de la matrice pour le groupe 6 [6, 7] : 96
Taille de la matrice pour le groupe 7 [7, 8] : 102
Taille de la matrice pour le groupe 8 [8, 9] : 107
Neurones stables actives:  set()
Neurones stables inactives:  {(7, 17), (1, 95), (7, 26), (8, 0), (8, 9), (5, 74), (8, 18), (9, 72), (5, 83), (6, 48), (5, 92), (6, 57), (9, 90), (6, 66), (6, 75), (4, 2), (6, 84), (2, 32), (3, 6), (4, 87), (3, 42), (7, 3), (1, 90), (1, 99), (7, 30), (5, 69), (6, 34), (9, 67), (5, 87), (5, 96), (8, 98), (2, 54), (3, 28), (4, 82), (3, 37), (4, 91), (1, 76), (1, 85), (5, 46), (9, 44), (9, 53), (5, 73), (6, 38), (6, 47), (8, 84), (2, 13), (8, 93), (2, 31), (3, 5), (3, 14), (4, 68), (3, 23), (1, 62), (1, 71), (7, 2), (1, 80), (5, 41), (1, 89), (9, 39), (5, 50), (6, 15), (5, 59), (6, 24), (5, 68), (5, 77), (6, 42), (7, 96), (8, 70), (8, 79), (8, 88), (2, 17), (3, 0), (3, 9), (3, 18), (4, 72), (4, 81), (1, 57), (4, 90), (4, 99), (5, 27), (1, 75), (9, 25), (9, 52), (6, 28), (6, 37), (6, 46), (8, 65), (8, 74), (8, 83), (2, 21), (4, 49), (4, 58), (1, 34), (4, 67), (1, 43), (4, 76), (4, 85), (1, 61), (9, 11), (5, 22), (1, 70), (9, 20), (5, 31), (3, 98), (5, 40), (9, 38), (9, 47), (5, 58), (6, 23), (8, 51), (7, 95), (8, 60), (8, 69), (8, 78), (2, 7), (8, 87), (1, 38), (1, 47), (4, 80), (1, 56), (5, 17), (1, 65), (3, 84), (9, 15), (5, 26), (3, 93), (5, 35), (6, 0), (9, 33), (5, 44), (6, 18), (7, 72), (8, 55), (8, 82), (4, 30), (4, 39), (1, 24), (4, 57), (1, 33), (5, 3), (3, 70), (5, 21), (3, 88), (9, 19), (5, 39), (8, 32), (7, 85), (7, 94), (8, 68), (6, 98), (4, 34), (1, 10), (4, 43), (1, 19), (1, 28), (4, 61), (1, 46), (5, 7), (3, 74), (3, 92), (7, 62), (8, 27), (7, 71), (8, 36), (4, 11), (6, 93), (4, 20), (4, 38), (1, 14), (4, 47), (1, 23), (1, 32), (2, 95), (3, 60), (5, 2), (3, 69), (5, 11), (8, 13), (7, 57), (7, 66), (8, 31), (7, 75), (9, 94), (8, 49), (6, 79), (4, 15), (6, 97), (4, 24), (1, 0), (1, 9), (1, 18), (3, 55), (2, 99), (3, 73), (7, 43), (8, 8), (8, 17), (5, 91), (8, 44), (9, 98), (6, 74), (4, 1), (6, 83), (6, 92), (4, 19), (1, 4), (1, 13), (3, 32), (2, 85), (3, 50), (2, 94), (7, 29), (7, 56), (9, 75), (5, 86), (6, 60), (9, 93), (6, 69), (6, 78), (4, 5), (2, 44), (2, 53), (3, 27), (2, 80), (7, 6), (3, 54), (7, 24), (7, 33), (8, 7), (5, 72), (9, 70), (5, 81), (9, 79), (5, 90), (6, 64), (6, 73), (4, 0), (6, 82), (4, 9), (3, 22), (2, 66), (2, 75), (3, 40), (1, 88), (7, 19), (7, 28), (7, 37), (8, 2), (9, 56), (5, 67), (9, 65), (5, 76), (6, 41), (5, 85), (6, 50), (9, 83), (6, 68), (8, 96), (2, 34), (3, 8), (3, 17), (2, 61), (4, 89), (3, 44), (4, 98), (1, 83), (7, 14), (1, 92), (7, 23), (5, 62), (6, 27), (5, 71), (6, 36), (5, 80), (6, 63), (8, 91), (2, 38), (3, 3), (2, 47), (3, 12), (4, 75), (3, 30), (4, 84), (1, 60), (1, 69), (1, 78), (7, 9), (1, 87), (9, 37), (5, 57), (6, 22), (5, 66), (5, 84), (6, 58), (2, 15), (8, 95), (2, 24), (3, 7), (4, 70), (3, 25), (4, 79), (1, 64), (4, 97), (7, 4), (5, 34), (1, 82), (1, 91), (6, 8), (5, 52), (5, 61), (9, 59), (5, 70), (6, 35), (7, 89), (3, 11), (1, 41), (4, 74), (1, 50), (4, 83), (4, 92), (1, 68), (9, 18), (1, 77), (9, 27), (6, 3), (5, 47), (6, 12), (6, 21), (9, 54), (6, 30), (7, 84), (6, 39), (8, 58), (8, 67), (8, 85), (1, 27), (1, 36), (1, 45), (1, 54), (9, 4), (5, 15), (1, 63), (5, 33), (9, 31), (5, 42), (6, 7), (9, 40), (5, 51), (7, 70), (7, 79), (8, 62), (8, 71), (1, 22), (4, 55), (1, 31), (4, 64), (4, 73), (5, 1), (5, 10), (3, 86), (3, 95), (9, 26), (5, 37), (9, 35), (6, 11), (7, 65), (7, 74), (7, 83), (8, 48), (7, 92), (8, 75), (4, 23), (1, 8), (4, 41), (1, 17), (4, 50), (1, 26), (1, 44), (2, 98), (3, 72), (9, 3), (9, 12), (3, 90), (5, 32), (3, 99), (6, 6), (8, 25), (7, 78), (8, 43), (8, 61), (4, 18), (1, 12), (4, 45), (1, 21), (1, 39), (3, 58), (5, 0), (5, 9), (3, 76), (9, 7), (7, 46), (7, 55), (7, 64), (8, 29), (7, 73), (8, 56), (6, 86), (4, 13), (6, 95), (4, 31), (1, 7), (4, 40), (1, 16), (2, 70), (2, 79), (2, 88), (5, 4), (9, 2), (5, 13), (7, 32), (8, 6), (8, 33), (9, 87), (6, 72), (4, 8), (6, 99), (1, 2), (2, 74), (3, 39), (2, 92), (7, 18), (3, 66), (7, 36), (8, 1), (7, 54), (8, 19), (8, 28), (9, 82), (6, 67), (6, 76), (4, 3), (4, 12), (6, 94), (2, 69), (3, 43), (3, 52), (7, 13), (8, 5), (5, 79), (6, 53), (9, 86), (5, 97), (6, 71), (6, 80), (4, 7), (4, 16), (1, 1), (2, 64), (2, 73), (3, 56)}
Adjusting MOSEK solver parameters
MOSEK time limit set to 180s
Adding objective function for Lan
Initializing variables...
CALLBACK num variables : 755701
Adding ReLU constraints for layer 1
Adding ReLU constraints for layer 2
Adding ReLU constraints for layer 3
Adding ReLU constraints for layer 4
Adding ReLU constraints for layer 5
Adding ReLU constraints for layer 6
Adding ReLU constraints for layer 7
Adding ReLU constraints for layer 8
Adding ReLU constraints for layer 9
Adding quadratic bounds constraint
Adding quadratic bounds constraint for layer 0
Adding quadratic bounds constraint for layer 1
Adding quadratic bounds constraint for layer 2
Adding quadratic bounds constraint for layer 3
Adding quadratic bounds constraint for layer 4
Adding quadratic bounds constraint for layer 5
Adding quadratic bounds constraint for layer 6
Adding quadratic bounds constraint for layer 7
Adding quadratic bounds constraint for layer 8
Adding quadratic bounds constraint for layer 9
Adding RLT constraint (compact)
Indexes pruned for layer 1 : []
Indexes pruned for layer 2 : [0, 1, 2, 4, 7, 8, 9, 10, 12, 13, 14, 16, 17, 18, 19, 21, 22, 23, 24, 26, 27, 28, 31, 32, 33, 34, 36, 38, 39, 41, 43, 44, 45, 46, 47, 50, 54, 56, 57, 60, 61, 62, 63, 64, 65, 68, 69, 70, 71, 75, 76, 77, 78, 80, 82, 83, 85, 87, 88, 89, 90, 91, 92, 95, 99]
Indexes pruned for layer 3 : [7, 13, 15, 17, 21, 24, 31, 32, 34, 38, 44, 47, 53, 54, 61, 64, 66, 69, 70, 73, 74, 75, 79, 80, 85, 88, 92, 94, 95, 98, 99]
Indexes pruned for layer 4 : [0, 3, 5, 6, 7, 8, 9, 11, 12, 14, 17, 18, 22, 23, 25, 27, 28, 30, 32, 37, 39, 40, 42, 43, 44, 50, 52, 54, 55, 56, 58, 60, 66, 69, 70, 72, 73, 74, 76, 84, 86, 88, 90, 92, 93, 95, 98, 99]
Indexes pruned for layer 5 : [0, 1, 2, 3, 5, 7, 8, 9, 11, 12, 13, 15, 16, 18, 19, 20, 23, 24, 30, 31, 34, 38, 39, 40, 41, 43, 45, 47, 49, 50, 55, 57, 58, 61, 64, 67, 68, 70, 72, 73, 74, 75, 76, 79, 80, 81, 82, 83, 84, 85, 87, 89, 90, 91, 92, 97, 98, 99]
Indexes pruned for layer 6 : [0, 1, 2, 3, 4, 7, 9, 10, 11, 13, 15, 17, 21, 22, 26, 27, 31, 32, 33, 34, 35, 37, 39, 40, 41, 42, 44, 46, 47, 50, 51, 52, 57, 58, 59, 61, 62, 66, 67, 68, 69, 70, 71, 72, 73, 74, 76, 77, 79, 80, 81, 83, 84, 85, 86, 87, 90, 91, 92, 96, 97]
Indexes pruned for layer 7 : [0, 3, 6, 7, 8, 11, 12, 15, 18, 21, 22, 23, 24, 27, 28, 30, 34, 35, 36, 37, 38, 39, 41, 42, 46, 47, 48, 50, 53, 57, 58, 60, 63, 64, 66, 67, 68, 69, 71, 72, 73, 74, 75, 76, 78, 79, 80, 82, 83, 84, 86, 92, 93, 94, 95, 97, 98, 99]
Indexes pruned for layer 8 : [2, 3, 4, 6, 9, 13, 14, 17, 18, 19, 23, 24, 26, 28, 29, 30, 32, 33, 36, 37, 43, 46, 54, 55, 56, 57, 62, 64, 65, 66, 70, 71, 72, 73, 74, 75, 78, 79, 83, 84, 85, 89, 92, 94, 95, 96]
Indexes pruned for layer 9 : [0, 1, 2, 5, 6, 7, 8, 9, 13, 17, 18, 19, 25, 27, 28, 29, 31, 32, 33, 36, 43, 44, 48, 49, 51, 55, 56, 58, 60, 61, 62, 65, 67, 68, 69, 70, 71, 74, 75, 78, 79, 82, 83, 84, 85, 87, 88, 91, 93, 95, 96, 98]
CALLBACK : RLT (compact) = 46595 (dont 0 en repli chemin lent)
Adding rec matrices constraint
Number of constraints for the matrix by layers: 381 for 10 layers, [784 100 100 100 100 100 100 100 100 100  10] neurons, boundary layers: [1, 2, 3, 4, 5, 6, 7, 8]
Adding first term equal zero constraint
CALLBACK : Ending constraints. Total number of constraints :  143159
Cuts in _write_presolve_row:  ['RLT', 'triangularization']
Number of constraints before optimization:  143159
Number of variables before optimization:  755701
All possible cuts:  ['RLT', 'triangularization', 'McCormick_beta_z', 'beta_logits_comparaison', 'beta_logits_comparaison_big_M', 'sum_beta_logits_equal_logit']
Cuts added to dic for _write_presolve_row:  {'RLT': True, 'triangularization': True, 'McCormick_beta_z': False, 'beta_logits_comparaison': False, 'beta_logits_comparaison_big_M': False, 'sum_beta_logits_equal_logit': False}
Writing pre-solve row to results.csv with data_index: 64 target: 7
Pre-solve row written to results.csv with data_index: 64 target: 7
Pre-solve row written to results.csv with 143159 constraints and 755701 variables.
INFO     00:51:44     [objective_classic.py:97] Adding Objective to the task
CALLBACK : Number of constraints : 143159
[conic bundle] factor=0.01 x 139785 contraintes dualisables candidates => 1398 reellement dualisees (les 138387 autres relachees mais jamais penalisees)
  [cb_native dynamic calibration] h(0)=8.250200 pool_initial=50/1398
[cb_native dynamic] h(0)=8.250200 > positivity_threshold=1e-06 -- arret immediat (stop_when_positive).
[conic bundle] data_index=64 target=7 optimal_value=8.250199834484633 n_iter=0 (40.92s)
Initializing TargetedSDP...
Creating list of ytargets...
K :  10
self.n :  [784 100 100 100 100 100 100 100 100 100  10]
Getting to compute bounds...
STUDY : use active neurons:  True use inactive neurons:  False
STUDY : Nb Stable neurons :  460
Number of cuts to test: 1
Cuts to test: [['RLT', 'triangularization']]
Initializing MosekClassicHandler

 
 folder name dans handler:  /lustre/fswork/projects/rech/llc/uvq13au/FastSDPCertification/results/benchmark/9x100-0.026/2026_10_02_00h37_33s_battery-targeted-rlt-cert
LAST_LAYER in resolve_layer_groups :  False
K :  10
CHORDAL_DECOMPOSITION  in resolve layer groups:  True
INPUT_IN_VARIABLES in resolve_layer_groups :  True
Taille de la matrice pour le groupe 0 [0, 1] : 819
Taille de la matrice pour le groupe 1 [1, 2] : 104
Taille de la matrice pour le groupe 2 [2, 3] : 121
Taille de la matrice pour le groupe 3 [3, 4] : 94
Taille de la matrice pour le groupe 4 [4, 5] : 81
Taille de la matrice pour le groupe 5 [5, 6] : 81
Taille de la matrice pour le groupe 6 [6, 7] : 96
Taille de la matrice pour le groupe 7 [7, 8] : 102
Taille de la matrice pour le groupe 8 [8, 9] : 107
Neurones stables actives:  set()
Neurones stables inactives:  {(7, 17), (1, 95), (7, 26), (8, 0), (8, 9), (5, 74), (8, 18), (9, 72), (5, 83), (6, 48), (5, 92), (6, 57), (9, 90), (6, 66), (6, 75), (4, 2), (6, 84), (2, 32), (3, 6), (4, 87), (3, 42), (7, 3), (1, 90), (1, 99), (7, 30), (5, 69), (6, 34), (9, 67), (5, 87), (5, 96), (8, 98), (2, 54), (3, 28), (4, 82), (3, 37), (4, 91), (1, 76), (1, 85), (5, 46), (9, 44), (9, 53), (5, 73), (6, 38), (6, 47), (8, 84), (2, 13), (8, 93), (2, 31), (3, 5), (3, 14), (4, 68), (3, 23), (1, 62), (1, 71), (7, 2), (1, 80), (5, 41), (1, 89), (9, 39), (5, 50), (6, 15), (5, 59), (6, 24), (5, 68), (5, 77), (6, 42), (7, 96), (8, 70), (8, 79), (8, 88), (2, 17), (3, 0), (3, 9), (3, 18), (4, 72), (4, 81), (1, 57), (4, 90), (4, 99), (5, 27), (1, 75), (9, 25), (9, 52), (6, 28), (6, 37), (6, 46), (8, 65), (8, 74), (8, 83), (2, 21), (4, 49), (4, 58), (1, 34), (4, 67), (1, 43), (4, 76), (4, 85), (1, 61), (9, 11), (5, 22), (1, 70), (9, 20), (5, 31), (3, 98), (5, 40), (9, 38), (9, 47), (5, 58), (6, 23), (8, 51), (7, 95), (8, 60), (8, 69), (8, 78), (2, 7), (8, 87), (1, 38), (1, 47), (4, 80), (1, 56), (5, 17), (1, 65), (3, 84), (9, 15), (5, 26), (3, 93), (5, 35), (6, 0), (9, 33), (5, 44), (6, 18), (7, 72), (8, 55), (8, 82), (4, 30), (4, 39), (1, 24), (4, 57), (1, 33), (5, 3), (3, 70), (5, 21), (3, 88), (9, 19), (5, 39), (8, 32), (7, 85), (7, 94), (8, 68), (6, 98), (4, 34), (1, 10), (4, 43), (1, 19), (1, 28), (4, 61), (1, 46), (5, 7), (3, 74), (3, 92), (7, 62), (8, 27), (7, 71), (8, 36), (4, 11), (6, 93), (4, 20), (4, 38), (1, 14), (4, 47), (1, 23), (1, 32), (2, 95), (3, 60), (5, 2), (3, 69), (5, 11), (8, 13), (7, 57), (7, 66), (8, 31), (7, 75), (9, 94), (8, 49), (6, 79), (4, 15), (6, 97), (4, 24), (1, 0), (1, 9), (1, 18), (3, 55), (2, 99), (3, 73), (7, 43), (8, 8), (8, 17), (5, 91), (8, 44), (9, 98), (6, 74), (4, 1), (6, 83), (6, 92), (4, 19), (1, 4), (1, 13), (3, 32), (2, 85), (3, 50), (2, 94), (7, 29), (7, 56), (9, 75), (5, 86), (6, 60), (9, 93), (6, 69), (6, 78), (4, 5), (2, 44), (2, 53), (3, 27), (2, 80), (7, 6), (3, 54), (7, 24), (7, 33), (8, 7), (5, 72), (9, 70), (5, 81), (9, 79), (5, 90), (6, 64), (6, 73), (4, 0), (6, 82), (4, 9), (3, 22), (2, 66), (2, 75), (3, 40), (1, 88), (7, 19), (7, 28), (7, 37), (8, 2), (9, 56), (5, 67), (9, 65), (5, 76), (6, 41), (5, 85), (6, 50), (9, 83), (6, 68), (8, 96), (2, 34), (3, 8), (3, 17), (2, 61), (4, 89), (3, 44), (4, 98), (1, 83), (7, 14), (1, 92), (7, 23), (5, 62), (6, 27), (5, 71), (6, 36), (5, 80), (6, 63), (8, 91), (2, 38), (3, 3), (2, 47), (3, 12), (4, 75), (3, 30), (4, 84), (1, 60), (1, 69), (1, 78), (7, 9), (1, 87), (9, 37), (5, 57), (6, 22), (5, 66), (5, 84), (6, 58), (2, 15), (8, 95), (2, 24), (3, 7), (4, 70), (3, 25), (4, 79), (1, 64), (4, 97), (7, 4), (5, 34), (1, 82), (1, 91), (6, 8), (5, 52), (5, 61), (9, 59), (5, 70), (6, 35), (7, 89), (3, 11), (1, 41), (4, 74), (1, 50), (4, 83), (4, 92), (1, 68), (9, 18), (1, 77), (9, 27), (6, 3), (5, 47), (6, 12), (6, 21), (9, 54), (6, 30), (7, 84), (6, 39), (8, 58), (8, 67), (8, 85), (1, 27), (1, 36), (1, 45), (1, 54), (9, 4), (5, 15), (1, 63), (5, 33), (9, 31), (5, 42), (6, 7), (9, 40), (5, 51), (7, 70), (7, 79), (8, 62), (8, 71), (1, 22), (4, 55), (1, 31), (4, 64), (4, 73), (5, 1), (5, 10), (3, 86), (3, 95), (9, 26), (5, 37), (9, 35), (6, 11), (7, 65), (7, 74), (7, 83), (8, 48), (7, 92), (8, 75), (4, 23), (1, 8), (4, 41), (1, 17), (4, 50), (1, 26), (1, 44), (2, 98), (3, 72), (9, 3), (9, 12), (3, 90), (5, 32), (3, 99), (6, 6), (8, 25), (7, 78), (8, 43), (8, 61), (4, 18), (1, 12), (4, 45), (1, 21), (1, 39), (3, 58), (5, 0), (5, 9), (3, 76), (9, 7), (7, 46), (7, 55), (7, 64), (8, 29), (7, 73), (8, 56), (6, 86), (4, 13), (6, 95), (4, 31), (1, 7), (4, 40), (1, 16), (2, 70), (2, 79), (2, 88), (5, 4), (9, 2), (5, 13), (7, 32), (8, 6), (8, 33), (9, 87), (6, 72), (4, 8), (6, 99), (1, 2), (2, 74), (3, 39), (2, 92), (7, 18), (3, 66), (7, 36), (8, 1), (7, 54), (8, 19), (8, 28), (9, 82), (6, 67), (6, 76), (4, 3), (4, 12), (6, 94), (2, 69), (3, 43), (3, 52), (7, 13), (8, 5), (5, 79), (6, 53), (9, 86), (5, 97), (6, 71), (6, 80), (4, 7), (4, 16), (1, 1), (2, 64), (2, 73), (3, 56)}
Adjusting MOSEK solver parameters
MOSEK time limit set to 180s
Adding objective function for Lan
Initializing variables...
CALLBACK num variables : 755701
Adding ReLU constraints for layer 1
Adding ReLU constraints for layer 2
Adding ReLU constraints for layer 3
Adding ReLU constraints for layer 4
Adding ReLU constraints for layer 5
Adding ReLU constraints for layer 6
Adding ReLU constraints for layer 7
Adding ReLU constraints for layer 8
Adding ReLU constraints for layer 9
Adding quadratic bounds constraint
Adding quadratic bounds constraint for layer 0
Adding quadratic bounds constraint for layer 1
Adding quadratic bounds constraint for layer 2
Adding quadratic bounds constraint for layer 3
Adding quadratic bounds constraint for layer 4
Adding quadratic bounds constraint for layer 5
Adding quadratic bounds constraint for layer 6
Adding quadratic bounds constraint for layer 7
Adding quadratic bounds constraint for layer 8
Adding quadratic bounds constraint for layer 9
Adding RLT constraint (compact)
Indexes pruned for layer 1 : []
Indexes pruned for layer 2 : [0, 1, 2, 4, 7, 8, 9, 10, 12, 13, 14, 16, 17, 18, 19, 21, 22, 23, 24, 26, 27, 28, 31, 32, 33, 34, 36, 38, 39, 41, 43, 44, 45, 46, 47, 50, 54, 56, 57, 60, 61, 62, 63, 64, 65, 68, 69, 70, 71, 75, 76, 77, 78, 80, 82, 83, 85, 87, 88, 89, 90, 91, 92, 95, 99]
Indexes pruned for layer 3 : [7, 13, 15, 17, 21, 24, 31, 32, 34, 38, 44, 47, 53, 54, 61, 64, 66, 69, 70, 73, 74, 75, 79, 80, 85, 88, 92, 94, 95, 98, 99]
Indexes pruned for layer 4 : [0, 3, 5, 6, 7, 8, 9, 11, 12, 14, 17, 18, 22, 23, 25, 27, 28, 30, 32, 37, 39, 40, 42, 43, 44, 50, 52, 54, 55, 56, 58, 60, 66, 69, 70, 72, 73, 74, 76, 84, 86, 88, 90, 92, 93, 95, 98, 99]
Indexes pruned for layer 5 : [0, 1, 2, 3, 5, 7, 8, 9, 11, 12, 13, 15, 16, 18, 19, 20, 23, 24, 30, 31, 34, 38, 39, 40, 41, 43, 45, 47, 49, 50, 55, 57, 58, 61, 64, 67, 68, 70, 72, 73, 74, 75, 76, 79, 80, 81, 82, 83, 84, 85, 87, 89, 90, 91, 92, 97, 98, 99]
Indexes pruned for layer 6 : [0, 1, 2, 3, 4, 7, 9, 10, 11, 13, 15, 17, 21, 22, 26, 27, 31, 32, 33, 34, 35, 37, 39, 40, 41, 42, 44, 46, 47, 50, 51, 52, 57, 58, 59, 61, 62, 66, 67, 68, 69, 70, 71, 72, 73, 74, 76, 77, 79, 80, 81, 83, 84, 85, 86, 87, 90, 91, 92, 96, 97]
Indexes pruned for layer 7 : [0, 3, 6, 7, 8, 11, 12, 15, 18, 21, 22, 23, 24, 27, 28, 30, 34, 35, 36, 37, 38, 39, 41, 42, 46, 47, 48, 50, 53, 57, 58, 60, 63, 64, 66, 67, 68, 69, 71, 72, 73, 74, 75, 76, 78, 79, 80, 82, 83, 84, 86, 92, 93, 94, 95, 97, 98, 99]
Indexes pruned for layer 8 : [2, 3, 4, 6, 9, 13, 14, 17, 18, 19, 23, 24, 26, 28, 29, 30, 32, 33, 36, 37, 43, 46, 54, 55, 56, 57, 62, 64, 65, 66, 70, 71, 72, 73, 74, 75, 78, 79, 83, 84, 85, 89, 92, 94, 95, 96]
Indexes pruned for layer 9 : [0, 1, 2, 5, 6, 7, 8, 9, 13, 17, 18, 19, 25, 27, 28, 29, 31, 32, 33, 36, 43, 44, 48, 49, 51, 55, 56, 58, 60, 61, 62, 65, 67, 68, 69, 70, 71, 74, 75, 78, 79, 82, 83, 84, 85, 87, 88, 91, 93, 95, 96, 98]
CALLBACK : RLT (compact) = 46595 (dont 0 en repli chemin lent)
Adding rec matrices constraint
Number of constraints for the matrix by layers: 381 for 10 layers, [784 100 100 100 100 100 100 100 100 100  10] neurons, boundary layers: [1, 2, 3, 4, 5, 6, 7, 8]
Adding first term equal zero constraint
CALLBACK : Ending constraints. Total number of constraints :  143159
Cuts in _write_presolve_row:  ['RLT', 'triangularization']
Number of constraints before optimization:  143159
Number of variables before optimization:  755701
All possible cuts:  ['RLT', 'triangularization', 'McCormick_beta_z', 'beta_logits_comparaison', 'beta_logits_comparaison_big_M', 'sum_beta_logits_equal_logit']
Cuts added to dic for _write_presolve_row:  {'RLT': True, 'triangularization': True, 'McCormick_beta_z': False, 'beta_logits_comparaison': False, 'beta_logits_comparaison_big_M': False, 'sum_beta_logits_equal_logit': False}
Writing pre-solve row to results.csv with data_index: 64 target: 8
Pre-solve row written to results.csv with data_index: 64 target: 8
Pre-solve row written to results.csv with 143159 constraints and 755701 variables.
INFO     00:52:27     [objective_classic.py:97] Adding Objective to the task
CALLBACK : Number of constraints : 143159
[conic bundle] factor=0.01 x 139785 contraintes dualisables candidates => 1398 reellement dualisees (les 138387 autres relachees mais jamais penalisees)
  [cb_native dynamic calibration] h(0)=2.579781 pool_initial=15/1398
[cb_native dynamic] h(0)=2.579781 > positivity_threshold=1e-06 -- arret immediat (stop_when_positive).
[conic bundle] data_index=64 target=8 optimal_value=2.5797812407882987 n_iter=0 (39.26s)
Initializing TargetedSDP...
Creating list of ytargets...
K :  10
self.n :  [784 100 100 100 100 100 100 100 100 100  10]
Getting to compute bounds...
STUDY : use active neurons:  True use inactive neurons:  False
STUDY : Nb Stable neurons :  460
Number of cuts to test: 1
Cuts to test: [['RLT', 'triangularization']]
Initializing MosekClassicHandler

 
 folder name dans handler:  /lustre/fswork/projects/rech/llc/uvq13au/FastSDPCertification/results/benchmark/9x100-0.026/2026_10_02_00h37_33s_battery-targeted-rlt-cert
LAST_LAYER in resolve_layer_groups :  False
K :  10
CHORDAL_DECOMPOSITION  in resolve layer groups:  True
INPUT_IN_VARIABLES in resolve_layer_groups :  True
Taille de la matrice pour le groupe 0 [0, 1] : 819
Taille de la matrice pour le groupe 1 [1, 2] : 104
Taille de la matrice pour le groupe 2 [2, 3] : 121
Taille de la matrice pour le groupe 3 [3, 4] : 94
Taille de la matrice pour le groupe 4 [4, 5] : 81
Taille de la matrice pour le groupe 5 [5, 6] : 81
Taille de la matrice pour le groupe 6 [6, 7] : 96
Taille de la matrice pour le groupe 7 [7, 8] : 102
Taille de la matrice pour le groupe 8 [8, 9] : 107
Neurones stables actives:  set()
Neurones stables inactives:  {(7, 17), (1, 95), (7, 26), (8, 0), (8, 9), (5, 74), (8, 18), (9, 72), (5, 83), (6, 48), (5, 92), (6, 57), (9, 90), (6, 66), (6, 75), (4, 2), (6, 84), (2, 32), (3, 6), (4, 87), (3, 42), (7, 3), (1, 90), (1, 99), (7, 30), (5, 69), (6, 34), (9, 67), (5, 87), (5, 96), (8, 98), (2, 54), (3, 28), (4, 82), (3, 37), (4, 91), (1, 76), (1, 85), (5, 46), (9, 44), (9, 53), (5, 73), (6, 38), (6, 47), (8, 84), (2, 13), (8, 93), (2, 31), (3, 5), (3, 14), (4, 68), (3, 23), (1, 62), (1, 71), (7, 2), (1, 80), (5, 41), (1, 89), (9, 39), (5, 50), (6, 15), (5, 59), (6, 24), (5, 68), (5, 77), (6, 42), (7, 96), (8, 70), (8, 79), (8, 88), (2, 17), (3, 0), (3, 9), (3, 18), (4, 72), (4, 81), (1, 57), (4, 90), (4, 99), (5, 27), (1, 75), (9, 25), (9, 52), (6, 28), (6, 37), (6, 46), (8, 65), (8, 74), (8, 83), (2, 21), (4, 49), (4, 58), (1, 34), (4, 67), (1, 43), (4, 76), (4, 85), (1, 61), (9, 11), (5, 22), (1, 70), (9, 20), (5, 31), (3, 98), (5, 40), (9, 38), (9, 47), (5, 58), (6, 23), (8, 51), (7, 95), (8, 60), (8, 69), (8, 78), (2, 7), (8, 87), (1, 38), (1, 47), (4, 80), (1, 56), (5, 17), (1, 65), (3, 84), (9, 15), (5, 26), (3, 93), (5, 35), (6, 0), (9, 33), (5, 44), (6, 18), (7, 72), (8, 55), (8, 82), (4, 30), (4, 39), (1, 24), (4, 57), (1, 33), (5, 3), (3, 70), (5, 21), (3, 88), (9, 19), (5, 39), (8, 32), (7, 85), (7, 94), (8, 68), (6, 98), (4, 34), (1, 10), (4, 43), (1, 19), (1, 28), (4, 61), (1, 46), (5, 7), (3, 74), (3, 92), (7, 62), (8, 27), (7, 71), (8, 36), (4, 11), (6, 93), (4, 20), (4, 38), (1, 14), (4, 47), (1, 23), (1, 32), (2, 95), (3, 60), (5, 2), (3, 69), (5, 11), (8, 13), (7, 57), (7, 66), (8, 31), (7, 75), (9, 94), (8, 49), (6, 79), (4, 15), (6, 97), (4, 24), (1, 0), (1, 9), (1, 18), (3, 55), (2, 99), (3, 73), (7, 43), (8, 8), (8, 17), (5, 91), (8, 44), (9, 98), (6, 74), (4, 1), (6, 83), (6, 92), (4, 19), (1, 4), (1, 13), (3, 32), (2, 85), (3, 50), (2, 94), (7, 29), (7, 56), (9, 75), (5, 86), (6, 60), (9, 93), (6, 69), (6, 78), (4, 5), (2, 44), (2, 53), (3, 27), (2, 80), (7, 6), (3, 54), (7, 24), (7, 33), (8, 7), (5, 72), (9, 70), (5, 81), (9, 79), (5, 90), (6, 64), (6, 73), (4, 0), (6, 82), (4, 9), (3, 22), (2, 66), (2, 75), (3, 40), (1, 88), (7, 19), (7, 28), (7, 37), (8, 2), (9, 56), (5, 67), (9, 65), (5, 76), (6, 41), (5, 85), (6, 50), (9, 83), (6, 68), (8, 96), (2, 34), (3, 8), (3, 17), (2, 61), (4, 89), (3, 44), (4, 98), (1, 83), (7, 14), (1, 92), (7, 23), (5, 62), (6, 27), (5, 71), (6, 36), (5, 80), (6, 63), (8, 91), (2, 38), (3, 3), (2, 47), (3, 12), (4, 75), (3, 30), (4, 84), (1, 60), (1, 69), (1, 78), (7, 9), (1, 87), (9, 37), (5, 57), (6, 22), (5, 66), (5, 84), (6, 58), (2, 15), (8, 95), (2, 24), (3, 7), (4, 70), (3, 25), (4, 79), (1, 64), (4, 97), (7, 4), (5, 34), (1, 82), (1, 91), (6, 8), (5, 52), (5, 61), (9, 59), (5, 70), (6, 35), (7, 89), (3, 11), (1, 41), (4, 74), (1, 50), (4, 83), (4, 92), (1, 68), (9, 18), (1, 77), (9, 27), (6, 3), (5, 47), (6, 12), (6, 21), (9, 54), (6, 30), (7, 84), (6, 39), (8, 58), (8, 67), (8, 85), (1, 27), (1, 36), (1, 45), (1, 54), (9, 4), (5, 15), (1, 63), (5, 33), (9, 31), (5, 42), (6, 7), (9, 40), (5, 51), (7, 70), (7, 79), (8, 62), (8, 71), (1, 22), (4, 55), (1, 31), (4, 64), (4, 73), (5, 1), (5, 10), (3, 86), (3, 95), (9, 26), (5, 37), (9, 35), (6, 11), (7, 65), (7, 74), (7, 83), (8, 48), (7, 92), (8, 75), (4, 23), (1, 8), (4, 41), (1, 17), (4, 50), (1, 26), (1, 44), (2, 98), (3, 72), (9, 3), (9, 12), (3, 90), (5, 32), (3, 99), (6, 6), (8, 25), (7, 78), (8, 43), (8, 61), (4, 18), (1, 12), (4, 45), (1, 21), (1, 39), (3, 58), (5, 0), (5, 9), (3, 76), (9, 7), (7, 46), (7, 55), (7, 64), (8, 29), (7, 73), (8, 56), (6, 86), (4, 13), (6, 95), (4, 31), (1, 7), (4, 40), (1, 16), (2, 70), (2, 79), (2, 88), (5, 4), (9, 2), (5, 13), (7, 32), (8, 6), (8, 33), (9, 87), (6, 72), (4, 8), (6, 99), (1, 2), (2, 74), (3, 39), (2, 92), (7, 18), (3, 66), (7, 36), (8, 1), (7, 54), (8, 19), (8, 28), (9, 82), (6, 67), (6, 76), (4, 3), (4, 12), (6, 94), (2, 69), (3, 43), (3, 52), (7, 13), (8, 5), (5, 79), (6, 53), (9, 86), (5, 97), (6, 71), (6, 80), (4, 7), (4, 16), (1, 1), (2, 64), (2, 73), (3, 56)}
Adjusting MOSEK solver parameters
MOSEK time limit set to 180s
Adding objective function for Lan
Initializing variables...
CALLBACK num variables : 755701
Adding ReLU constraints for layer 1
Adding ReLU constraints for layer 2
Adding ReLU constraints for layer 3
Adding ReLU constraints for layer 4
Adding ReLU constraints for layer 5
Adding ReLU constraints for layer 6
Adding ReLU constraints for layer 7
Adding ReLU constraints for layer 8
Adding ReLU constraints for layer 9
Adding quadratic bounds constraint
Adding quadratic bounds constraint for layer 0
Adding quadratic bounds constraint for layer 1
Adding quadratic bounds constraint for layer 2
Adding quadratic bounds constraint for layer 3
Adding quadratic bounds constraint for layer 4
Adding quadratic bounds constraint for layer 5
Adding quadratic bounds constraint for layer 6
Adding quadratic bounds constraint for layer 7
Adding quadratic bounds constraint for layer 8
Adding quadratic bounds constraint for layer 9
Adding RLT constraint (compact)
Indexes pruned for layer 1 : []
Indexes pruned for layer 2 : [0, 1, 2, 4, 7, 8, 9, 10, 12, 13, 14, 16, 17, 18, 19, 21, 22, 23, 24, 26, 27, 28, 31, 32, 33, 34, 36, 38, 39, 41, 43, 44, 45, 46, 47, 50, 54, 56, 57, 60, 61, 62, 63, 64, 65, 68, 69, 70, 71, 75, 76, 77, 78, 80, 82, 83, 85, 87, 88, 89, 90, 91, 92, 95, 99]
Indexes pruned for layer 3 : [7, 13, 15, 17, 21, 24, 31, 32, 34, 38, 44, 47, 53, 54, 61, 64, 66, 69, 70, 73, 74, 75, 79, 80, 85, 88, 92, 94, 95, 98, 99]
Indexes pruned for layer 4 : [0, 3, 5, 6, 7, 8, 9, 11, 12, 14, 17, 18, 22, 23, 25, 27, 28, 30, 32, 37, 39, 40, 42, 43, 44, 50, 52, 54, 55, 56, 58, 60, 66, 69, 70, 72, 73, 74, 76, 84, 86, 88, 90, 92, 93, 95, 98, 99]
Indexes pruned for layer 5 : [0, 1, 2, 3, 5, 7, 8, 9, 11, 12, 13, 15, 16, 18, 19, 20, 23, 24, 30, 31, 34, 38, 39, 40, 41, 43, 45, 47, 49, 50, 55, 57, 58, 61, 64, 67, 68, 70, 72, 73, 74, 75, 76, 79, 80, 81, 82, 83, 84, 85, 87, 89, 90, 91, 92, 97, 98, 99]
Indexes pruned for layer 6 : [0, 1, 2, 3, 4, 7, 9, 10, 11, 13, 15, 17, 21, 22, 26, 27, 31, 32, 33, 34, 35, 37, 39, 40, 41, 42, 44, 46, 47, 50, 51, 52, 57, 58, 59, 61, 62, 66, 67, 68, 69, 70, 71, 72, 73, 74, 76, 77, 79, 80, 81, 83, 84, 85, 86, 87, 90, 91, 92, 96, 97]
Indexes pruned for layer 7 : [0, 3, 6, 7, 8, 11, 12, 15, 18, 21, 22, 23, 24, 27, 28, 30, 34, 35, 36, 37, 38, 39, 41, 42, 46, 47, 48, 50, 53, 57, 58, 60, 63, 64, 66, 67, 68, 69, 71, 72, 73, 74, 75, 76, 78, 79, 80, 82, 83, 84, 86, 92, 93, 94, 95, 97, 98, 99]
Indexes pruned for layer 8 : [2, 3, 4, 6, 9, 13, 14, 17, 18, 19, 23, 24, 26, 28, 29, 30, 32, 33, 36, 37, 43, 46, 54, 55, 56, 57, 62, 64, 65, 66, 70, 71, 72, 73, 74, 75, 78, 79, 83, 84, 85, 89, 92, 94, 95, 96]
Indexes pruned for layer 9 : [0, 1, 2, 5, 6, 7, 8, 9, 13, 17, 18, 19, 25, 27, 28, 29, 31, 32, 33, 36, 43, 44, 48, 49, 51, 55, 56, 58, 60, 61, 62, 65, 67, 68, 69, 70, 71, 74, 75, 78, 79, 82, 83, 84, 85, 87, 88, 91, 93, 95, 96, 98]
CALLBACK : RLT (compact) = 46595 (dont 0 en repli chemin lent)
Adding rec matrices constraint
Number of constraints for the matrix by layers: 381 for 10 layers, [784 100 100 100 100 100 100 100 100 100  10] neurons, boundary layers: [1, 2, 3, 4, 5, 6, 7, 8]
Adding first term equal zero constraint
CALLBACK : Ending constraints. Total number of constraints :  143159
Cuts in _write_presolve_row:  ['RLT', 'triangularization']
Number of constraints before optimization:  143159
Number of variables before optimization:  755701
All possible cuts:  ['RLT', 'triangularization', 'McCormick_beta_z', 'beta_logits_comparaison', 'beta_logits_comparaison_big_M', 'sum_beta_logits_equal_logit']
Cuts added to dic for _write_presolve_row:  {'RLT': True, 'triangularization': True, 'McCormick_beta_z': False, 'beta_logits_comparaison': False, 'beta_logits_comparaison_big_M': False, 'sum_beta_logits_equal_logit': False}
Writing pre-solve row to results.csv with data_index: 64 target: 9
Pre-solve row written to results.csv with data_index: 64 target: 9
Pre-solve row written to results.csv with 143159 constraints and 755701 variables.
INFO     00:53:09     [objective_classic.py:97] Adding Objective to the task
CALLBACK : Number of constraints : 143159
[conic bundle] factor=0.01 x 139785 contraintes dualisables candidates => 1398 reellement dualisees (les 138387 autres relachees mais jamais penalisees)
  [cb_native dynamic calibration] h(0)=6.211555 pool_initial=50/1398
[cb_native dynamic] h(0)=6.211555 > positivity_threshold=1e-06 -- arret immediat (stop_when_positive).
[conic bundle] data_index=64 target=9 optimal_value=6.21155538641426 n_iter=0 (42.96s)
Initializing TargetedSDP...
Creating list of ytargets...
K :  10
self.n :  [784 100 100 100 100 100 100 100 100 100  10]
Getting to compute bounds...
STUDY : use active neurons:  True use inactive neurons:  False
STUDY : Nb Stable neurons :  428
Number of cuts to test: 1
Cuts to test: [['RLT', 'triangularization']]
Initializing MosekClassicHandler

 
 folder name dans handler:  /lustre/fswork/projects/rech/llc/uvq13au/FastSDPCertification/results/benchmark/9x100-0.026/2026_10_02_00h37_33s_battery-targeted-rlt-cert
LAST_LAYER in resolve_layer_groups :  False
K :  10
CHORDAL_DECOMPOSITION  in resolve layer groups:  True
INPUT_IN_VARIABLES in resolve_layer_groups :  True
Taille de la matrice pour le groupe 0 [0, 1] : 820
Taille de la matrice pour le groupe 1 [1, 2] : 106
Taille de la matrice pour le groupe 2 [2, 3] : 123
Taille de la matrice pour le groupe 3 [3, 4] : 98
Taille de la matrice pour le groupe 4 [4, 5] : 86
Taille de la matrice pour le groupe 5 [5, 6] : 88
Taille de la matrice pour le groupe 6 [6, 7] : 108
Taille de la matrice pour le groupe 7 [7, 8] : 116
Taille de la matrice pour le groupe 8 [8, 9] : 119
Neurones stables actives:  set()
Neurones stables inactives:  {(7, 17), (1, 95), (7, 26), (8, 0), (8, 9), (5, 74), (8, 18), (9, 72), (5, 83), (6, 48), (5, 92), (6, 57), (9, 90), (6, 66), (6, 84), (2, 32), (3, 6), (3, 15), (2, 59), (4, 87), (3, 42), (7, 3), (1, 90), (1, 99), (7, 30), (5, 69), (6, 34), (9, 67), (5, 87), (5, 96), (3, 10), (2, 54), (3, 28), (3, 37), (4, 91), (1, 85), (5, 46), (9, 44), (9, 53), (5, 73), (6, 38), (6, 47), (8, 84), (8, 93), (2, 31), (3, 5), (3, 14), (4, 68), (1, 62), (1, 71), (7, 2), (1, 80), (5, 41), (1, 89), (9, 39), (5, 50), (6, 15), (5, 59), (5, 68), (5, 77), (6, 42), (7, 96), (8, 70), (8, 88), (2, 17), (3, 0), (3, 9), (3, 18), (4, 72), (4, 81), (1, 57), (1, 66), (4, 99), (5, 27), (1, 75), (9, 25), (5, 36), (9, 52), (6, 28), (6, 37), (6, 46), (8, 65), (8, 83), (2, 21), (4, 49), (4, 58), (1, 34), (4, 67), (1, 43), (4, 85), (1, 61), (9, 11), (5, 22), (1, 70), (5, 31), (3, 98), (5, 40), (5, 49), (9, 47), (5, 58), (6, 23), (8, 51), (7, 95), (8, 60), (8, 69), (8, 78), (8, 87), (1, 38), (1, 47), (4, 80), (1, 56), (5, 17), (1, 65), (9, 15), (5, 26), (3, 93), (5, 35), (6, 0), (9, 33), (5, 44), (6, 18), (7, 72), (8, 55), (4, 30), (4, 39), (1, 24), (4, 57), (1, 33), (4, 66), (5, 3), (3, 70), (5, 21), (3, 88), (9, 19), (8, 32), (8, 68), (4, 34), (1, 10), (4, 43), (1, 19), (4, 52), (1, 28), (1, 46), (5, 7), (3, 74), (7, 62), (8, 27), (7, 71), (8, 36), (4, 11), (6, 93), (4, 20), (4, 29), (4, 38), (1, 14), (4, 47), (1, 23), (2, 86), (2, 95), (3, 60), (5, 2), (3, 69), (5, 11), (7, 57), (7, 66), (8, 31), (7, 75), (9, 94), (8, 49), (6, 79), (4, 15), (6, 97), (4, 24), (1, 0), (1, 9), (1, 18), (3, 55), (2, 99), (7, 43), (8, 17), (5, 91), (8, 44), (9, 98), (6, 74), (4, 1), (6, 83), (6, 92), (4, 19), (1, 13), (3, 41), (3, 50), (9, 75), (5, 86), (6, 60), (9, 93), (6, 78), (4, 5), (6, 87), (2, 44), (2, 53), (3, 27), (2, 80), (7, 6), (3, 54), (7, 24), (7, 33), (8, 7), (5, 72), (9, 70), (5, 81), (9, 79), (5, 90), (6, 55), (6, 73), (6, 82), (4, 9), (2, 48), (3, 22), (3, 31), (2, 75), (7, 1), (1, 88), (7, 19), (7, 28), (7, 37), (8, 2), (9, 56), (5, 67), (9, 65), (6, 41), (5, 85), (6, 50), (6, 68), (8, 96), (2, 34), (3, 8), (3, 17), (2, 61), (4, 89), (4, 98), (1, 74), (1, 83), (7, 14), (1, 92), (7, 23), (5, 62), (6, 27), (6, 36), (5, 80), (6, 45), (8, 91), (2, 38), (3, 3), (2, 47), (3, 12), (2, 56), (4, 75), (3, 30), (4, 84), (1, 60), (1, 69), (1, 78), (7, 9), (1, 87), (9, 37), (5, 66), (6, 58), (2, 15), (8, 95), (2, 24), (3, 7), (4, 70), (3, 25), (4, 79), (1, 64), (7, 4), (5, 34), (1, 82), (1, 91), (6, 8), (5, 52), (5, 61), (9, 59), (5, 70), (6, 35), (3, 11), (1, 41), (4, 74), (1, 50), (4, 83), (4, 92), (1, 68), (9, 18), (1, 77), (9, 27), (6, 3), (5, 47), (6, 12), (6, 21), (9, 54), (6, 30), (7, 84), (6, 39), (8, 58), (8, 67), (2, 23), (1, 27), (1, 36), (1, 45), (4, 78), (1, 54), (9, 4), (5, 15), (1, 63), (3, 91), (5, 33), (9, 31), (5, 42), (6, 7), (9, 40), (7, 70), (7, 79), (8, 62), (8, 71), (1, 22), (4, 55), (1, 31), (4, 64), (4, 73), (5, 1), (5, 10), (3, 86), (3, 95), (9, 26), (5, 37), (9, 35), (6, 11), (7, 65), (7, 74), (7, 83), (8, 48), (7, 92), (8, 75), (2, 4), (4, 23), (1, 8), (4, 41), (1, 17), (4, 50), (1, 26), (1, 44), (3, 72), (3, 81), (9, 12), (5, 23), (3, 90), (5, 32), (6, 6), (8, 25), (8, 43), (8, 61), (4, 18), (1, 12), (4, 45), (1, 21), (1, 30), (2, 84), (1, 39), (3, 58), (5, 0), (5, 9), (3, 76), (9, 7), (7, 55), (7, 64), (7, 73), (8, 56), (6, 86), (4, 13), (6, 95), (4, 31), (1, 7), (4, 40), (2, 70), (2, 88), (5, 4), (3, 71), (9, 2), (5, 13), (7, 32), (8, 6), (8, 33), (9, 87), (6, 72), (4, 8), (6, 99), (1, 2), (3, 39), (2, 92), (7, 18), (3, 66), (7, 36), (8, 1), (8, 19), (8, 28), (9, 82), (6, 76), (4, 3), (4, 12), (6, 94), (2, 69), (3, 43), (3, 52), (7, 13), (8, 5), (5, 79), (8, 23), (5, 88), (6, 53), (5, 97), (6, 71), (6, 80), (4, 7), (4, 16), (1, 1), (2, 55), (2, 73), (3, 56)}
Initializing TargetedSDP...
Creating list of ytargets...
K :  10
self.n :  [784 100 100 100 100 100 100 100 100 100  10]
Getting to compute bounds...
STUDY : use active neurons:  True use inactive neurons:  False
STUDY : Nb Stable neurons :  428
Number of cuts to test: 1
Cuts to test: [['RLT', 'triangularization']]
Initializing MosekClassicHandler

 
 folder name dans handler:  /lustre/fswork/projects/rech/llc/uvq13au/FastSDPCertification/results/benchmark/9x100-0.026/2026_10_02_00h37_33s_battery-targeted-rlt-cert
LAST_LAYER in resolve_layer_groups :  False
K :  10
CHORDAL_DECOMPOSITION  in resolve layer groups:  True
INPUT_IN_VARIABLES in resolve_layer_groups :  True
Taille de la matrice pour le groupe 0 [0, 1] : 820
Taille de la matrice pour le groupe 1 [1, 2] : 106
Taille de la matrice pour le groupe 2 [2, 3] : 123
Taille de la matrice pour le groupe 3 [3, 4] : 98
Taille de la matrice pour le groupe 4 [4, 5] : 86
Taille de la matrice pour le groupe 5 [5, 6] : 88
Taille de la matrice pour le groupe 6 [6, 7] : 108
Taille de la matrice pour le groupe 7 [7, 8] : 116
Taille de la matrice pour le groupe 8 [8, 9] : 119
Neurones stables actives:  set()
Neurones stables inactives:  {(7, 17), (1, 95), (7, 26), (8, 0), (8, 9), (5, 74), (8, 18), (9, 72), (5, 83), (6, 48), (5, 92), (6, 57), (9, 90), (6, 66), (6, 84), (2, 32), (3, 6), (3, 15), (2, 59), (4, 87), (3, 42), (7, 3), (1, 90), (1, 99), (7, 30), (5, 69), (6, 34), (9, 67), (5, 87), (5, 96), (3, 10), (2, 54), (3, 28), (3, 37), (4, 91), (1, 85), (5, 46), (9, 44), (9, 53), (5, 73), (6, 38), (6, 47), (8, 84), (8, 93), (2, 31), (3, 5), (3, 14), (4, 68), (1, 62), (1, 71), (7, 2), (1, 80), (5, 41), (1, 89), (9, 39), (5, 50), (6, 15), (5, 59), (5, 68), (5, 77), (6, 42), (7, 96), (8, 70), (8, 88), (2, 17), (3, 0), (3, 9), (3, 18), (4, 72), (4, 81), (1, 57), (1, 66), (4, 99), (5, 27), (1, 75), (9, 25), (5, 36), (9, 52), (6, 28), (6, 37), (6, 46), (8, 65), (8, 83), (2, 21), (4, 49), (4, 58), (1, 34), (4, 67), (1, 43), (4, 85), (1, 61), (9, 11), (5, 22), (1, 70), (5, 31), (3, 98), (5, 40), (5, 49), (9, 47), (5, 58), (6, 23), (8, 51), (7, 95), (8, 60), (8, 69), (8, 78), (8, 87), (1, 38), (1, 47), (4, 80), (1, 56), (5, 17), (1, 65), (9, 15), (5, 26), (3, 93), (5, 35), (6, 0), (9, 33), (5, 44), (6, 18), (7, 72), (8, 55), (4, 30), (4, 39), (1, 24), (4, 57), (1, 33), (4, 66), (5, 3), (3, 70), (5, 21), (3, 88), (9, 19), (8, 32), (8, 68), (4, 34), (1, 10), (4, 43), (1, 19), (4, 52), (1, 28), (1, 46), (5, 7), (3, 74), (7, 62), (8, 27), (7, 71), (8, 36), (4, 11), (6, 93), (4, 20), (4, 29), (4, 38), (1, 14), (4, 47), (1, 23), (2, 86), (2, 95), (3, 60), (5, 2), (3, 69), (5, 11), (7, 57), (7, 66), (8, 31), (7, 75), (9, 94), (8, 49), (6, 79), (4, 15), (6, 97), (4, 24), (1, 0), (1, 9), (1, 18), (3, 55), (2, 99), (7, 43), (8, 17), (5, 91), (8, 44), (9, 98), (6, 74), (4, 1), (6, 83), (6, 92), (4, 19), (1, 13), (3, 41), (3, 50), (9, 75), (5, 86), (6, 60), (9, 93), (6, 78), (4, 5), (6, 87), (2, 44), (2, 53), (3, 27), (2, 80), (7, 6), (3, 54), (7, 24), (7, 33), (8, 7), (5, 72), (9, 70), (5, 81), (9, 79), (5, 90), (6, 55), (6, 73), (6, 82), (4, 9), (2, 48), (3, 22), (3, 31), (2, 75), (7, 1), (1, 88), (7, 19), (7, 28), (7, 37), (8, 2), (9, 56), (5, 67), (9, 65), (6, 41), (5, 85), (6, 50), (6, 68), (8, 96), (2, 34), (3, 8), (3, 17), (2, 61), (4, 89), (4, 98), (1, 74), (1, 83), (7, 14), (1, 92), (7, 23), (5, 62), (6, 27), (6, 36), (5, 80), (6, 45), (8, 91), (2, 38), (3, 3), (2, 47), (3, 12), (2, 56), (4, 75), (3, 30), (4, 84), (1, 60), (1, 69), (1, 78), (7, 9), (1, 87), (9, 37), (5, 66), (6, 58), (2, 15), (8, 95), (2, 24), (3, 7), (4, 70), (3, 25), (4, 79), (1, 64), (7, 4), (5, 34), (1, 82), (1, 91), (6, 8), (5, 52), (5, 61), (9, 59), (5, 70), (6, 35), (3, 11), (1, 41), (4, 74), (1, 50), (4, 83), (4, 92), (1, 68), (9, 18), (1, 77), (9, 27), (6, 3), (5, 47), (6, 12), (6, 21), (9, 54), (6, 30), (7, 84), (6, 39), (8, 58), (8, 67), (2, 23), (1, 27), (1, 36), (1, 45), (4, 78), (1, 54), (9, 4), (5, 15), (1, 63), (3, 91), (5, 33), (9, 31), (5, 42), (6, 7), (9, 40), (7, 70), (7, 79), (8, 62), (8, 71), (1, 22), (4, 55), (1, 31), (4, 64), (4, 73), (5, 1), (5, 10), (3, 86), (3, 95), (9, 26), (5, 37), (9, 35), (6, 11), (7, 65), (7, 74), (7, 83), (8, 48), (7, 92), (8, 75), (2, 4), (4, 23), (1, 8), (4, 41), (1, 17), (4, 50), (1, 26), (1, 44), (3, 72), (3, 81), (9, 12), (5, 23), (3, 90), (5, 32), (6, 6), (8, 25), (8, 43), (8, 61), (4, 18), (1, 12), (4, 45), (1, 21), (1, 30), (2, 84), (1, 39), (3, 58), (5, 0), (5, 9), (3, 76), (9, 7), (7, 55), (7, 64), (7, 73), (8, 56), (6, 86), (4, 13), (6, 95), (4, 31), (1, 7), (4, 40), (2, 70), (2, 88), (5, 4), (3, 71), (9, 2), (5, 13), (7, 32), (8, 6), (8, 33), (9, 87), (6, 72), (4, 8), (6, 99), (1, 2), (3, 39), (2, 92), (7, 18), (3, 66), (7, 36), (8, 1), (8, 19), (8, 28), (9, 82), (6, 76), (4, 3), (4, 12), (6, 94), (2, 69), (3, 43), (3, 52), (7, 13), (8, 5), (5, 79), (8, 23), (5, 88), (6, 53), (5, 97), (6, 71), (6, 80), (4, 7), (4, 16), (1, 1), (2, 55), (2, 73), (3, 56)}
Adjusting MOSEK solver parameters
MOSEK time limit set to 180s
Adding objective function for Lan
Initializing variables...
CALLBACK num variables : 769482
Adding ReLU constraints for layer 1
Adding ReLU constraints for layer 2
Adding ReLU constraints for layer 3
Adding ReLU constraints for layer 4
Adding ReLU constraints for layer 5
Adding ReLU constraints for layer 6
Adding ReLU constraints for layer 7
Adding ReLU constraints for layer 8
Adding ReLU constraints for layer 9
Adding quadratic bounds constraint
Adding quadratic bounds constraint for layer 0
Adding quadratic bounds constraint for layer 1
Adding quadratic bounds constraint for layer 2
Adding quadratic bounds constraint for layer 3
Adding quadratic bounds constraint for layer 4
Adding quadratic bounds constraint for layer 5
Adding quadratic bounds constraint for layer 6
Adding quadratic bounds constraint for layer 7
Adding quadratic bounds constraint for layer 8
Adding quadratic bounds constraint for layer 9
Adding RLT constraint (compact)
Indexes pruned for layer 1 : []
Indexes pruned for layer 2 : [0, 1, 2, 7, 8, 9, 10, 12, 13, 14, 17, 18, 19, 21, 22, 23, 24, 26, 27, 28, 30, 31, 33, 34, 36, 38, 39, 41, 43, 44, 45, 46, 47, 50, 54, 56, 57, 60, 61, 62, 63, 64, 65, 66, 68, 69, 70, 71, 74, 75, 77, 78, 80, 82, 83, 85, 87, 88, 89, 90, 91, 92, 95, 99]
Indexes pruned for layer 3 : [4, 15, 17, 21, 23, 24, 31, 32, 34, 38, 44, 47, 48, 53, 54, 55, 56, 59, 61, 69, 70, 73, 75, 80, 84, 86, 88, 92, 95, 99]
Indexes pruned for layer 4 : [0, 3, 5, 6, 7, 8, 9, 10, 11, 12, 14, 15, 17, 18, 22, 25, 27, 28, 30, 31, 37, 39, 41, 42, 43, 50, 52, 54, 55, 56, 58, 60, 66, 69, 70, 71, 72, 74, 76, 81, 86, 88, 90, 91, 93, 95, 98]
Indexes pruned for layer 5 : [1, 3, 5, 7, 8, 9, 11, 12, 13, 15, 16, 18, 19, 20, 23, 24, 29, 30, 31, 34, 38, 39, 40, 41, 43, 45, 47, 49, 50, 52, 55, 57, 58, 64, 66, 67, 68, 70, 72, 73, 74, 75, 78, 79, 80, 81, 83, 84, 85, 87, 89, 91, 92, 98, 99]
Indexes pruned for layer 6 : [0, 1, 2, 3, 4, 7, 9, 10, 11, 13, 15, 17, 21, 22, 23, 26, 27, 31, 32, 33, 34, 35, 36, 37, 40, 41, 42, 44, 46, 47, 49, 50, 52, 58, 59, 61, 62, 66, 67, 68, 69, 70, 72, 73, 74, 77, 79, 80, 81, 83, 85, 86, 87, 88, 90, 91, 92, 96, 97]
Indexes pruned for layer 7 : [0, 3, 6, 7, 8, 11, 12, 15, 18, 21, 23, 27, 28, 30, 34, 35, 36, 37, 38, 39, 41, 42, 45, 46, 47, 48, 50, 53, 55, 57, 58, 60, 66, 68, 71, 72, 73, 74, 76, 78, 79, 80, 82, 83, 84, 86, 87, 92, 93, 94, 95, 97, 99]
Indexes pruned for layer 8 : [1, 2, 3, 4, 6, 9, 13, 14, 17, 18, 19, 23, 24, 26, 28, 30, 32, 33, 36, 37, 43, 55, 57, 62, 64, 65, 66, 70, 71, 72, 73, 74, 75, 79, 83, 84, 92, 95, 96]
Indexes pruned for layer 9 : [0, 1, 2, 5, 6, 7, 9, 17, 18, 19, 23, 25, 27, 28, 31, 32, 33, 36, 43, 44, 48, 49, 51, 55, 56, 58, 60, 61, 62, 65, 67, 68, 69, 70, 71, 75, 78, 83, 84, 87, 88, 91, 93, 95, 96]
CALLBACK : RLT (compact) = 50353 (dont 0 en repli chemin lent)
Adding rec matrices constraint
Number of constraints for the matrix by layers: 408 for 10 layers, [784 100 100 100 100 100 100 100 100 100  10] neurons, boundary layers: [1, 2, 3, 4, 5, 6, 7, 8]
Adding first term equal zero constraint
CALLBACK : Ending constraints. Total number of constraints :  154620
Cuts in _write_presolve_row:  ['RLT', 'triangularization']
Number of constraints before optimization:  154620
Number of variables before optimization:  769482
All possible cuts:  ['RLT', 'triangularization', 'McCormick_beta_z', 'beta_logits_comparaison', 'beta_logits_comparaison_big_M', 'sum_beta_logits_equal_logit']
Cuts added to dic for _write_presolve_row:  {'RLT': True, 'triangularization': True, 'McCormick_beta_z': False, 'beta_logits_comparaison': False, 'beta_logits_comparaison_big_M': False, 'sum_beta_logits_equal_logit': False}
Writing pre-solve row to results.csv with data_index: 69 target: 0
Pre-solve row written to results.csv with data_index: 69 target: 0
Pre-solve row written to results.csv with 154620 constraints and 769482 variables.
INFO     00:53:58     [objective_classic.py:97] Adding Objective to the task
CALLBACK : Number of constraints : 154620
[conic bundle] factor=0.01 x 151059 contraintes dualisables candidates => 1511 reellement dualisees (les 149548 autres relachees mais jamais penalisees)
  [cb_native dynamic calibration] h(0)=0.187927 pool_initial=50/1511
[cb_native dynamic] h(0)=0.187927 > positivity_threshold=1e-06 -- arret immediat (stop_when_positive).
[conic bundle] data_index=69 target=0 optimal_value=0.18792696281360793 n_iter=0 (71.89s)
Initializing TargetedSDP...
Creating list of ytargets...
K :  10
self.n :  [784 100 100 100 100 100 100 100 100 100  10]
Getting to compute bounds...
STUDY : use active neurons:  True use inactive neurons:  False
STUDY : Nb Stable neurons :  428
Number of cuts to test: 1
Cuts to test: [['RLT', 'triangularization']]
Initializing MosekClassicHandler

 
 folder name dans handler:  /lustre/fswork/projects/rech/llc/uvq13au/FastSDPCertification/results/benchmark/9x100-0.026/2026_10_02_00h37_33s_battery-targeted-rlt-cert
LAST_LAYER in resolve_layer_groups :  False
K :  10
CHORDAL_DECOMPOSITION  in resolve layer groups:  True
INPUT_IN_VARIABLES in resolve_layer_groups :  True
Taille de la matrice pour le groupe 0 [0, 1] : 820
Taille de la matrice pour le groupe 1 [1, 2] : 106
Taille de la matrice pour le groupe 2 [2, 3] : 123
Taille de la matrice pour le groupe 3 [3, 4] : 98
Taille de la matrice pour le groupe 4 [4, 5] : 86
Taille de la matrice pour le groupe 5 [5, 6] : 88
Taille de la matrice pour le groupe 6 [6, 7] : 108
Taille de la matrice pour le groupe 7 [7, 8] : 116
Taille de la matrice pour le groupe 8 [8, 9] : 119
Neurones stables actives:  set()
Neurones stables inactives:  {(7, 17), (1, 95), (7, 26), (8, 0), (8, 9), (5, 74), (8, 18), (9, 72), (5, 83), (6, 48), (5, 92), (6, 57), (9, 90), (6, 66), (6, 84), (2, 32), (3, 6), (3, 15), (2, 59), (4, 87), (3, 42), (7, 3), (1, 90), (1, 99), (7, 30), (5, 69), (6, 34), (9, 67), (5, 87), (5, 96), (3, 10), (2, 54), (3, 28), (3, 37), (4, 91), (1, 85), (5, 46), (9, 44), (9, 53), (5, 73), (6, 38), (6, 47), (8, 84), (8, 93), (2, 31), (3, 5), (3, 14), (4, 68), (1, 62), (1, 71), (7, 2), (1, 80), (5, 41), (1, 89), (9, 39), (5, 50), (6, 15), (5, 59), (5, 68), (5, 77), (6, 42), (7, 96), (8, 70), (8, 88), (2, 17), (3, 0), (3, 9), (3, 18), (4, 72), (4, 81), (1, 57), (1, 66), (4, 99), (5, 27), (1, 75), (9, 25), (5, 36), (9, 52), (6, 28), (6, 37), (6, 46), (8, 65), (8, 83), (2, 21), (4, 49), (4, 58), (1, 34), (4, 67), (1, 43), (4, 85), (1, 61), (9, 11), (5, 22), (1, 70), (5, 31), (3, 98), (5, 40), (5, 49), (9, 47), (5, 58), (6, 23), (8, 51), (7, 95), (8, 60), (8, 69), (8, 78), (8, 87), (1, 38), (1, 47), (4, 80), (1, 56), (5, 17), (1, 65), (9, 15), (5, 26), (3, 93), (5, 35), (6, 0), (9, 33), (5, 44), (6, 18), (7, 72), (8, 55), (4, 30), (4, 39), (1, 24), (4, 57), (1, 33), (4, 66), (5, 3), (3, 70), (5, 21), (3, 88), (9, 19), (8, 32), (8, 68), (4, 34), (1, 10), (4, 43), (1, 19), (4, 52), (1, 28), (1, 46), (5, 7), (3, 74), (7, 62), (8, 27), (7, 71), (8, 36), (4, 11), (6, 93), (4, 20), (4, 29), (4, 38), (1, 14), (4, 47), (1, 23), (2, 86), (2, 95), (3, 60), (5, 2), (3, 69), (5, 11), (7, 57), (7, 66), (8, 31), (7, 75), (9, 94), (8, 49), (6, 79), (4, 15), (6, 97), (4, 24), (1, 0), (1, 9), (1, 18), (3, 55), (2, 99), (7, 43), (8, 17), (5, 91), (8, 44), (9, 98), (6, 74), (4, 1), (6, 83), (6, 92), (4, 19), (1, 13), (3, 41), (3, 50), (9, 75), (5, 86), (6, 60), (9, 93), (6, 78), (4, 5), (6, 87), (2, 44), (2, 53), (3, 27), (2, 80), (7, 6), (3, 54), (7, 24), (7, 33), (8, 7), (5, 72), (9, 70), (5, 81), (9, 79), (5, 90), (6, 55), (6, 73), (6, 82), (4, 9), (2, 48), (3, 22), (3, 31), (2, 75), (7, 1), (1, 88), (7, 19), (7, 28), (7, 37), (8, 2), (9, 56), (5, 67), (9, 65), (6, 41), (5, 85), (6, 50), (6, 68), (8, 96), (2, 34), (3, 8), (3, 17), (2, 61), (4, 89), (4, 98), (1, 74), (1, 83), (7, 14), (1, 92), (7, 23), (5, 62), (6, 27), (6, 36), (5, 80), (6, 45), (8, 91), (2, 38), (3, 3), (2, 47), (3, 12), (2, 56), (4, 75), (3, 30), (4, 84), (1, 60), (1, 69), (1, 78), (7, 9), (1, 87), (9, 37), (5, 66), (6, 58), (2, 15), (8, 95), (2, 24), (3, 7), (4, 70), (3, 25), (4, 79), (1, 64), (7, 4), (5, 34), (1, 82), (1, 91), (6, 8), (5, 52), (5, 61), (9, 59), (5, 70), (6, 35), (3, 11), (1, 41), (4, 74), (1, 50), (4, 83), (4, 92), (1, 68), (9, 18), (1, 77), (9, 27), (6, 3), (5, 47), (6, 12), (6, 21), (9, 54), (6, 30), (7, 84), (6, 39), (8, 58), (8, 67), (2, 23), (1, 27), (1, 36), (1, 45), (4, 78), (1, 54), (9, 4), (5, 15), (1, 63), (3, 91), (5, 33), (9, 31), (5, 42), (6, 7), (9, 40), (7, 70), (7, 79), (8, 62), (8, 71), (1, 22), (4, 55), (1, 31), (4, 64), (4, 73), (5, 1), (5, 10), (3, 86), (3, 95), (9, 26), (5, 37), (9, 35), (6, 11), (7, 65), (7, 74), (7, 83), (8, 48), (7, 92), (8, 75), (2, 4), (4, 23), (1, 8), (4, 41), (1, 17), (4, 50), (1, 26), (1, 44), (3, 72), (3, 81), (9, 12), (5, 23), (3, 90), (5, 32), (6, 6), (8, 25), (8, 43), (8, 61), (4, 18), (1, 12), (4, 45), (1, 21), (1, 30), (2, 84), (1, 39), (3, 58), (5, 0), (5, 9), (3, 76), (9, 7), (7, 55), (7, 64), (7, 73), (8, 56), (6, 86), (4, 13), (6, 95), (4, 31), (1, 7), (4, 40), (2, 70), (2, 88), (5, 4), (3, 71), (9, 2), (5, 13), (7, 32), (8, 6), (8, 33), (9, 87), (6, 72), (4, 8), (6, 99), (1, 2), (3, 39), (2, 92), (7, 18), (3, 66), (7, 36), (8, 1), (8, 19), (8, 28), (9, 82), (6, 76), (4, 3), (4, 12), (6, 94), (2, 69), (3, 43), (3, 52), (7, 13), (8, 5), (5, 79), (8, 23), (5, 88), (6, 53), (5, 97), (6, 71), (6, 80), (4, 7), (4, 16), (1, 1), (2, 55), (2, 73), (3, 56)}
Adjusting MOSEK solver parameters
MOSEK time limit set to 180s
Adding objective function for Lan
Initializing variables...
CALLBACK num variables : 769482
Adding ReLU constraints for layer 1
Adding ReLU constraints for layer 2
Adding ReLU constraints for layer 3
Adding ReLU constraints for layer 4
Adding ReLU constraints for layer 5
Adding ReLU constraints for layer 6
Adding ReLU constraints for layer 7
Adding ReLU constraints for layer 8
Adding ReLU constraints for layer 9
Adding quadratic bounds constraint
Adding quadratic bounds constraint for layer 0
Adding quadratic bounds constraint for layer 1
Adding quadratic bounds constraint for layer 2
Adding quadratic bounds constraint for layer 3
Adding quadratic bounds constraint for layer 4
Adding quadratic bounds constraint for layer 5
Adding quadratic bounds constraint for layer 6
Adding quadratic bounds constraint for layer 7
Adding quadratic bounds constraint for layer 8
Adding quadratic bounds constraint for layer 9
Adding RLT constraint (compact)
Indexes pruned for layer 1 : []
Indexes pruned for layer 2 : [0, 1, 2, 7, 8, 9, 10, 12, 13, 14, 17, 18, 19, 21, 22, 23, 24, 26, 27, 28, 30, 31, 33, 34, 36, 38, 39, 41, 43, 44, 45, 46, 47, 50, 54, 56, 57, 60, 61, 62, 63, 64, 65, 66, 68, 69, 70, 71, 74, 75, 77, 78, 80, 82, 83, 85, 87, 88, 89, 90, 91, 92, 95, 99]
Indexes pruned for layer 3 : [4, 15, 17, 21, 23, 24, 31, 32, 34, 38, 44, 47, 48, 53, 54, 55, 56, 59, 61, 69, 70, 73, 75, 80, 84, 86, 88, 92, 95, 99]
Indexes pruned for layer 4 : [0, 3, 5, 6, 7, 8, 9, 10, 11, 12, 14, 15, 17, 18, 22, 25, 27, 28, 30, 31, 37, 39, 41, 42, 43, 50, 52, 54, 55, 56, 58, 60, 66, 69, 70, 71, 72, 74, 76, 81, 86, 88, 90, 91, 93, 95, 98]
Indexes pruned for layer 5 : [1, 3, 5, 7, 8, 9, 11, 12, 13, 15, 16, 18, 19, 20, 23, 24, 29, 30, 31, 34, 38, 39, 40, 41, 43, 45, 47, 49, 50, 52, 55, 57, 58, 64, 66, 67, 68, 70, 72, 73, 74, 75, 78, 79, 80, 81, 83, 84, 85, 87, 89, 91, 92, 98, 99]
Indexes pruned for layer 6 : [0, 1, 2, 3, 4, 7, 9, 10, 11, 13, 15, 17, 21, 22, 23, 26, 27, 31, 32, 33, 34, 35, 36, 37, 40, 41, 42, 44, 46, 47, 49, 50, 52, 58, 59, 61, 62, 66, 67, 68, 69, 70, 72, 73, 74, 77, 79, 80, 81, 83, 85, 86, 87, 88, 90, 91, 92, 96, 97]
Indexes pruned for layer 7 : [0, 3, 6, 7, 8, 11, 12, 15, 18, 21, 23, 27, 28, 30, 34, 35, 36, 37, 38, 39, 41, 42, 45, 46, 47, 48, 50, 53, 55, 57, 58, 60, 66, 68, 71, 72, 73, 74, 76, 78, 79, 80, 82, 83, 84, 86, 87, 92, 93, 94, 95, 97, 99]
Indexes pruned for layer 8 : [1, 2, 3, 4, 6, 9, 13, 14, 17, 18, 19, 23, 24, 26, 28, 30, 32, 33, 36, 37, 43, 55, 57, 62, 64, 65, 66, 70, 71, 72, 73, 74, 75, 79, 83, 84, 92, 95, 96]
Indexes pruned for layer 9 : [0, 1, 2, 5, 6, 7, 9, 17, 18, 19, 23, 25, 27, 28, 31, 32, 33, 36, 43, 44, 48, 49, 51, 55, 56, 58, 60, 61, 62, 65, 67, 68, 69, 70, 71, 75, 78, 83, 84, 87, 88, 91, 93, 95, 96]
CALLBACK : RLT (compact) = 50353 (dont 0 en repli chemin lent)
Adding rec matrices constraint
Number of constraints for the matrix by layers: 408 for 10 layers, [784 100 100 100 100 100 100 100 100 100  10] neurons, boundary layers: [1, 2, 3, 4, 5, 6, 7, 8]
Adding first term equal zero constraint
CALLBACK : Ending constraints. Total number of constraints :  154620
Cuts in _write_presolve_row:  ['RLT', 'triangularization']
Number of constraints before optimization:  154620
Number of variables before optimization:  769482
All possible cuts:  ['RLT', 'triangularization', 'McCormick_beta_z', 'beta_logits_comparaison', 'beta_logits_comparaison_big_M', 'sum_beta_logits_equal_logit']
Cuts added to dic for _write_presolve_row:  {'RLT': True, 'triangularization': True, 'McCormick_beta_z': False, 'beta_logits_comparaison': False, 'beta_logits_comparaison_big_M': False, 'sum_beta_logits_equal_logit': False}
Writing pre-solve row to results.csv with data_index: 69 target: 1
Pre-solve row written to results.csv with data_index: 69 target: 1
Pre-solve row written to results.csv with 154620 constraints and 769482 variables.
INFO     00:55:13     [objective_classic.py:97] Adding Objective to the task
CALLBACK : Number of constraints : 154620
[conic bundle] factor=0.01 x 151059 contraintes dualisables candidates => 1511 reellement dualisees (les 149548 autres relachees mais jamais penalisees)
  [cb_native dynamic calibration] h(0)=3.016160 pool_initial=50/1511
[cb_native dynamic] h(0)=3.016160 > positivity_threshold=1e-06 -- arret immediat (stop_when_positive).
[conic bundle] data_index=69 target=1 optimal_value=3.0161604089690632 n_iter=0 (41.16s)
Initializing TargetedSDP...
Creating list of ytargets...
K :  10
self.n :  [784 100 100 100 100 100 100 100 100 100  10]
Getting to compute bounds...
STUDY : use active neurons:  True use inactive neurons:  False
STUDY : Nb Stable neurons :  428
Number of cuts to test: 1
Cuts to test: [['RLT', 'triangularization']]
Initializing MosekClassicHandler

 
 folder name dans handler:  /lustre/fswork/projects/rech/llc/uvq13au/FastSDPCertification/results/benchmark/9x100-0.026/2026_10_02_00h37_33s_battery-targeted-rlt-cert
LAST_LAYER in resolve_layer_groups :  False
K :  10
CHORDAL_DECOMPOSITION  in resolve layer groups:  True
INPUT_IN_VARIABLES in resolve_layer_groups :  True
Taille de la matrice pour le groupe 0 [0, 1] : 820
Taille de la matrice pour le groupe 1 [1, 2] : 106
Taille de la matrice pour le groupe 2 [2, 3] : 123
Taille de la matrice pour le groupe 3 [3, 4] : 98
Taille de la matrice pour le groupe 4 [4, 5] : 86
Taille de la matrice pour le groupe 5 [5, 6] : 88
Taille de la matrice pour le groupe 6 [6, 7] : 108
Taille de la matrice pour le groupe 7 [7, 8] : 116
Taille de la matrice pour le groupe 8 [8, 9] : 119
Neurones stables actives:  set()
Neurones stables inactives:  {(7, 17), (1, 95), (7, 26), (8, 0), (8, 9), (5, 74), (8, 18), (9, 72), (5, 83), (6, 48), (5, 92), (6, 57), (9, 90), (6, 66), (6, 84), (2, 32), (3, 6), (3, 15), (2, 59), (4, 87), (3, 42), (7, 3), (1, 90), (1, 99), (7, 30), (5, 69), (6, 34), (9, 67), (5, 87), (5, 96), (3, 10), (2, 54), (3, 28), (3, 37), (4, 91), (1, 85), (5, 46), (9, 44), (9, 53), (5, 73), (6, 38), (6, 47), (8, 84), (8, 93), (2, 31), (3, 5), (3, 14), (4, 68), (1, 62), (1, 71), (7, 2), (1, 80), (5, 41), (1, 89), (9, 39), (5, 50), (6, 15), (5, 59), (5, 68), (5, 77), (6, 42), (7, 96), (8, 70), (8, 88), (2, 17), (3, 0), (3, 9), (3, 18), (4, 72), (4, 81), (1, 57), (1, 66), (4, 99), (5, 27), (1, 75), (9, 25), (5, 36), (9, 52), (6, 28), (6, 37), (6, 46), (8, 65), (8, 83), (2, 21), (4, 49), (4, 58), (1, 34), (4, 67), (1, 43), (4, 85), (1, 61), (9, 11), (5, 22), (1, 70), (5, 31), (3, 98), (5, 40), (5, 49), (9, 47), (5, 58), (6, 23), (8, 51), (7, 95), (8, 60), (8, 69), (8, 78), (8, 87), (1, 38), (1, 47), (4, 80), (1, 56), (5, 17), (1, 65), (9, 15), (5, 26), (3, 93), (5, 35), (6, 0), (9, 33), (5, 44), (6, 18), (7, 72), (8, 55), (4, 30), (4, 39), (1, 24), (4, 57), (1, 33), (4, 66), (5, 3), (3, 70), (5, 21), (3, 88), (9, 19), (8, 32), (8, 68), (4, 34), (1, 10), (4, 43), (1, 19), (4, 52), (1, 28), (1, 46), (5, 7), (3, 74), (7, 62), (8, 27), (7, 71), (8, 36), (4, 11), (6, 93), (4, 20), (4, 29), (4, 38), (1, 14), (4, 47), (1, 23), (2, 86), (2, 95), (3, 60), (5, 2), (3, 69), (5, 11), (7, 57), (7, 66), (8, 31), (7, 75), (9, 94), (8, 49), (6, 79), (4, 15), (6, 97), (4, 24), (1, 0), (1, 9), (1, 18), (3, 55), (2, 99), (7, 43), (8, 17), (5, 91), (8, 44), (9, 98), (6, 74), (4, 1), (6, 83), (6, 92), (4, 19), (1, 13), (3, 41), (3, 50), (9, 75), (5, 86), (6, 60), (9, 93), (6, 78), (4, 5), (6, 87), (2, 44), (2, 53), (3, 27), (2, 80), (7, 6), (3, 54), (7, 24), (7, 33), (8, 7), (5, 72), (9, 70), (5, 81), (9, 79), (5, 90), (6, 55), (6, 73), (6, 82), (4, 9), (2, 48), (3, 22), (3, 31), (2, 75), (7, 1), (1, 88), (7, 19), (7, 28), (7, 37), (8, 2), (9, 56), (5, 67), (9, 65), (6, 41), (5, 85), (6, 50), (6, 68), (8, 96), (2, 34), (3, 8), (3, 17), (2, 61), (4, 89), (4, 98), (1, 74), (1, 83), (7, 14), (1, 92), (7, 23), (5, 62), (6, 27), (6, 36), (5, 80), (6, 45), (8, 91), (2, 38), (3, 3), (2, 47), (3, 12), (2, 56), (4, 75), (3, 30), (4, 84), (1, 60), (1, 69), (1, 78), (7, 9), (1, 87), (9, 37), (5, 66), (6, 58), (2, 15), (8, 95), (2, 24), (3, 7), (4, 70), (3, 25), (4, 79), (1, 64), (7, 4), (5, 34), (1, 82), (1, 91), (6, 8), (5, 52), (5, 61), (9, 59), (5, 70), (6, 35), (3, 11), (1, 41), (4, 74), (1, 50), (4, 83), (4, 92), (1, 68), (9, 18), (1, 77), (9, 27), (6, 3), (5, 47), (6, 12), (6, 21), (9, 54), (6, 30), (7, 84), (6, 39), (8, 58), (8, 67), (2, 23), (1, 27), (1, 36), (1, 45), (4, 78), (1, 54), (9, 4), (5, 15), (1, 63), (3, 91), (5, 33), (9, 31), (5, 42), (6, 7), (9, 40), (7, 70), (7, 79), (8, 62), (8, 71), (1, 22), (4, 55), (1, 31), (4, 64), (4, 73), (5, 1), (5, 10), (3, 86), (3, 95), (9, 26), (5, 37), (9, 35), (6, 11), (7, 65), (7, 74), (7, 83), (8, 48), (7, 92), (8, 75), (2, 4), (4, 23), (1, 8), (4, 41), (1, 17), (4, 50), (1, 26), (1, 44), (3, 72), (3, 81), (9, 12), (5, 23), (3, 90), (5, 32), (6, 6), (8, 25), (8, 43), (8, 61), (4, 18), (1, 12), (4, 45), (1, 21), (1, 30), (2, 84), (1, 39), (3, 58), (5, 0), (5, 9), (3, 76), (9, 7), (7, 55), (7, 64), (7, 73), (8, 56), (6, 86), (4, 13), (6, 95), (4, 31), (1, 7), (4, 40), (2, 70), (2, 88), (5, 4), (3, 71), (9, 2), (5, 13), (7, 32), (8, 6), (8, 33), (9, 87), (6, 72), (4, 8), (6, 99), (1, 2), (3, 39), (2, 92), (7, 18), (3, 66), (7, 36), (8, 1), (8, 19), (8, 28), (9, 82), (6, 76), (4, 3), (4, 12), (6, 94), (2, 69), (3, 43), (3, 52), (7, 13), (8, 5), (5, 79), (8, 23), (5, 88), (6, 53), (5, 97), (6, 71), (6, 80), (4, 7), (4, 16), (1, 1), (2, 55), (2, 73), (3, 56)}
Adjusting MOSEK solver parameters
MOSEK time limit set to 180s
Adding objective function for Lan
Initializing variables...
CALLBACK num variables : 769482
Adding ReLU constraints for layer 1
Adding ReLU constraints for layer 2
Adding ReLU constraints for layer 3
Adding ReLU constraints for layer 4
Adding ReLU constraints for layer 5
Adding ReLU constraints for layer 6
Adding ReLU constraints for layer 7
Adding ReLU constraints for layer 8
Adding ReLU constraints for layer 9
Adding quadratic bounds constraint
Adding quadratic bounds constraint for layer 0
Adding quadratic bounds constraint for layer 1
Adding quadratic bounds constraint for layer 2
Adding quadratic bounds constraint for layer 3
Adding quadratic bounds constraint for layer 4
Adding quadratic bounds constraint for layer 5
Adding quadratic bounds constraint for layer 6
Adding quadratic bounds constraint for layer 7
Adding quadratic bounds constraint for layer 8
Adding quadratic bounds constraint for layer 9
Adding RLT constraint (compact)
Indexes pruned for layer 1 : []
Indexes pruned for layer 2 : [0, 1, 2, 7, 8, 9, 10, 12, 13, 14, 17, 18, 19, 21, 22, 23, 24, 26, 27, 28, 30, 31, 33, 34, 36, 38, 39, 41, 43, 44, 45, 46, 47, 50, 54, 56, 57, 60, 61, 62, 63, 64, 65, 66, 68, 69, 70, 71, 74, 75, 77, 78, 80, 82, 83, 85, 87, 88, 89, 90, 91, 92, 95, 99]
Indexes pruned for layer 3 : [4, 15, 17, 21, 23, 24, 31, 32, 34, 38, 44, 47, 48, 53, 54, 55, 56, 59, 61, 69, 70, 73, 75, 80, 84, 86, 88, 92, 95, 99]
Indexes pruned for layer 4 : [0, 3, 5, 6, 7, 8, 9, 10, 11, 12, 14, 15, 17, 18, 22, 25, 27, 28, 30, 31, 37, 39, 41, 42, 43, 50, 52, 54, 55, 56, 58, 60, 66, 69, 70, 71, 72, 74, 76, 81, 86, 88, 90, 91, 93, 95, 98]
Indexes pruned for layer 5 : [1, 3, 5, 7, 8, 9, 11, 12, 13, 15, 16, 18, 19, 20, 23, 24, 29, 30, 31, 34, 38, 39, 40, 41, 43, 45, 47, 49, 50, 52, 55, 57, 58, 64, 66, 67, 68, 70, 72, 73, 74, 75, 78, 79, 80, 81, 83, 84, 85, 87, 89, 91, 92, 98, 99]
Indexes pruned for layer 6 : [0, 1, 2, 3, 4, 7, 9, 10, 11, 13, 15, 17, 21, 22, 23, 26, 27, 31, 32, 33, 34, 35, 36, 37, 40, 41, 42, 44, 46, 47, 49, 50, 52, 58, 59, 61, 62, 66, 67, 68, 69, 70, 72, 73, 74, 77, 79, 80, 81, 83, 85, 86, 87, 88, 90, 91, 92, 96, 97]
Indexes pruned for layer 7 : [0, 3, 6, 7, 8, 11, 12, 15, 18, 21, 23, 27, 28, 30, 34, 35, 36, 37, 38, 39, 41, 42, 45, 46, 47, 48, 50, 53, 55, 57, 58, 60, 66, 68, 71, 72, 73, 74, 76, 78, 79, 80, 82, 83, 84, 86, 87, 92, 93, 94, 95, 97, 99]
Indexes pruned for layer 8 : [1, 2, 3, 4, 6, 9, 13, 14, 17, 18, 19, 23, 24, 26, 28, 30, 32, 33, 36, 37, 43, 55, 57, 62, 64, 65, 66, 70, 71, 72, 73, 74, 75, 79, 83, 84, 92, 95, 96]
Indexes pruned for layer 9 : [0, 1, 2, 5, 6, 7, 9, 17, 18, 19, 23, 25, 27, 28, 31, 32, 33, 36, 43, 44, 48, 49, 51, 55, 56, 58, 60, 61, 62, 65, 67, 68, 69, 70, 71, 75, 78, 83, 84, 87, 88, 91, 93, 95, 96]
CALLBACK : RLT (compact) = 50353 (dont 0 en repli chemin lent)
Adding rec matrices constraint
Number of constraints for the matrix by layers: 408 for 10 layers, [784 100 100 100 100 100 100 100 100 100  10] neurons, boundary layers: [1, 2, 3, 4, 5, 6, 7, 8]
Adding first term equal zero constraint
CALLBACK : Ending constraints. Total number of constraints :  154620
Cuts in _write_presolve_row:  ['RLT', 'triangularization']
Number of constraints before optimization:  154620
Number of variables before optimization:  769482
All possible cuts:  ['RLT', 'triangularization', 'McCormick_beta_z', 'beta_logits_comparaison', 'beta_logits_comparaison_big_M', 'sum_beta_logits_equal_logit']
Cuts added to dic for _write_presolve_row:  {'RLT': True, 'triangularization': True, 'McCormick_beta_z': False, 'beta_logits_comparaison': False, 'beta_logits_comparaison_big_M': False, 'sum_beta_logits_equal_logit': False}
Writing pre-solve row to results.csv with data_index: 69 target: 2
Pre-solve row written to results.csv with data_index: 69 target: 2
Pre-solve row written to results.csv with 154620 constraints and 769482 variables.
INFO     00:55:56     [objective_classic.py:97] Adding Objective to the task
CALLBACK : Number of constraints : 154620
[conic bundle] factor=0.01 x 151059 contraintes dualisables candidates => 1511 reellement dualisees (les 149548 autres relachees mais jamais penalisees)
  [cb_native dynamic calibration] h(0)=2.168141 pool_initial=50/1511
[cb_native dynamic] h(0)=2.168141 > positivity_threshold=1e-06 -- arret immediat (stop_when_positive).
[conic bundle] data_index=69 target=2 optimal_value=2.1681407059344187 n_iter=0 (38.92s)
Initializing TargetedSDP...
Creating list of ytargets...
K :  10
self.n :  [784 100 100 100 100 100 100 100 100 100  10]
Getting to compute bounds...
STUDY : use active neurons:  True use inactive neurons:  False
STUDY : Nb Stable neurons :  428
Number of cuts to test: 1
Cuts to test: [['RLT', 'triangularization']]
Initializing MosekClassicHandler

 
 folder name dans handler:  /lustre/fswork/projects/rech/llc/uvq13au/FastSDPCertification/results/benchmark/9x100-0.026/2026_10_02_00h37_33s_battery-targeted-rlt-cert
LAST_LAYER in resolve_layer_groups :  False
K :  10
CHORDAL_DECOMPOSITION  in resolve layer groups:  True
INPUT_IN_VARIABLES in resolve_layer_groups :  True
Taille de la matrice pour le groupe 0 [0, 1] : 820
Taille de la matrice pour le groupe 1 [1, 2] : 106
Taille de la matrice pour le groupe 2 [2, 3] : 123
Taille de la matrice pour le groupe 3 [3, 4] : 98
Taille de la matrice pour le groupe 4 [4, 5] : 86
Taille de la matrice pour le groupe 5 [5, 6] : 88
Taille de la matrice pour le groupe 6 [6, 7] : 108
Taille de la matrice pour le groupe 7 [7, 8] : 116
Taille de la matrice pour le groupe 8 [8, 9] : 119
Neurones stables actives:  set()
Neurones stables inactives:  {(7, 17), (1, 95), (7, 26), (8, 0), (8, 9), (5, 74), (8, 18), (9, 72), (5, 83), (6, 48), (5, 92), (6, 57), (9, 90), (6, 66), (6, 84), (2, 32), (3, 6), (3, 15), (2, 59), (4, 87), (3, 42), (7, 3), (1, 90), (1, 99), (7, 30), (5, 69), (6, 34), (9, 67), (5, 87), (5, 96), (3, 10), (2, 54), (3, 28), (3, 37), (4, 91), (1, 85), (5, 46), (9, 44), (9, 53), (5, 73), (6, 38), (6, 47), (8, 84), (8, 93), (2, 31), (3, 5), (3, 14), (4, 68), (1, 62), (1, 71), (7, 2), (1, 80), (5, 41), (1, 89), (9, 39), (5, 50), (6, 15), (5, 59), (5, 68), (5, 77), (6, 42), (7, 96), (8, 70), (8, 88), (2, 17), (3, 0), (3, 9), (3, 18), (4, 72), (4, 81), (1, 57), (1, 66), (4, 99), (5, 27), (1, 75), (9, 25), (5, 36), (9, 52), (6, 28), (6, 37), (6, 46), (8, 65), (8, 83), (2, 21), (4, 49), (4, 58), (1, 34), (4, 67), (1, 43), (4, 85), (1, 61), (9, 11), (5, 22), (1, 70), (5, 31), (3, 98), (5, 40), (5, 49), (9, 47), (5, 58), (6, 23), (8, 51), (7, 95), (8, 60), (8, 69), (8, 78), (8, 87), (1, 38), (1, 47), (4, 80), (1, 56), (5, 17), (1, 65), (9, 15), (5, 26), (3, 93), (5, 35), (6, 0), (9, 33), (5, 44), (6, 18), (7, 72), (8, 55), (4, 30), (4, 39), (1, 24), (4, 57), (1, 33), (4, 66), (5, 3), (3, 70), (5, 21), (3, 88), (9, 19), (8, 32), (8, 68), (4, 34), (1, 10), (4, 43), (1, 19), (4, 52), (1, 28), (1, 46), (5, 7), (3, 74), (7, 62), (8, 27), (7, 71), (8, 36), (4, 11), (6, 93), (4, 20), (4, 29), (4, 38), (1, 14), (4, 47), (1, 23), (2, 86), (2, 95), (3, 60), (5, 2), (3, 69), (5, 11), (7, 57), (7, 66), (8, 31), (7, 75), (9, 94), (8, 49), (6, 79), (4, 15), (6, 97), (4, 24), (1, 0), (1, 9), (1, 18), (3, 55), (2, 99), (7, 43), (8, 17), (5, 91), (8, 44), (9, 98), (6, 74), (4, 1), (6, 83), (6, 92), (4, 19), (1, 13), (3, 41), (3, 50), (9, 75), (5, 86), (6, 60), (9, 93), (6, 78), (4, 5), (6, 87), (2, 44), (2, 53), (3, 27), (2, 80), (7, 6), (3, 54), (7, 24), (7, 33), (8, 7), (5, 72), (9, 70), (5, 81), (9, 79), (5, 90), (6, 55), (6, 73), (6, 82), (4, 9), (2, 48), (3, 22), (3, 31), (2, 75), (7, 1), (1, 88), (7, 19), (7, 28), (7, 37), (8, 2), (9, 56), (5, 67), (9, 65), (6, 41), (5, 85), (6, 50), (6, 68), (8, 96), (2, 34), (3, 8), (3, 17), (2, 61), (4, 89), (4, 98), (1, 74), (1, 83), (7, 14), (1, 92), (7, 23), (5, 62), (6, 27), (6, 36), (5, 80), (6, 45), (8, 91), (2, 38), (3, 3), (2, 47), (3, 12), (2, 56), (4, 75), (3, 30), (4, 84), (1, 60), (1, 69), (1, 78), (7, 9), (1, 87), (9, 37), (5, 66), (6, 58), (2, 15), (8, 95), (2, 24), (3, 7), (4, 70), (3, 25), (4, 79), (1, 64), (7, 4), (5, 34), (1, 82), (1, 91), (6, 8), (5, 52), (5, 61), (9, 59), (5, 70), (6, 35), (3, 11), (1, 41), (4, 74), (1, 50), (4, 83), (4, 92), (1, 68), (9, 18), (1, 77), (9, 27), (6, 3), (5, 47), (6, 12), (6, 21), (9, 54), (6, 30), (7, 84), (6, 39), (8, 58), (8, 67), (2, 23), (1, 27), (1, 36), (1, 45), (4, 78), (1, 54), (9, 4), (5, 15), (1, 63), (3, 91), (5, 33), (9, 31), (5, 42), (6, 7), (9, 40), (7, 70), (7, 79), (8, 62), (8, 71), (1, 22), (4, 55), (1, 31), (4, 64), (4, 73), (5, 1), (5, 10), (3, 86), (3, 95), (9, 26), (5, 37), (9, 35), (6, 11), (7, 65), (7, 74), (7, 83), (8, 48), (7, 92), (8, 75), (2, 4), (4, 23), (1, 8), (4, 41), (1, 17), (4, 50), (1, 26), (1, 44), (3, 72), (3, 81), (9, 12), (5, 23), (3, 90), (5, 32), (6, 6), (8, 25), (8, 43), (8, 61), (4, 18), (1, 12), (4, 45), (1, 21), (1, 30), (2, 84), (1, 39), (3, 58), (5, 0), (5, 9), (3, 76), (9, 7), (7, 55), (7, 64), (7, 73), (8, 56), (6, 86), (4, 13), (6, 95), (4, 31), (1, 7), (4, 40), (2, 70), (2, 88), (5, 4), (3, 71), (9, 2), (5, 13), (7, 32), (8, 6), (8, 33), (9, 87), (6, 72), (4, 8), (6, 99), (1, 2), (3, 39), (2, 92), (7, 18), (3, 66), (7, 36), (8, 1), (8, 19), (8, 28), (9, 82), (6, 76), (4, 3), (4, 12), (6, 94), (2, 69), (3, 43), (3, 52), (7, 13), (8, 5), (5, 79), (8, 23), (5, 88), (6, 53), (5, 97), (6, 71), (6, 80), (4, 7), (4, 16), (1, 1), (2, 55), (2, 73), (3, 56)}
Adjusting MOSEK solver parameters
MOSEK time limit set to 180s
Adding objective function for Lan
Initializing variables...
CALLBACK num variables : 769482
Adding ReLU constraints for layer 1
Adding ReLU constraints for layer 2
Adding ReLU constraints for layer 3
Adding ReLU constraints for layer 4
Adding ReLU constraints for layer 5
Adding ReLU constraints for layer 6
Adding ReLU constraints for layer 7
Adding ReLU constraints for layer 8
Adding ReLU constraints for layer 9
Adding quadratic bounds constraint
Adding quadratic bounds constraint for layer 0
Adding quadratic bounds constraint for layer 1
Adding quadratic bounds constraint for layer 2
Adding quadratic bounds constraint for layer 3
Adding quadratic bounds constraint for layer 4
Adding quadratic bounds constraint for layer 5
Adding quadratic bounds constraint for layer 6
Adding quadratic bounds constraint for layer 7
Adding quadratic bounds constraint for layer 8
Adding quadratic bounds constraint for layer 9
Adding RLT constraint (compact)
Indexes pruned for layer 1 : []
Indexes pruned for layer 2 : [0, 1, 2, 7, 8, 9, 10, 12, 13, 14, 17, 18, 19, 21, 22, 23, 24, 26, 27, 28, 30, 31, 33, 34, 36, 38, 39, 41, 43, 44, 45, 46, 47, 50, 54, 56, 57, 60, 61, 62, 63, 64, 65, 66, 68, 69, 70, 71, 74, 75, 77, 78, 80, 82, 83, 85, 87, 88, 89, 90, 91, 92, 95, 99]
Indexes pruned for layer 3 : [4, 15, 17, 21, 23, 24, 31, 32, 34, 38, 44, 47, 48, 53, 54, 55, 56, 59, 61, 69, 70, 73, 75, 80, 84, 86, 88, 92, 95, 99]
Indexes pruned for layer 4 : [0, 3, 5, 6, 7, 8, 9, 10, 11, 12, 14, 15, 17, 18, 22, 25, 27, 28, 30, 31, 37, 39, 41, 42, 43, 50, 52, 54, 55, 56, 58, 60, 66, 69, 70, 71, 72, 74, 76, 81, 86, 88, 90, 91, 93, 95, 98]
Indexes pruned for layer 5 : [1, 3, 5, 7, 8, 9, 11, 12, 13, 15, 16, 18, 19, 20, 23, 24, 29, 30, 31, 34, 38, 39, 40, 41, 43, 45, 47, 49, 50, 52, 55, 57, 58, 64, 66, 67, 68, 70, 72, 73, 74, 75, 78, 79, 80, 81, 83, 84, 85, 87, 89, 91, 92, 98, 99]
Indexes pruned for layer 6 : [0, 1, 2, 3, 4, 7, 9, 10, 11, 13, 15, 17, 21, 22, 23, 26, 27, 31, 32, 33, 34, 35, 36, 37, 40, 41, 42, 44, 46, 47, 49, 50, 52, 58, 59, 61, 62, 66, 67, 68, 69, 70, 72, 73, 74, 77, 79, 80, 81, 83, 85, 86, 87, 88, 90, 91, 92, 96, 97]
Indexes pruned for layer 7 : [0, 3, 6, 7, 8, 11, 12, 15, 18, 21, 23, 27, 28, 30, 34, 35, 36, 37, 38, 39, 41, 42, 45, 46, 47, 48, 50, 53, 55, 57, 58, 60, 66, 68, 71, 72, 73, 74, 76, 78, 79, 80, 82, 83, 84, 86, 87, 92, 93, 94, 95, 97, 99]
Indexes pruned for layer 8 : [1, 2, 3, 4, 6, 9, 13, 14, 17, 18, 19, 23, 24, 26, 28, 30, 32, 33, 36, 37, 43, 55, 57, 62, 64, 65, 66, 70, 71, 72, 73, 74, 75, 79, 83, 84, 92, 95, 96]
Indexes pruned for layer 9 : [0, 1, 2, 5, 6, 7, 9, 17, 18, 19, 23, 25, 27, 28, 31, 32, 33, 36, 43, 44, 48, 49, 51, 55, 56, 58, 60, 61, 62, 65, 67, 68, 69, 70, 71, 75, 78, 83, 84, 87, 88, 91, 93, 95, 96]
CALLBACK : RLT (compact) = 50353 (dont 0 en repli chemin lent)
Adding rec matrices constraint
Number of constraints for the matrix by layers: 408 for 10 layers, [784 100 100 100 100 100 100 100 100 100  10] neurons, boundary layers: [1, 2, 3, 4, 5, 6, 7, 8]
Adding first term equal zero constraint
CALLBACK : Ending constraints. Total number of constraints :  154620
Cuts in _write_presolve_row:  ['RLT', 'triangularization']
Number of constraints before optimization:  154620
Number of variables before optimization:  769482
All possible cuts:  ['RLT', 'triangularization', 'McCormick_beta_z', 'beta_logits_comparaison', 'beta_logits_comparaison_big_M', 'sum_beta_logits_equal_logit']
Cuts added to dic for _write_presolve_row:  {'RLT': True, 'triangularization': True, 'McCormick_beta_z': False, 'beta_logits_comparaison': False, 'beta_logits_comparaison_big_M': False, 'sum_beta_logits_equal_logit': False}
Writing pre-solve row to results.csv with data_index: 69 target: 3
Pre-solve row written to results.csv with data_index: 69 target: 3
Pre-solve row written to results.csv with 154620 constraints and 769482 variables.
INFO     00:56:37     [objective_classic.py:97] Adding Objective to the task
CALLBACK : Number of constraints : 154620
[conic bundle] factor=0.01 x 151059 contraintes dualisables candidates => 1511 reellement dualisees (les 149548 autres relachees mais jamais penalisees)
  [cb_native dynamic calibration] h(0)=5.777458 pool_initial=50/1511
[cb_native dynamic] h(0)=5.777458 > positivity_threshold=1e-06 -- arret immediat (stop_when_positive).
[conic bundle] data_index=69 target=3 optimal_value=5.777457982534413 n_iter=0 (39.32s)
Initializing TargetedSDP...
Creating list of ytargets...
K :  10
self.n :  [784 100 100 100 100 100 100 100 100 100  10]
Getting to compute bounds...
STUDY : use active neurons:  True use inactive neurons:  False
STUDY : Nb Stable neurons :  428
Number of cuts to test: 1
Cuts to test: [['RLT', 'triangularization']]
Initializing MosekClassicHandler

 
 folder name dans handler:  /lustre/fswork/projects/rech/llc/uvq13au/FastSDPCertification/results/benchmark/9x100-0.026/2026_10_02_00h37_33s_battery-targeted-rlt-cert
LAST_LAYER in resolve_layer_groups :  False
K :  10
CHORDAL_DECOMPOSITION  in resolve layer groups:  True
INPUT_IN_VARIABLES in resolve_layer_groups :  True
Taille de la matrice pour le groupe 0 [0, 1] : 820
Taille de la matrice pour le groupe 1 [1, 2] : 106
Taille de la matrice pour le groupe 2 [2, 3] : 123
Taille de la matrice pour le groupe 3 [3, 4] : 98
Taille de la matrice pour le groupe 4 [4, 5] : 86
Taille de la matrice pour le groupe 5 [5, 6] : 88
Taille de la matrice pour le groupe 6 [6, 7] : 108
Taille de la matrice pour le groupe 7 [7, 8] : 116
Taille de la matrice pour le groupe 8 [8, 9] : 119
Neurones stables actives:  set()
Neurones stables inactives:  {(7, 17), (1, 95), (7, 26), (8, 0), (8, 9), (5, 74), (8, 18), (9, 72), (5, 83), (6, 48), (5, 92), (6, 57), (9, 90), (6, 66), (6, 84), (2, 32), (3, 6), (3, 15), (2, 59), (4, 87), (3, 42), (7, 3), (1, 90), (1, 99), (7, 30), (5, 69), (6, 34), (9, 67), (5, 87), (5, 96), (3, 10), (2, 54), (3, 28), (3, 37), (4, 91), (1, 85), (5, 46), (9, 44), (9, 53), (5, 73), (6, 38), (6, 47), (8, 84), (8, 93), (2, 31), (3, 5), (3, 14), (4, 68), (1, 62), (1, 71), (7, 2), (1, 80), (5, 41), (1, 89), (9, 39), (5, 50), (6, 15), (5, 59), (5, 68), (5, 77), (6, 42), (7, 96), (8, 70), (8, 88), (2, 17), (3, 0), (3, 9), (3, 18), (4, 72), (4, 81), (1, 57), (1, 66), (4, 99), (5, 27), (1, 75), (9, 25), (5, 36), (9, 52), (6, 28), (6, 37), (6, 46), (8, 65), (8, 83), (2, 21), (4, 49), (4, 58), (1, 34), (4, 67), (1, 43), (4, 85), (1, 61), (9, 11), (5, 22), (1, 70), (5, 31), (3, 98), (5, 40), (5, 49), (9, 47), (5, 58), (6, 23), (8, 51), (7, 95), (8, 60), (8, 69), (8, 78), (8, 87), (1, 38), (1, 47), (4, 80), (1, 56), (5, 17), (1, 65), (9, 15), (5, 26), (3, 93), (5, 35), (6, 0), (9, 33), (5, 44), (6, 18), (7, 72), (8, 55), (4, 30), (4, 39), (1, 24), (4, 57), (1, 33), (4, 66), (5, 3), (3, 70), (5, 21), (3, 88), (9, 19), (8, 32), (8, 68), (4, 34), (1, 10), (4, 43), (1, 19), (4, 52), (1, 28), (1, 46), (5, 7), (3, 74), (7, 62), (8, 27), (7, 71), (8, 36), (4, 11), (6, 93), (4, 20), (4, 29), (4, 38), (1, 14), (4, 47), (1, 23), (2, 86), (2, 95), (3, 60), (5, 2), (3, 69), (5, 11), (7, 57), (7, 66), (8, 31), (7, 75), (9, 94), (8, 49), (6, 79), (4, 15), (6, 97), (4, 24), (1, 0), (1, 9), (1, 18), (3, 55), (2, 99), (7, 43), (8, 17), (5, 91), (8, 44), (9, 98), (6, 74), (4, 1), (6, 83), (6, 92), (4, 19), (1, 13), (3, 41), (3, 50), (9, 75), (5, 86), (6, 60), (9, 93), (6, 78), (4, 5), (6, 87), (2, 44), (2, 53), (3, 27), (2, 80), (7, 6), (3, 54), (7, 24), (7, 33), (8, 7), (5, 72), (9, 70), (5, 81), (9, 79), (5, 90), (6, 55), (6, 73), (6, 82), (4, 9), (2, 48), (3, 22), (3, 31), (2, 75), (7, 1), (1, 88), (7, 19), (7, 28), (7, 37), (8, 2), (9, 56), (5, 67), (9, 65), (6, 41), (5, 85), (6, 50), (6, 68), (8, 96), (2, 34), (3, 8), (3, 17), (2, 61), (4, 89), (4, 98), (1, 74), (1, 83), (7, 14), (1, 92), (7, 23), (5, 62), (6, 27), (6, 36), (5, 80), (6, 45), (8, 91), (2, 38), (3, 3), (2, 47), (3, 12), (2, 56), (4, 75), (3, 30), (4, 84), (1, 60), (1, 69), (1, 78), (7, 9), (1, 87), (9, 37), (5, 66), (6, 58), (2, 15), (8, 95), (2, 24), (3, 7), (4, 70), (3, 25), (4, 79), (1, 64), (7, 4), (5, 34), (1, 82), (1, 91), (6, 8), (5, 52), (5, 61), (9, 59), (5, 70), (6, 35), (3, 11), (1, 41), (4, 74), (1, 50), (4, 83), (4, 92), (1, 68), (9, 18), (1, 77), (9, 27), (6, 3), (5, 47), (6, 12), (6, 21), (9, 54), (6, 30), (7, 84), (6, 39), (8, 58), (8, 67), (2, 23), (1, 27), (1, 36), (1, 45), (4, 78), (1, 54), (9, 4), (5, 15), (1, 63), (3, 91), (5, 33), (9, 31), (5, 42), (6, 7), (9, 40), (7, 70), (7, 79), (8, 62), (8, 71), (1, 22), (4, 55), (1, 31), (4, 64), (4, 73), (5, 1), (5, 10), (3, 86), (3, 95), (9, 26), (5, 37), (9, 35), (6, 11), (7, 65), (7, 74), (7, 83), (8, 48), (7, 92), (8, 75), (2, 4), (4, 23), (1, 8), (4, 41), (1, 17), (4, 50), (1, 26), (1, 44), (3, 72), (3, 81), (9, 12), (5, 23), (3, 90), (5, 32), (6, 6), (8, 25), (8, 43), (8, 61), (4, 18), (1, 12), (4, 45), (1, 21), (1, 30), (2, 84), (1, 39), (3, 58), (5, 0), (5, 9), (3, 76), (9, 7), (7, 55), (7, 64), (7, 73), (8, 56), (6, 86), (4, 13), (6, 95), (4, 31), (1, 7), (4, 40), (2, 70), (2, 88), (5, 4), (3, 71), (9, 2), (5, 13), (7, 32), (8, 6), (8, 33), (9, 87), (6, 72), (4, 8), (6, 99), (1, 2), (3, 39), (2, 92), (7, 18), (3, 66), (7, 36), (8, 1), (8, 19), (8, 28), (9, 82), (6, 76), (4, 3), (4, 12), (6, 94), (2, 69), (3, 43), (3, 52), (7, 13), (8, 5), (5, 79), (8, 23), (5, 88), (6, 53), (5, 97), (6, 71), (6, 80), (4, 7), (4, 16), (1, 1), (2, 55), (2, 73), (3, 56)}
Adjusting MOSEK solver parameters
MOSEK time limit set to 180s
Adding objective function for Lan
Initializing variables...
CALLBACK num variables : 769482
Adding ReLU constraints for layer 1
Adding ReLU constraints for layer 2
Adding ReLU constraints for layer 3
Adding ReLU constraints for layer 4
Adding ReLU constraints for layer 5
Adding ReLU constraints for layer 6
Adding ReLU constraints for layer 7
Adding ReLU constraints for layer 8
Adding ReLU constraints for layer 9
Adding quadratic bounds constraint
Adding quadratic bounds constraint for layer 0
Adding quadratic bounds constraint for layer 1
Adding quadratic bounds constraint for layer 2
Adding quadratic bounds constraint for layer 3
Adding quadratic bounds constraint for layer 4
Adding quadratic bounds constraint for layer 5
Adding quadratic bounds constraint for layer 6
Adding quadratic bounds constraint for layer 7
Adding quadratic bounds constraint for layer 8
Adding quadratic bounds constraint for layer 9
Adding RLT constraint (compact)
Indexes pruned for layer 1 : []
Indexes pruned for layer 2 : [0, 1, 2, 7, 8, 9, 10, 12, 13, 14, 17, 18, 19, 21, 22, 23, 24, 26, 27, 28, 30, 31, 33, 34, 36, 38, 39, 41, 43, 44, 45, 46, 47, 50, 54, 56, 57, 60, 61, 62, 63, 64, 65, 66, 68, 69, 70, 71, 74, 75, 77, 78, 80, 82, 83, 85, 87, 88, 89, 90, 91, 92, 95, 99]
Indexes pruned for layer 3 : [4, 15, 17, 21, 23, 24, 31, 32, 34, 38, 44, 47, 48, 53, 54, 55, 56, 59, 61, 69, 70, 73, 75, 80, 84, 86, 88, 92, 95, 99]
Indexes pruned for layer 4 : [0, 3, 5, 6, 7, 8, 9, 10, 11, 12, 14, 15, 17, 18, 22, 25, 27, 28, 30, 31, 37, 39, 41, 42, 43, 50, 52, 54, 55, 56, 58, 60, 66, 69, 70, 71, 72, 74, 76, 81, 86, 88, 90, 91, 93, 95, 98]
Indexes pruned for layer 5 : [1, 3, 5, 7, 8, 9, 11, 12, 13, 15, 16, 18, 19, 20, 23, 24, 29, 30, 31, 34, 38, 39, 40, 41, 43, 45, 47, 49, 50, 52, 55, 57, 58, 64, 66, 67, 68, 70, 72, 73, 74, 75, 78, 79, 80, 81, 83, 84, 85, 87, 89, 91, 92, 98, 99]
Indexes pruned for layer 6 : [0, 1, 2, 3, 4, 7, 9, 10, 11, 13, 15, 17, 21, 22, 23, 26, 27, 31, 32, 33, 34, 35, 36, 37, 40, 41, 42, 44, 46, 47, 49, 50, 52, 58, 59, 61, 62, 66, 67, 68, 69, 70, 72, 73, 74, 77, 79, 80, 81, 83, 85, 86, 87, 88, 90, 91, 92, 96, 97]
Indexes pruned for layer 7 : [0, 3, 6, 7, 8, 11, 12, 15, 18, 21, 23, 27, 28, 30, 34, 35, 36, 37, 38, 39, 41, 42, 45, 46, 47, 48, 50, 53, 55, 57, 58, 60, 66, 68, 71, 72, 73, 74, 76, 78, 79, 80, 82, 83, 84, 86, 87, 92, 93, 94, 95, 97, 99]
Indexes pruned for layer 8 : [1, 2, 3, 4, 6, 9, 13, 14, 17, 18, 19, 23, 24, 26, 28, 30, 32, 33, 36, 37, 43, 55, 57, 62, 64, 65, 66, 70, 71, 72, 73, 74, 75, 79, 83, 84, 92, 95, 96]
Indexes pruned for layer 9 : [0, 1, 2, 5, 6, 7, 9, 17, 18, 19, 23, 25, 27, 28, 31, 32, 33, 36, 43, 44, 48, 49, 51, 55, 56, 58, 60, 61, 62, 65, 67, 68, 69, 70, 71, 75, 78, 83, 84, 87, 88, 91, 93, 95, 96]
CALLBACK : RLT (compact) = 50353 (dont 0 en repli chemin lent)
Adding rec matrices constraint
Number of constraints for the matrix by layers: 408 for 10 layers, [784 100 100 100 100 100 100 100 100 100  10] neurons, boundary layers: [1, 2, 3, 4, 5, 6, 7, 8]
Adding first term equal zero constraint
CALLBACK : Ending constraints. Total number of constraints :  154620
Cuts in _write_presolve_row:  ['RLT', 'triangularization']
Number of constraints before optimization:  154620
Number of variables before optimization:  769482
All possible cuts:  ['RLT', 'triangularization', 'McCormick_beta_z', 'beta_logits_comparaison', 'beta_logits_comparaison_big_M', 'sum_beta_logits_equal_logit']
Cuts added to dic for _write_presolve_row:  {'RLT': True, 'triangularization': True, 'McCormick_beta_z': False, 'beta_logits_comparaison': False, 'beta_logits_comparaison_big_M': False, 'sum_beta_logits_equal_logit': False}
Writing pre-solve row to results.csv with data_index: 69 target: 4
Pre-solve row written to results.csv with data_index: 69 target: 4
Pre-solve row written to results.csv with 154620 constraints and 769482 variables.
INFO     00:57:18     [objective_classic.py:97] Adding Objective to the task
CALLBACK : Number of constraints : 154620
[conic bundle] factor=0.01 x 151059 contraintes dualisables candidates => 1511 reellement dualisees (les 149548 autres relachees mais jamais penalisees)
  [cb_native dynamic calibration] h(0)=2.883345 pool_initial=50/1511
[cb_native dynamic] h(0)=2.883345 > positivity_threshold=1e-06 -- arret immediat (stop_when_positive).
[conic bundle] data_index=69 target=4 optimal_value=2.883345381380617 n_iter=0 (39.24s)
Initializing TargetedSDP...
Creating list of ytargets...
K :  10
self.n :  [784 100 100 100 100 100 100 100 100 100  10]
Getting to compute bounds...
STUDY : use active neurons:  True use inactive neurons:  False
STUDY : Nb Stable neurons :  428
Number of cuts to test: 1
Cuts to test: [['RLT', 'triangularization']]
Initializing MosekClassicHandler

 
 folder name dans handler:  /lustre/fswork/projects/rech/llc/uvq13au/FastSDPCertification/results/benchmark/9x100-0.026/2026_10_02_00h37_33s_battery-targeted-rlt-cert
LAST_LAYER in resolve_layer_groups :  False
K :  10
CHORDAL_DECOMPOSITION  in resolve layer groups:  True
INPUT_IN_VARIABLES in resolve_layer_groups :  True
Taille de la matrice pour le groupe 0 [0, 1] : 820
Taille de la matrice pour le groupe 1 [1, 2] : 106
Taille de la matrice pour le groupe 2 [2, 3] : 123
Taille de la matrice pour le groupe 3 [3, 4] : 98
Taille de la matrice pour le groupe 4 [4, 5] : 86
Taille de la matrice pour le groupe 5 [5, 6] : 88
Taille de la matrice pour le groupe 6 [6, 7] : 108
Taille de la matrice pour le groupe 7 [7, 8] : 116
Taille de la matrice pour le groupe 8 [8, 9] : 119
Neurones stables actives:  set()
Neurones stables inactives:  {(7, 17), (1, 95), (7, 26), (8, 0), (8, 9), (5, 74), (8, 18), (9, 72), (5, 83), (6, 48), (5, 92), (6, 57), (9, 90), (6, 66), (6, 84), (2, 32), (3, 6), (3, 15), (2, 59), (4, 87), (3, 42), (7, 3), (1, 90), (1, 99), (7, 30), (5, 69), (6, 34), (9, 67), (5, 87), (5, 96), (3, 10), (2, 54), (3, 28), (3, 37), (4, 91), (1, 85), (5, 46), (9, 44), (9, 53), (5, 73), (6, 38), (6, 47), (8, 84), (8, 93), (2, 31), (3, 5), (3, 14), (4, 68), (1, 62), (1, 71), (7, 2), (1, 80), (5, 41), (1, 89), (9, 39), (5, 50), (6, 15), (5, 59), (5, 68), (5, 77), (6, 42), (7, 96), (8, 70), (8, 88), (2, 17), (3, 0), (3, 9), (3, 18), (4, 72), (4, 81), (1, 57), (1, 66), (4, 99), (5, 27), (1, 75), (9, 25), (5, 36), (9, 52), (6, 28), (6, 37), (6, 46), (8, 65), (8, 83), (2, 21), (4, 49), (4, 58), (1, 34), (4, 67), (1, 43), (4, 85), (1, 61), (9, 11), (5, 22), (1, 70), (5, 31), (3, 98), (5, 40), (5, 49), (9, 47), (5, 58), (6, 23), (8, 51), (7, 95), (8, 60), (8, 69), (8, 78), (8, 87), (1, 38), (1, 47), (4, 80), (1, 56), (5, 17), (1, 65), (9, 15), (5, 26), (3, 93), (5, 35), (6, 0), (9, 33), (5, 44), (6, 18), (7, 72), (8, 55), (4, 30), (4, 39), (1, 24), (4, 57), (1, 33), (4, 66), (5, 3), (3, 70), (5, 21), (3, 88), (9, 19), (8, 32), (8, 68), (4, 34), (1, 10), (4, 43), (1, 19), (4, 52), (1, 28), (1, 46), (5, 7), (3, 74), (7, 62), (8, 27), (7, 71), (8, 36), (4, 11), (6, 93), (4, 20), (4, 29), (4, 38), (1, 14), (4, 47), (1, 23), (2, 86), (2, 95), (3, 60), (5, 2), (3, 69), (5, 11), (7, 57), (7, 66), (8, 31), (7, 75), (9, 94), (8, 49), (6, 79), (4, 15), (6, 97), (4, 24), (1, 0), (1, 9), (1, 18), (3, 55), (2, 99), (7, 43), (8, 17), (5, 91), (8, 44), (9, 98), (6, 74), (4, 1), (6, 83), (6, 92), (4, 19), (1, 13), (3, 41), (3, 50), (9, 75), (5, 86), (6, 60), (9, 93), (6, 78), (4, 5), (6, 87), (2, 44), (2, 53), (3, 27), (2, 80), (7, 6), (3, 54), (7, 24), (7, 33), (8, 7), (5, 72), (9, 70), (5, 81), (9, 79), (5, 90), (6, 55), (6, 73), (6, 82), (4, 9), (2, 48), (3, 22), (3, 31), (2, 75), (7, 1), (1, 88), (7, 19), (7, 28), (7, 37), (8, 2), (9, 56), (5, 67), (9, 65), (6, 41), (5, 85), (6, 50), (6, 68), (8, 96), (2, 34), (3, 8), (3, 17), (2, 61), (4, 89), (4, 98), (1, 74), (1, 83), (7, 14), (1, 92), (7, 23), (5, 62), (6, 27), (6, 36), (5, 80), (6, 45), (8, 91), (2, 38), (3, 3), (2, 47), (3, 12), (2, 56), (4, 75), (3, 30), (4, 84), (1, 60), (1, 69), (1, 78), (7, 9), (1, 87), (9, 37), (5, 66), (6, 58), (2, 15), (8, 95), (2, 24), (3, 7), (4, 70), (3, 25), (4, 79), (1, 64), (7, 4), (5, 34), (1, 82), (1, 91), (6, 8), (5, 52), (5, 61), (9, 59), (5, 70), (6, 35), (3, 11), (1, 41), (4, 74), (1, 50), (4, 83), (4, 92), (1, 68), (9, 18), (1, 77), (9, 27), (6, 3), (5, 47), (6, 12), (6, 21), (9, 54), (6, 30), (7, 84), (6, 39), (8, 58), (8, 67), (2, 23), (1, 27), (1, 36), (1, 45), (4, 78), (1, 54), (9, 4), (5, 15), (1, 63), (3, 91), (5, 33), (9, 31), (5, 42), (6, 7), (9, 40), (7, 70), (7, 79), (8, 62), (8, 71), (1, 22), (4, 55), (1, 31), (4, 64), (4, 73), (5, 1), (5, 10), (3, 86), (3, 95), (9, 26), (5, 37), (9, 35), (6, 11), (7, 65), (7, 74), (7, 83), (8, 48), (7, 92), (8, 75), (2, 4), (4, 23), (1, 8), (4, 41), (1, 17), (4, 50), (1, 26), (1, 44), (3, 72), (3, 81), (9, 12), (5, 23), (3, 90), (5, 32), (6, 6), (8, 25), (8, 43), (8, 61), (4, 18), (1, 12), (4, 45), (1, 21), (1, 30), (2, 84), (1, 39), (3, 58), (5, 0), (5, 9), (3, 76), (9, 7), (7, 55), (7, 64), (7, 73), (8, 56), (6, 86), (4, 13), (6, 95), (4, 31), (1, 7), (4, 40), (2, 70), (2, 88), (5, 4), (3, 71), (9, 2), (5, 13), (7, 32), (8, 6), (8, 33), (9, 87), (6, 72), (4, 8), (6, 99), (1, 2), (3, 39), (2, 92), (7, 18), (3, 66), (7, 36), (8, 1), (8, 19), (8, 28), (9, 82), (6, 76), (4, 3), (4, 12), (6, 94), (2, 69), (3, 43), (3, 52), (7, 13), (8, 5), (5, 79), (8, 23), (5, 88), (6, 53), (5, 97), (6, 71), (6, 80), (4, 7), (4, 16), (1, 1), (2, 55), (2, 73), (3, 56)}
Adjusting MOSEK solver parameters
MOSEK time limit set to 180s
Adding objective function for Lan
Initializing variables...
CALLBACK num variables : 769482
Adding ReLU constraints for layer 1
Adding ReLU constraints for layer 2
Adding ReLU constraints for layer 3
Adding ReLU constraints for layer 4
Adding ReLU constraints for layer 5
Adding ReLU constraints for layer 6
Adding ReLU constraints for layer 7
Adding ReLU constraints for layer 8
Adding ReLU constraints for layer 9
Adding quadratic bounds constraint
Adding quadratic bounds constraint for layer 0
Adding quadratic bounds constraint for layer 1
Adding quadratic bounds constraint for layer 2
Adding quadratic bounds constraint for layer 3
Adding quadratic bounds constraint for layer 4
Adding quadratic bounds constraint for layer 5
Adding quadratic bounds constraint for layer 6
Adding quadratic bounds constraint for layer 7
Adding quadratic bounds constraint for layer 8
Adding quadratic bounds constraint for layer 9
Adding RLT constraint (compact)
Indexes pruned for layer 1 : []
Indexes pruned for layer 2 : [0, 1, 2, 7, 8, 9, 10, 12, 13, 14, 17, 18, 19, 21, 22, 23, 24, 26, 27, 28, 30, 31, 33, 34, 36, 38, 39, 41, 43, 44, 45, 46, 47, 50, 54, 56, 57, 60, 61, 62, 63, 64, 65, 66, 68, 69, 70, 71, 74, 75, 77, 78, 80, 82, 83, 85, 87, 88, 89, 90, 91, 92, 95, 99]
Indexes pruned for layer 3 : [4, 15, 17, 21, 23, 24, 31, 32, 34, 38, 44, 47, 48, 53, 54, 55, 56, 59, 61, 69, 70, 73, 75, 80, 84, 86, 88, 92, 95, 99]
Indexes pruned for layer 4 : [0, 3, 5, 6, 7, 8, 9, 10, 11, 12, 14, 15, 17, 18, 22, 25, 27, 28, 30, 31, 37, 39, 41, 42, 43, 50, 52, 54, 55, 56, 58, 60, 66, 69, 70, 71, 72, 74, 76, 81, 86, 88, 90, 91, 93, 95, 98]
Indexes pruned for layer 5 : [1, 3, 5, 7, 8, 9, 11, 12, 13, 15, 16, 18, 19, 20, 23, 24, 29, 30, 31, 34, 38, 39, 40, 41, 43, 45, 47, 49, 50, 52, 55, 57, 58, 64, 66, 67, 68, 70, 72, 73, 74, 75, 78, 79, 80, 81, 83, 84, 85, 87, 89, 91, 92, 98, 99]
Indexes pruned for layer 6 : [0, 1, 2, 3, 4, 7, 9, 10, 11, 13, 15, 17, 21, 22, 23, 26, 27, 31, 32, 33, 34, 35, 36, 37, 40, 41, 42, 44, 46, 47, 49, 50, 52, 58, 59, 61, 62, 66, 67, 68, 69, 70, 72, 73, 74, 77, 79, 80, 81, 83, 85, 86, 87, 88, 90, 91, 92, 96, 97]
Indexes pruned for layer 7 : [0, 3, 6, 7, 8, 11, 12, 15, 18, 21, 23, 27, 28, 30, 34, 35, 36, 37, 38, 39, 41, 42, 45, 46, 47, 48, 50, 53, 55, 57, 58, 60, 66, 68, 71, 72, 73, 74, 76, 78, 79, 80, 82, 83, 84, 86, 87, 92, 93, 94, 95, 97, 99]
Indexes pruned for layer 8 : [1, 2, 3, 4, 6, 9, 13, 14, 17, 18, 19, 23, 24, 26, 28, 30, 32, 33, 36, 37, 43, 55, 57, 62, 64, 65, 66, 70, 71, 72, 73, 74, 75, 79, 83, 84, 92, 95, 96]
Indexes pruned for layer 9 : [0, 1, 2, 5, 6, 7, 9, 17, 18, 19, 23, 25, 27, 28, 31, 32, 33, 36, 43, 44, 48, 49, 51, 55, 56, 58, 60, 61, 62, 65, 67, 68, 69, 70, 71, 75, 78, 83, 84, 87, 88, 91, 93, 95, 96]
CALLBACK : RLT (compact) = 50353 (dont 0 en repli chemin lent)
Adding rec matrices constraint
Number of constraints for the matrix by layers: 408 for 10 layers, [784 100 100 100 100 100 100 100 100 100  10] neurons, boundary layers: [1, 2, 3, 4, 5, 6, 7, 8]
Adding first term equal zero constraint
CALLBACK : Ending constraints. Total number of constraints :  154620
Cuts in _write_presolve_row:  ['RLT', 'triangularization']
Number of constraints before optimization:  154620
Number of variables before optimization:  769482
All possible cuts:  ['RLT', 'triangularization', 'McCormick_beta_z', 'beta_logits_comparaison', 'beta_logits_comparaison_big_M', 'sum_beta_logits_equal_logit']
Cuts added to dic for _write_presolve_row:  {'RLT': True, 'triangularization': True, 'McCormick_beta_z': False, 'beta_logits_comparaison': False, 'beta_logits_comparaison_big_M': False, 'sum_beta_logits_equal_logit': False}
Writing pre-solve row to results.csv with data_index: 69 target: 5
Pre-solve row written to results.csv with data_index: 69 target: 5
Pre-solve row written to results.csv with 154620 constraints and 769482 variables.
INFO     00:57:59     [objective_classic.py:97] Adding Objective to the task
CALLBACK : Number of constraints : 154620
[conic bundle] factor=0.01 x 151059 contraintes dualisables candidates => 1511 reellement dualisees (les 149548 autres relachees mais jamais penalisees)
  [cb_native dynamic calibration] h(0)=1.920252 pool_initial=50/1511
[cb_native dynamic] h(0)=1.920252 > positivity_threshold=1e-06 -- arret immediat (stop_when_positive).
[conic bundle] data_index=69 target=5 optimal_value=1.9202524878863996 n_iter=0 (36.66s)
Initializing TargetedSDP...
Creating list of ytargets...
K :  10
self.n :  [784 100 100 100 100 100 100 100 100 100  10]
Getting to compute bounds...
STUDY : use active neurons:  True use inactive neurons:  False
STUDY : Nb Stable neurons :  428
Number of cuts to test: 1
Cuts to test: [['RLT', 'triangularization']]
Initializing MosekClassicHandler

 
 folder name dans handler:  /lustre/fswork/projects/rech/llc/uvq13au/FastSDPCertification/results/benchmark/9x100-0.026/2026_10_02_00h37_33s_battery-targeted-rlt-cert
LAST_LAYER in resolve_layer_groups :  False
K :  10
CHORDAL_DECOMPOSITION  in resolve layer groups:  True
INPUT_IN_VARIABLES in resolve_layer_groups :  True
Taille de la matrice pour le groupe 0 [0, 1] : 820
Taille de la matrice pour le groupe 1 [1, 2] : 106
Taille de la matrice pour le groupe 2 [2, 3] : 123
Taille de la matrice pour le groupe 3 [3, 4] : 98
Taille de la matrice pour le groupe 4 [4, 5] : 86
Taille de la matrice pour le groupe 5 [5, 6] : 88
Taille de la matrice pour le groupe 6 [6, 7] : 108
Taille de la matrice pour le groupe 7 [7, 8] : 116
Taille de la matrice pour le groupe 8 [8, 9] : 119
Neurones stables actives:  set()
Neurones stables inactives:  {(7, 17), (1, 95), (7, 26), (8, 0), (8, 9), (5, 74), (8, 18), (9, 72), (5, 83), (6, 48), (5, 92), (6, 57), (9, 90), (6, 66), (6, 84), (2, 32), (3, 6), (3, 15), (2, 59), (4, 87), (3, 42), (7, 3), (1, 90), (1, 99), (7, 30), (5, 69), (6, 34), (9, 67), (5, 87), (5, 96), (3, 10), (2, 54), (3, 28), (3, 37), (4, 91), (1, 85), (5, 46), (9, 44), (9, 53), (5, 73), (6, 38), (6, 47), (8, 84), (8, 93), (2, 31), (3, 5), (3, 14), (4, 68), (1, 62), (1, 71), (7, 2), (1, 80), (5, 41), (1, 89), (9, 39), (5, 50), (6, 15), (5, 59), (5, 68), (5, 77), (6, 42), (7, 96), (8, 70), (8, 88), (2, 17), (3, 0), (3, 9), (3, 18), (4, 72), (4, 81), (1, 57), (1, 66), (4, 99), (5, 27), (1, 75), (9, 25), (5, 36), (9, 52), (6, 28), (6, 37), (6, 46), (8, 65), (8, 83), (2, 21), (4, 49), (4, 58), (1, 34), (4, 67), (1, 43), (4, 85), (1, 61), (9, 11), (5, 22), (1, 70), (5, 31), (3, 98), (5, 40), (5, 49), (9, 47), (5, 58), (6, 23), (8, 51), (7, 95), (8, 60), (8, 69), (8, 78), (8, 87), (1, 38), (1, 47), (4, 80), (1, 56), (5, 17), (1, 65), (9, 15), (5, 26), (3, 93), (5, 35), (6, 0), (9, 33), (5, 44), (6, 18), (7, 72), (8, 55), (4, 30), (4, 39), (1, 24), (4, 57), (1, 33), (4, 66), (5, 3), (3, 70), (5, 21), (3, 88), (9, 19), (8, 32), (8, 68), (4, 34), (1, 10), (4, 43), (1, 19), (4, 52), (1, 28), (1, 46), (5, 7), (3, 74), (7, 62), (8, 27), (7, 71), (8, 36), (4, 11), (6, 93), (4, 20), (4, 29), (4, 38), (1, 14), (4, 47), (1, 23), (2, 86), (2, 95), (3, 60), (5, 2), (3, 69), (5, 11), (7, 57), (7, 66), (8, 31), (7, 75), (9, 94), (8, 49), (6, 79), (4, 15), (6, 97), (4, 24), (1, 0), (1, 9), (1, 18), (3, 55), (2, 99), (7, 43), (8, 17), (5, 91), (8, 44), (9, 98), (6, 74), (4, 1), (6, 83), (6, 92), (4, 19), (1, 13), (3, 41), (3, 50), (9, 75), (5, 86), (6, 60), (9, 93), (6, 78), (4, 5), (6, 87), (2, 44), (2, 53), (3, 27), (2, 80), (7, 6), (3, 54), (7, 24), (7, 33), (8, 7), (5, 72), (9, 70), (5, 81), (9, 79), (5, 90), (6, 55), (6, 73), (6, 82), (4, 9), (2, 48), (3, 22), (3, 31), (2, 75), (7, 1), (1, 88), (7, 19), (7, 28), (7, 37), (8, 2), (9, 56), (5, 67), (9, 65), (6, 41), (5, 85), (6, 50), (6, 68), (8, 96), (2, 34), (3, 8), (3, 17), (2, 61), (4, 89), (4, 98), (1, 74), (1, 83), (7, 14), (1, 92), (7, 23), (5, 62), (6, 27), (6, 36), (5, 80), (6, 45), (8, 91), (2, 38), (3, 3), (2, 47), (3, 12), (2, 56), (4, 75), (3, 30), (4, 84), (1, 60), (1, 69), (1, 78), (7, 9), (1, 87), (9, 37), (5, 66), (6, 58), (2, 15), (8, 95), (2, 24), (3, 7), (4, 70), (3, 25), (4, 79), (1, 64), (7, 4), (5, 34), (1, 82), (1, 91), (6, 8), (5, 52), (5, 61), (9, 59), (5, 70), (6, 35), (3, 11), (1, 41), (4, 74), (1, 50), (4, 83), (4, 92), (1, 68), (9, 18), (1, 77), (9, 27), (6, 3), (5, 47), (6, 12), (6, 21), (9, 54), (6, 30), (7, 84), (6, 39), (8, 58), (8, 67), (2, 23), (1, 27), (1, 36), (1, 45), (4, 78), (1, 54), (9, 4), (5, 15), (1, 63), (3, 91), (5, 33), (9, 31), (5, 42), (6, 7), (9, 40), (7, 70), (7, 79), (8, 62), (8, 71), (1, 22), (4, 55), (1, 31), (4, 64), (4, 73), (5, 1), (5, 10), (3, 86), (3, 95), (9, 26), (5, 37), (9, 35), (6, 11), (7, 65), (7, 74), (7, 83), (8, 48), (7, 92), (8, 75), (2, 4), (4, 23), (1, 8), (4, 41), (1, 17), (4, 50), (1, 26), (1, 44), (3, 72), (3, 81), (9, 12), (5, 23), (3, 90), (5, 32), (6, 6), (8, 25), (8, 43), (8, 61), (4, 18), (1, 12), (4, 45), (1, 21), (1, 30), (2, 84), (1, 39), (3, 58), (5, 0), (5, 9), (3, 76), (9, 7), (7, 55), (7, 64), (7, 73), (8, 56), (6, 86), (4, 13), (6, 95), (4, 31), (1, 7), (4, 40), (2, 70), (2, 88), (5, 4), (3, 71), (9, 2), (5, 13), (7, 32), (8, 6), (8, 33), (9, 87), (6, 72), (4, 8), (6, 99), (1, 2), (3, 39), (2, 92), (7, 18), (3, 66), (7, 36), (8, 1), (8, 19), (8, 28), (9, 82), (6, 76), (4, 3), (4, 12), (6, 94), (2, 69), (3, 43), (3, 52), (7, 13), (8, 5), (5, 79), (8, 23), (5, 88), (6, 53), (5, 97), (6, 71), (6, 80), (4, 7), (4, 16), (1, 1), (2, 55), (2, 73), (3, 56)}
Adjusting MOSEK solver parameters
MOSEK time limit set to 180s
Adding objective function for Lan
Initializing variables...
CALLBACK num variables : 769482
Adding ReLU constraints for layer 1
Adding ReLU constraints for layer 2
Adding ReLU constraints for layer 3
Adding ReLU constraints for layer 4
Adding ReLU constraints for layer 5
Adding ReLU constraints for layer 6
Adding ReLU constraints for layer 7
Adding ReLU constraints for layer 8
Adding ReLU constraints for layer 9
Adding quadratic bounds constraint
Adding quadratic bounds constraint for layer 0
Adding quadratic bounds constraint for layer 1
Adding quadratic bounds constraint for layer 2
Adding quadratic bounds constraint for layer 3
Adding quadratic bounds constraint for layer 4
Adding quadratic bounds constraint for layer 5
Adding quadratic bounds constraint for layer 6
Adding quadratic bounds constraint for layer 7
Adding quadratic bounds constraint for layer 8
Adding quadratic bounds constraint for layer 9
Adding RLT constraint (compact)
Indexes pruned for layer 1 : []
Indexes pruned for layer 2 : [0, 1, 2, 7, 8, 9, 10, 12, 13, 14, 17, 18, 19, 21, 22, 23, 24, 26, 27, 28, 30, 31, 33, 34, 36, 38, 39, 41, 43, 44, 45, 46, 47, 50, 54, 56, 57, 60, 61, 62, 63, 64, 65, 66, 68, 69, 70, 71, 74, 75, 77, 78, 80, 82, 83, 85, 87, 88, 89, 90, 91, 92, 95, 99]
Indexes pruned for layer 3 : [4, 15, 17, 21, 23, 24, 31, 32, 34, 38, 44, 47, 48, 53, 54, 55, 56, 59, 61, 69, 70, 73, 75, 80, 84, 86, 88, 92, 95, 99]
Indexes pruned for layer 4 : [0, 3, 5, 6, 7, 8, 9, 10, 11, 12, 14, 15, 17, 18, 22, 25, 27, 28, 30, 31, 37, 39, 41, 42, 43, 50, 52, 54, 55, 56, 58, 60, 66, 69, 70, 71, 72, 74, 76, 81, 86, 88, 90, 91, 93, 95, 98]
Indexes pruned for layer 5 : [1, 3, 5, 7, 8, 9, 11, 12, 13, 15, 16, 18, 19, 20, 23, 24, 29, 30, 31, 34, 38, 39, 40, 41, 43, 45, 47, 49, 50, 52, 55, 57, 58, 64, 66, 67, 68, 70, 72, 73, 74, 75, 78, 79, 80, 81, 83, 84, 85, 87, 89, 91, 92, 98, 99]
Indexes pruned for layer 6 : [0, 1, 2, 3, 4, 7, 9, 10, 11, 13, 15, 17, 21, 22, 23, 26, 27, 31, 32, 33, 34, 35, 36, 37, 40, 41, 42, 44, 46, 47, 49, 50, 52, 58, 59, 61, 62, 66, 67, 68, 69, 70, 72, 73, 74, 77, 79, 80, 81, 83, 85, 86, 87, 88, 90, 91, 92, 96, 97]
Indexes pruned for layer 7 : [0, 3, 6, 7, 8, 11, 12, 15, 18, 21, 23, 27, 28, 30, 34, 35, 36, 37, 38, 39, 41, 42, 45, 46, 47, 48, 50, 53, 55, 57, 58, 60, 66, 68, 71, 72, 73, 74, 76, 78, 79, 80, 82, 83, 84, 86, 87, 92, 93, 94, 95, 97, 99]
Indexes pruned for layer 8 : [1, 2, 3, 4, 6, 9, 13, 14, 17, 18, 19, 23, 24, 26, 28, 30, 32, 33, 36, 37, 43, 55, 57, 62, 64, 65, 66, 70, 71, 72, 73, 74, 75, 79, 83, 84, 92, 95, 96]
Indexes pruned for layer 9 : [0, 1, 2, 5, 6, 7, 9, 17, 18, 19, 23, 25, 27, 28, 31, 32, 33, 36, 43, 44, 48, 49, 51, 55, 56, 58, 60, 61, 62, 65, 67, 68, 69, 70, 71, 75, 78, 83, 84, 87, 88, 91, 93, 95, 96]
CALLBACK : RLT (compact) = 50353 (dont 0 en repli chemin lent)
Adding rec matrices constraint
Number of constraints for the matrix by layers: 408 for 10 layers, [784 100 100 100 100 100 100 100 100 100  10] neurons, boundary layers: [1, 2, 3, 4, 5, 6, 7, 8]
Adding first term equal zero constraint
CALLBACK : Ending constraints. Total number of constraints :  154620
Cuts in _write_presolve_row:  ['RLT', 'triangularization']
Number of constraints before optimization:  154620
Number of variables before optimization:  769482
All possible cuts:  ['RLT', 'triangularization', 'McCormick_beta_z', 'beta_logits_comparaison', 'beta_logits_comparaison_big_M', 'sum_beta_logits_equal_logit']
Cuts added to dic for _write_presolve_row:  {'RLT': True, 'triangularization': True, 'McCormick_beta_z': False, 'beta_logits_comparaison': False, 'beta_logits_comparaison_big_M': False, 'sum_beta_logits_equal_logit': False}
Writing pre-solve row to results.csv with data_index: 69 target: 7
Pre-solve row written to results.csv with data_index: 69 target: 7
Pre-solve row written to results.csv with 154620 constraints and 769482 variables.
INFO     00:58:37     [objective_classic.py:97] Adding Objective to the task
CALLBACK : Number of constraints : 154620
[conic bundle] factor=0.01 x 151059 contraintes dualisables candidates => 1511 reellement dualisees (les 149548 autres relachees mais jamais penalisees)
  [cb_native dynamic calibration] h(0)=5.523131 pool_initial=50/1511
[cb_native dynamic] h(0)=5.523131 > positivity_threshold=1e-06 -- arret immediat (stop_when_positive).
[conic bundle] data_index=69 target=7 optimal_value=5.5231307682058715 n_iter=0 (37.09s)
Initializing TargetedSDP...
Creating list of ytargets...
K :  10
self.n :  [784 100 100 100 100 100 100 100 100 100  10]
Getting to compute bounds...
STUDY : use active neurons:  True use inactive neurons:  False
STUDY : Nb Stable neurons :  428
Number of cuts to test: 1
Cuts to test: [['RLT', 'triangularization']]
Initializing MosekClassicHandler

 
 folder name dans handler:  /lustre/fswork/projects/rech/llc/uvq13au/FastSDPCertification/results/benchmark/9x100-0.026/2026_10_02_00h37_33s_battery-targeted-rlt-cert
LAST_LAYER in resolve_layer_groups :  False
K :  10
CHORDAL_DECOMPOSITION  in resolve layer groups:  True
INPUT_IN_VARIABLES in resolve_layer_groups :  True
Taille de la matrice pour le groupe 0 [0, 1] : 820
Taille de la matrice pour le groupe 1 [1, 2] : 106
Taille de la matrice pour le groupe 2 [2, 3] : 123
Taille de la matrice pour le groupe 3 [3, 4] : 98
Taille de la matrice pour le groupe 4 [4, 5] : 86
Taille de la matrice pour le groupe 5 [5, 6] : 88
Taille de la matrice pour le groupe 6 [6, 7] : 108
Taille de la matrice pour le groupe 7 [7, 8] : 116
Taille de la matrice pour le groupe 8 [8, 9] : 119
Neurones stables actives:  set()
Neurones stables inactives:  {(7, 17), (1, 95), (7, 26), (8, 0), (8, 9), (5, 74), (8, 18), (9, 72), (5, 83), (6, 48), (5, 92), (6, 57), (9, 90), (6, 66), (6, 84), (2, 32), (3, 6), (3, 15), (2, 59), (4, 87), (3, 42), (7, 3), (1, 90), (1, 99), (7, 30), (5, 69), (6, 34), (9, 67), (5, 87), (5, 96), (3, 10), (2, 54), (3, 28), (3, 37), (4, 91), (1, 85), (5, 46), (9, 44), (9, 53), (5, 73), (6, 38), (6, 47), (8, 84), (8, 93), (2, 31), (3, 5), (3, 14), (4, 68), (1, 62), (1, 71), (7, 2), (1, 80), (5, 41), (1, 89), (9, 39), (5, 50), (6, 15), (5, 59), (5, 68), (5, 77), (6, 42), (7, 96), (8, 70), (8, 88), (2, 17), (3, 0), (3, 9), (3, 18), (4, 72), (4, 81), (1, 57), (1, 66), (4, 99), (5, 27), (1, 75), (9, 25), (5, 36), (9, 52), (6, 28), (6, 37), (6, 46), (8, 65), (8, 83), (2, 21), (4, 49), (4, 58), (1, 34), (4, 67), (1, 43), (4, 85), (1, 61), (9, 11), (5, 22), (1, 70), (5, 31), (3, 98), (5, 40), (5, 49), (9, 47), (5, 58), (6, 23), (8, 51), (7, 95), (8, 60), (8, 69), (8, 78), (8, 87), (1, 38), (1, 47), (4, 80), (1, 56), (5, 17), (1, 65), (9, 15), (5, 26), (3, 93), (5, 35), (6, 0), (9, 33), (5, 44), (6, 18), (7, 72), (8, 55), (4, 30), (4, 39), (1, 24), (4, 57), (1, 33), (4, 66), (5, 3), (3, 70), (5, 21), (3, 88), (9, 19), (8, 32), (8, 68), (4, 34), (1, 10), (4, 43), (1, 19), (4, 52), (1, 28), (1, 46), (5, 7), (3, 74), (7, 62), (8, 27), (7, 71), (8, 36), (4, 11), (6, 93), (4, 20), (4, 29), (4, 38), (1, 14), (4, 47), (1, 23), (2, 86), (2, 95), (3, 60), (5, 2), (3, 69), (5, 11), (7, 57), (7, 66), (8, 31), (7, 75), (9, 94), (8, 49), (6, 79), (4, 15), (6, 97), (4, 24), (1, 0), (1, 9), (1, 18), (3, 55), (2, 99), (7, 43), (8, 17), (5, 91), (8, 44), (9, 98), (6, 74), (4, 1), (6, 83), (6, 92), (4, 19), (1, 13), (3, 41), (3, 50), (9, 75), (5, 86), (6, 60), (9, 93), (6, 78), (4, 5), (6, 87), (2, 44), (2, 53), (3, 27), (2, 80), (7, 6), (3, 54), (7, 24), (7, 33), (8, 7), (5, 72), (9, 70), (5, 81), (9, 79), (5, 90), (6, 55), (6, 73), (6, 82), (4, 9), (2, 48), (3, 22), (3, 31), (2, 75), (7, 1), (1, 88), (7, 19), (7, 28), (7, 37), (8, 2), (9, 56), (5, 67), (9, 65), (6, 41), (5, 85), (6, 50), (6, 68), (8, 96), (2, 34), (3, 8), (3, 17), (2, 61), (4, 89), (4, 98), (1, 74), (1, 83), (7, 14), (1, 92), (7, 23), (5, 62), (6, 27), (6, 36), (5, 80), (6, 45), (8, 91), (2, 38), (3, 3), (2, 47), (3, 12), (2, 56), (4, 75), (3, 30), (4, 84), (1, 60), (1, 69), (1, 78), (7, 9), (1, 87), (9, 37), (5, 66), (6, 58), (2, 15), (8, 95), (2, 24), (3, 7), (4, 70), (3, 25), (4, 79), (1, 64), (7, 4), (5, 34), (1, 82), (1, 91), (6, 8), (5, 52), (5, 61), (9, 59), (5, 70), (6, 35), (3, 11), (1, 41), (4, 74), (1, 50), (4, 83), (4, 92), (1, 68), (9, 18), (1, 77), (9, 27), (6, 3), (5, 47), (6, 12), (6, 21), (9, 54), (6, 30), (7, 84), (6, 39), (8, 58), (8, 67), (2, 23), (1, 27), (1, 36), (1, 45), (4, 78), (1, 54), (9, 4), (5, 15), (1, 63), (3, 91), (5, 33), (9, 31), (5, 42), (6, 7), (9, 40), (7, 70), (7, 79), (8, 62), (8, 71), (1, 22), (4, 55), (1, 31), (4, 64), (4, 73), (5, 1), (5, 10), (3, 86), (3, 95), (9, 26), (5, 37), (9, 35), (6, 11), (7, 65), (7, 74), (7, 83), (8, 48), (7, 92), (8, 75), (2, 4), (4, 23), (1, 8), (4, 41), (1, 17), (4, 50), (1, 26), (1, 44), (3, 72), (3, 81), (9, 12), (5, 23), (3, 90), (5, 32), (6, 6), (8, 25), (8, 43), (8, 61), (4, 18), (1, 12), (4, 45), (1, 21), (1, 30), (2, 84), (1, 39), (3, 58), (5, 0), (5, 9), (3, 76), (9, 7), (7, 55), (7, 64), (7, 73), (8, 56), (6, 86), (4, 13), (6, 95), (4, 31), (1, 7), (4, 40), (2, 70), (2, 88), (5, 4), (3, 71), (9, 2), (5, 13), (7, 32), (8, 6), (8, 33), (9, 87), (6, 72), (4, 8), (6, 99), (1, 2), (3, 39), (2, 92), (7, 18), (3, 66), (7, 36), (8, 1), (8, 19), (8, 28), (9, 82), (6, 76), (4, 3), (4, 12), (6, 94), (2, 69), (3, 43), (3, 52), (7, 13), (8, 5), (5, 79), (8, 23), (5, 88), (6, 53), (5, 97), (6, 71), (6, 80), (4, 7), (4, 16), (1, 1), (2, 55), (2, 73), (3, 56)}
Adjusting MOSEK solver parameters
MOSEK time limit set to 180s
Adding objective function for Lan
Initializing variables...
CALLBACK num variables : 769482
Adding ReLU constraints for layer 1
Adding ReLU constraints for layer 2
Adding ReLU constraints for layer 3
Adding ReLU constraints for layer 4
Adding ReLU constraints for layer 5
Adding ReLU constraints for layer 6
Adding ReLU constraints for layer 7
Adding ReLU constraints for layer 8
Adding ReLU constraints for layer 9
Adding quadratic bounds constraint
Adding quadratic bounds constraint for layer 0
Adding quadratic bounds constraint for layer 1
Adding quadratic bounds constraint for layer 2
Adding quadratic bounds constraint for layer 3
Adding quadratic bounds constraint for layer 4
Adding quadratic bounds constraint for layer 5
Adding quadratic bounds constraint for layer 6
Adding quadratic bounds constraint for layer 7
Adding quadratic bounds constraint for layer 8
Adding quadratic bounds constraint for layer 9
Adding RLT constraint (compact)
Indexes pruned for layer 1 : []
Indexes pruned for layer 2 : [0, 1, 2, 7, 8, 9, 10, 12, 13, 14, 17, 18, 19, 21, 22, 23, 24, 26, 27, 28, 30, 31, 33, 34, 36, 38, 39, 41, 43, 44, 45, 46, 47, 50, 54, 56, 57, 60, 61, 62, 63, 64, 65, 66, 68, 69, 70, 71, 74, 75, 77, 78, 80, 82, 83, 85, 87, 88, 89, 90, 91, 92, 95, 99]
Indexes pruned for layer 3 : [4, 15, 17, 21, 23, 24, 31, 32, 34, 38, 44, 47, 48, 53, 54, 55, 56, 59, 61, 69, 70, 73, 75, 80, 84, 86, 88, 92, 95, 99]
Indexes pruned for layer 4 : [0, 3, 5, 6, 7, 8, 9, 10, 11, 12, 14, 15, 17, 18, 22, 25, 27, 28, 30, 31, 37, 39, 41, 42, 43, 50, 52, 54, 55, 56, 58, 60, 66, 69, 70, 71, 72, 74, 76, 81, 86, 88, 90, 91, 93, 95, 98]
Indexes pruned for layer 5 : [1, 3, 5, 7, 8, 9, 11, 12, 13, 15, 16, 18, 19, 20, 23, 24, 29, 30, 31, 34, 38, 39, 40, 41, 43, 45, 47, 49, 50, 52, 55, 57, 58, 64, 66, 67, 68, 70, 72, 73, 74, 75, 78, 79, 80, 81, 83, 84, 85, 87, 89, 91, 92, 98, 99]
Indexes pruned for layer 6 : [0, 1, 2, 3, 4, 7, 9, 10, 11, 13, 15, 17, 21, 22, 23, 26, 27, 31, 32, 33, 34, 35, 36, 37, 40, 41, 42, 44, 46, 47, 49, 50, 52, 58, 59, 61, 62, 66, 67, 68, 69, 70, 72, 73, 74, 77, 79, 80, 81, 83, 85, 86, 87, 88, 90, 91, 92, 96, 97]
Indexes pruned for layer 7 : [0, 3, 6, 7, 8, 11, 12, 15, 18, 21, 23, 27, 28, 30, 34, 35, 36, 37, 38, 39, 41, 42, 45, 46, 47, 48, 50, 53, 55, 57, 58, 60, 66, 68, 71, 72, 73, 74, 76, 78, 79, 80, 82, 83, 84, 86, 87, 92, 93, 94, 95, 97, 99]
Indexes pruned for layer 8 : [1, 2, 3, 4, 6, 9, 13, 14, 17, 18, 19, 23, 24, 26, 28, 30, 32, 33, 36, 37, 43, 55, 57, 62, 64, 65, 66, 70, 71, 72, 73, 74, 75, 79, 83, 84, 92, 95, 96]
Indexes pruned for layer 9 : [0, 1, 2, 5, 6, 7, 9, 17, 18, 19, 23, 25, 27, 28, 31, 32, 33, 36, 43, 44, 48, 49, 51, 55, 56, 58, 60, 61, 62, 65, 67, 68, 69, 70, 71, 75, 78, 83, 84, 87, 88, 91, 93, 95, 96]
CALLBACK : RLT (compact) = 50353 (dont 0 en repli chemin lent)
Adding rec matrices constraint
Number of constraints for the matrix by layers: 408 for 10 layers, [784 100 100 100 100 100 100 100 100 100  10] neurons, boundary layers: [1, 2, 3, 4, 5, 6, 7, 8]
Adding first term equal zero constraint
CALLBACK : Ending constraints. Total number of constraints :  154620
Cuts in _write_presolve_row:  ['RLT', 'triangularization']
Number of constraints before optimization:  154620
Number of variables before optimization:  769482
All possible cuts:  ['RLT', 'triangularization', 'McCormick_beta_z', 'beta_logits_comparaison', 'beta_logits_comparaison_big_M', 'sum_beta_logits_equal_logit']
Cuts added to dic for _write_presolve_row:  {'RLT': True, 'triangularization': True, 'McCormick_beta_z': False, 'beta_logits_comparaison': False, 'beta_logits_comparaison_big_M': False, 'sum_beta_logits_equal_logit': False}
Writing pre-solve row to results.csv with data_index: 69 target: 8
Pre-solve row written to results.csv with data_index: 69 target: 8
Pre-solve row written to results.csv with 154620 constraints and 769482 variables.
INFO     00:59:16     [objective_classic.py:97] Adding Objective to the task
CALLBACK : Number of constraints : 154620
[conic bundle] factor=0.01 x 151059 contraintes dualisables candidates => 1511 reellement dualisees (les 149548 autres relachees mais jamais penalisees)
  [cb_native dynamic calibration] h(0)=1.338271 pool_initial=50/1511
[cb_native dynamic] h(0)=1.338271 > positivity_threshold=1e-06 -- arret immediat (stop_when_positive).
[conic bundle] data_index=69 target=8 optimal_value=1.3382706174368153 n_iter=0 (54.55s)
Initializing TargetedSDP...
Creating list of ytargets...
K :  10
self.n :  [784 100 100 100 100 100 100 100 100 100  10]
Getting to compute bounds...
STUDY : use active neurons:  True use inactive neurons:  False
STUDY : Nb Stable neurons :  428
Number of cuts to test: 1
Cuts to test: [['RLT', 'triangularization']]
Initializing MosekClassicHandler

 
 folder name dans handler:  /lustre/fswork/projects/rech/llc/uvq13au/FastSDPCertification/results/benchmark/9x100-0.026/2026_10_02_00h37_33s_battery-targeted-rlt-cert
LAST_LAYER in resolve_layer_groups :  False
K :  10
CHORDAL_DECOMPOSITION  in resolve layer groups:  True
INPUT_IN_VARIABLES in resolve_layer_groups :  True
Taille de la matrice pour le groupe 0 [0, 1] : 820
Taille de la matrice pour le groupe 1 [1, 2] : 106
Taille de la matrice pour le groupe 2 [2, 3] : 123
Taille de la matrice pour le groupe 3 [3, 4] : 98
Taille de la matrice pour le groupe 4 [4, 5] : 86
Taille de la matrice pour le groupe 5 [5, 6] : 88
Taille de la matrice pour le groupe 6 [6, 7] : 108
Taille de la matrice pour le groupe 7 [7, 8] : 116
Taille de la matrice pour le groupe 8 [8, 9] : 119
Neurones stables actives:  set()
Neurones stables inactives:  {(7, 17), (1, 95), (7, 26), (8, 0), (8, 9), (5, 74), (8, 18), (9, 72), (5, 83), (6, 48), (5, 92), (6, 57), (9, 90), (6, 66), (6, 84), (2, 32), (3, 6), (3, 15), (2, 59), (4, 87), (3, 42), (7, 3), (1, 90), (1, 99), (7, 30), (5, 69), (6, 34), (9, 67), (5, 87), (5, 96), (3, 10), (2, 54), (3, 28), (3, 37), (4, 91), (1, 85), (5, 46), (9, 44), (9, 53), (5, 73), (6, 38), (6, 47), (8, 84), (8, 93), (2, 31), (3, 5), (3, 14), (4, 68), (1, 62), (1, 71), (7, 2), (1, 80), (5, 41), (1, 89), (9, 39), (5, 50), (6, 15), (5, 59), (5, 68), (5, 77), (6, 42), (7, 96), (8, 70), (8, 88), (2, 17), (3, 0), (3, 9), (3, 18), (4, 72), (4, 81), (1, 57), (1, 66), (4, 99), (5, 27), (1, 75), (9, 25), (5, 36), (9, 52), (6, 28), (6, 37), (6, 46), (8, 65), (8, 83), (2, 21), (4, 49), (4, 58), (1, 34), (4, 67), (1, 43), (4, 85), (1, 61), (9, 11), (5, 22), (1, 70), (5, 31), (3, 98), (5, 40), (5, 49), (9, 47), (5, 58), (6, 23), (8, 51), (7, 95), (8, 60), (8, 69), (8, 78), (8, 87), (1, 38), (1, 47), (4, 80), (1, 56), (5, 17), (1, 65), (9, 15), (5, 26), (3, 93), (5, 35), (6, 0), (9, 33), (5, 44), (6, 18), (7, 72), (8, 55), (4, 30), (4, 39), (1, 24), (4, 57), (1, 33), (4, 66), (5, 3), (3, 70), (5, 21), (3, 88), (9, 19), (8, 32), (8, 68), (4, 34), (1, 10), (4, 43), (1, 19), (4, 52), (1, 28), (1, 46), (5, 7), (3, 74), (7, 62), (8, 27), (7, 71), (8, 36), (4, 11), (6, 93), (4, 20), (4, 29), (4, 38), (1, 14), (4, 47), (1, 23), (2, 86), (2, 95), (3, 60), (5, 2), (3, 69), (5, 11), (7, 57), (7, 66), (8, 31), (7, 75), (9, 94), (8, 49), (6, 79), (4, 15), (6, 97), (4, 24), (1, 0), (1, 9), (1, 18), (3, 55), (2, 99), (7, 43), (8, 17), (5, 91), (8, 44), (9, 98), (6, 74), (4, 1), (6, 83), (6, 92), (4, 19), (1, 13), (3, 41), (3, 50), (9, 75), (5, 86), (6, 60), (9, 93), (6, 78), (4, 5), (6, 87), (2, 44), (2, 53), (3, 27), (2, 80), (7, 6), (3, 54), (7, 24), (7, 33), (8, 7), (5, 72), (9, 70), (5, 81), (9, 79), (5, 90), (6, 55), (6, 73), (6, 82), (4, 9), (2, 48), (3, 22), (3, 31), (2, 75), (7, 1), (1, 88), (7, 19), (7, 28), (7, 37), (8, 2), (9, 56), (5, 67), (9, 65), (6, 41), (5, 85), (6, 50), (6, 68), (8, 96), (2, 34), (3, 8), (3, 17), (2, 61), (4, 89), (4, 98), (1, 74), (1, 83), (7, 14), (1, 92), (7, 23), (5, 62), (6, 27), (6, 36), (5, 80), (6, 45), (8, 91), (2, 38), (3, 3), (2, 47), (3, 12), (2, 56), (4, 75), (3, 30), (4, 84), (1, 60), (1, 69), (1, 78), (7, 9), (1, 87), (9, 37), (5, 66), (6, 58), (2, 15), (8, 95), (2, 24), (3, 7), (4, 70), (3, 25), (4, 79), (1, 64), (7, 4), (5, 34), (1, 82), (1, 91), (6, 8), (5, 52), (5, 61), (9, 59), (5, 70), (6, 35), (3, 11), (1, 41), (4, 74), (1, 50), (4, 83), (4, 92), (1, 68), (9, 18), (1, 77), (9, 27), (6, 3), (5, 47), (6, 12), (6, 21), (9, 54), (6, 30), (7, 84), (6, 39), (8, 58), (8, 67), (2, 23), (1, 27), (1, 36), (1, 45), (4, 78), (1, 54), (9, 4), (5, 15), (1, 63), (3, 91), (5, 33), (9, 31), (5, 42), (6, 7), (9, 40), (7, 70), (7, 79), (8, 62), (8, 71), (1, 22), (4, 55), (1, 31), (4, 64), (4, 73), (5, 1), (5, 10), (3, 86), (3, 95), (9, 26), (5, 37), (9, 35), (6, 11), (7, 65), (7, 74), (7, 83), (8, 48), (7, 92), (8, 75), (2, 4), (4, 23), (1, 8), (4, 41), (1, 17), (4, 50), (1, 26), (1, 44), (3, 72), (3, 81), (9, 12), (5, 23), (3, 90), (5, 32), (6, 6), (8, 25), (8, 43), (8, 61), (4, 18), (1, 12), (4, 45), (1, 21), (1, 30), (2, 84), (1, 39), (3, 58), (5, 0), (5, 9), (3, 76), (9, 7), (7, 55), (7, 64), (7, 73), (8, 56), (6, 86), (4, 13), (6, 95), (4, 31), (1, 7), (4, 40), (2, 70), (2, 88), (5, 4), (3, 71), (9, 2), (5, 13), (7, 32), (8, 6), (8, 33), (9, 87), (6, 72), (4, 8), (6, 99), (1, 2), (3, 39), (2, 92), (7, 18), (3, 66), (7, 36), (8, 1), (8, 19), (8, 28), (9, 82), (6, 76), (4, 3), (4, 12), (6, 94), (2, 69), (3, 43), (3, 52), (7, 13), (8, 5), (5, 79), (8, 23), (5, 88), (6, 53), (5, 97), (6, 71), (6, 80), (4, 7), (4, 16), (1, 1), (2, 55), (2, 73), (3, 56)}
Adjusting MOSEK solver parameters
MOSEK time limit set to 180s
Adding objective function for Lan
Initializing variables...
CALLBACK num variables : 769482
Adding ReLU constraints for layer 1
Adding ReLU constraints for layer 2
Adding ReLU constraints for layer 3
Adding ReLU constraints for layer 4
Adding ReLU constraints for layer 5
Adding ReLU constraints for layer 6
Adding ReLU constraints for layer 7
Adding ReLU constraints for layer 8
Adding ReLU constraints for layer 9
Adding quadratic bounds constraint
Adding quadratic bounds constraint for layer 0
Adding quadratic bounds constraint for layer 1
Adding quadratic bounds constraint for layer 2
Adding quadratic bounds constraint for layer 3
Adding quadratic bounds constraint for layer 4
Adding quadratic bounds constraint for layer 5
Adding quadratic bounds constraint for layer 6
Adding quadratic bounds constraint for layer 7
Adding quadratic bounds constraint for layer 8
Adding quadratic bounds constraint for layer 9
Adding RLT constraint (compact)
Indexes pruned for layer 1 : []
Indexes pruned for layer 2 : [0, 1, 2, 7, 8, 9, 10, 12, 13, 14, 17, 18, 19, 21, 22, 23, 24, 26, 27, 28, 30, 31, 33, 34, 36, 38, 39, 41, 43, 44, 45, 46, 47, 50, 54, 56, 57, 60, 61, 62, 63, 64, 65, 66, 68, 69, 70, 71, 74, 75, 77, 78, 80, 82, 83, 85, 87, 88, 89, 90, 91, 92, 95, 99]
Indexes pruned for layer 3 : [4, 15, 17, 21, 23, 24, 31, 32, 34, 38, 44, 47, 48, 53, 54, 55, 56, 59, 61, 69, 70, 73, 75, 80, 84, 86, 88, 92, 95, 99]
Indexes pruned for layer 4 : [0, 3, 5, 6, 7, 8, 9, 10, 11, 12, 14, 15, 17, 18, 22, 25, 27, 28, 30, 31, 37, 39, 41, 42, 43, 50, 52, 54, 55, 56, 58, 60, 66, 69, 70, 71, 72, 74, 76, 81, 86, 88, 90, 91, 93, 95, 98]
Indexes pruned for layer 5 : [1, 3, 5, 7, 8, 9, 11, 12, 13, 15, 16, 18, 19, 20, 23, 24, 29, 30, 31, 34, 38, 39, 40, 41, 43, 45, 47, 49, 50, 52, 55, 57, 58, 64, 66, 67, 68, 70, 72, 73, 74, 75, 78, 79, 80, 81, 83, 84, 85, 87, 89, 91, 92, 98, 99]
Indexes pruned for layer 6 : [0, 1, 2, 3, 4, 7, 9, 10, 11, 13, 15, 17, 21, 22, 23, 26, 27, 31, 32, 33, 34, 35, 36, 37, 40, 41, 42, 44, 46, 47, 49, 50, 52, 58, 59, 61, 62, 66, 67, 68, 69, 70, 72, 73, 74, 77, 79, 80, 81, 83, 85, 86, 87, 88, 90, 91, 92, 96, 97]
Indexes pruned for layer 7 : [0, 3, 6, 7, 8, 11, 12, 15, 18, 21, 23, 27, 28, 30, 34, 35, 36, 37, 38, 39, 41, 42, 45, 46, 47, 48, 50, 53, 55, 57, 58, 60, 66, 68, 71, 72, 73, 74, 76, 78, 79, 80, 82, 83, 84, 86, 87, 92, 93, 94, 95, 97, 99]
Indexes pruned for layer 8 : [1, 2, 3, 4, 6, 9, 13, 14, 17, 18, 19, 23, 24, 26, 28, 30, 32, 33, 36, 37, 43, 55, 57, 62, 64, 65, 66, 70, 71, 72, 73, 74, 75, 79, 83, 84, 92, 95, 96]
Indexes pruned for layer 9 : [0, 1, 2, 5, 6, 7, 9, 17, 18, 19, 23, 25, 27, 28, 31, 32, 33, 36, 43, 44, 48, 49, 51, 55, 56, 58, 60, 61, 62, 65, 67, 68, 69, 70, 71, 75, 78, 83, 84, 87, 88, 91, 93, 95, 96]
CALLBACK : RLT (compact) = 50353 (dont 0 en repli chemin lent)
Adding rec matrices constraint
Number of constraints for the matrix by layers: 408 for 10 layers, [784 100 100 100 100 100 100 100 100 100  10] neurons, boundary layers: [1, 2, 3, 4, 5, 6, 7, 8]
Adding first term equal zero constraint
CALLBACK : Ending constraints. Total number of constraints :  154620
Cuts in _write_presolve_row:  ['RLT', 'triangularization']
Number of constraints before optimization:  154620
Number of variables before optimization:  769482
All possible cuts:  ['RLT', 'triangularization', 'McCormick_beta_z', 'beta_logits_comparaison', 'beta_logits_comparaison_big_M', 'sum_beta_logits_equal_logit']
Cuts added to dic for _write_presolve_row:  {'RLT': True, 'triangularization': True, 'McCormick_beta_z': False, 'beta_logits_comparaison': False, 'beta_logits_comparaison_big_M': False, 'sum_beta_logits_equal_logit': False}
Writing pre-solve row to results.csv with data_index: 69 target: 9
Pre-solve row written to results.csv with data_index: 69 target: 9
Pre-solve row written to results.csv with 154620 constraints and 769482 variables.
INFO     01:00:12     [objective_classic.py:97] Adding Objective to the task
CALLBACK : Number of constraints : 154620
[conic bundle] factor=0.01 x 151059 contraintes dualisables candidates => 1511 reellement dualisees (les 149548 autres relachees mais jamais penalisees)
  [cb_native dynamic calibration] h(0)=3.260412 pool_initial=50/1511
[cb_native dynamic] h(0)=3.260412 > positivity_threshold=1e-06 -- arret immediat (stop_when_positive).
[conic bundle] data_index=69 target=9 optimal_value=3.2604115848753725 n_iter=0 (39.52s)
Initializing TargetedSDP...
Creating list of ytargets...
K :  10
self.n :  [784 100 100 100 100 100 100 100 100 100  10]
Getting to compute bounds...
STUDY : use active neurons:  True use inactive neurons:  False
STUDY : Nb Stable neurons :  469
Number of cuts to test: 1
Cuts to test: [['RLT', 'triangularization']]
Initializing MosekClassicHandler

 
 folder name dans handler:  /lustre/fswork/projects/rech/llc/uvq13au/FastSDPCertification/results/benchmark/9x100-0.026/2026_10_02_00h37_33s_battery-targeted-rlt-cert
LAST_LAYER in resolve_layer_groups :  False
K :  10
CHORDAL_DECOMPOSITION  in resolve layer groups:  True
INPUT_IN_VARIABLES in resolve_layer_groups :  True
Taille de la matrice pour le groupe 0 [0, 1] : 824
Taille de la matrice pour le groupe 1 [1, 2] : 113
Taille de la matrice pour le groupe 2 [2, 3] : 119
Taille de la matrice pour le groupe 3 [3, 4] : 91
Taille de la matrice pour le groupe 4 [4, 5] : 78
Taille de la matrice pour le groupe 5 [5, 6] : 73
Taille de la matrice pour le groupe 6 [6, 7] : 93
Taille de la matrice pour le groupe 7 [7, 8] : 98
Taille de la matrice pour le groupe 8 [8, 9] : 101
Neurones stables actives:  set()
Neurones stables inactives:  {(7, 17), (1, 95), (7, 26), (7, 35), (5, 65), (8, 9), (5, 74), (8, 18), (9, 72), (5, 83), (6, 48), (5, 92), (6, 57), (9, 90), (6, 66), (9, 99), (6, 75), (6, 84), (3, 6), (2, 50), (3, 15), (2, 59), (4, 87), (3, 42), (7, 3), (1, 90), (7, 21), (1, 99), (5, 60), (8, 4), (6, 34), (9, 67), (9, 76), (5, 87), (5, 96), (6, 61), (6, 70), (8, 98), (3, 1), (3, 28), (4, 82), (3, 37), (1, 85), (5, 46), (9, 44), (5, 55), (9, 53), (5, 73), (6, 38), (5, 82), (6, 47), (6, 56), (8, 84), (8, 93), (2, 31), (3, 5), (3, 14), (4, 68), (4, 86), (1, 62), (1, 71), (7, 2), (1, 80), (7, 11), (9, 30), (5, 41), (1, 89), (9, 39), (5, 68), (5, 77), (6, 42), (7, 96), (8, 70), (8, 88), (3, 0), (3, 9), (3, 18), (4, 72), (4, 81), (1, 57), (1, 66), (4, 99), (5, 27), (1, 75), (9, 25), (5, 36), (9, 34), (5, 54), (9, 52), (5, 63), (6, 37), (8, 65), (8, 74), (8, 83), (2, 21), (4, 49), (3, 4), (4, 58), (1, 34), (4, 67), (4, 85), (1, 61), (9, 11), (5, 22), (5, 31), (9, 29), (5, 40), (9, 38), (6, 14), (9, 47), (5, 58), (6, 23), (7, 86), (8, 51), (7, 95), (8, 60), (8, 78), (2, 7), (8, 87), (4, 44), (4, 53), (1, 38), (1, 47), (4, 80), (5, 8), (1, 56), (5, 17), (1, 65), (3, 84), (9, 15), (5, 26), (3, 93), (5, 35), (6, 0), (9, 33), (5, 44), (6, 18), (7, 72), (7, 90), (8, 55), (8, 82), (2, 11), (4, 30), (4, 39), (1, 24), (1, 42), (5, 3), (1, 51), (3, 70), (5, 21), (3, 88), (9, 19), (3, 97), (5, 39), (6, 4), (6, 13), (8, 32), (7, 76), (8, 50), (8, 59), (8, 68), (4, 34), (4, 43), (1, 19), (4, 61), (3, 83), (7, 62), (8, 27), (8, 36), (4, 11), (6, 93), (4, 20), (4, 38), (1, 14), (4, 47), (1, 32), (2, 86), (2, 95), (3, 60), (5, 2), (5, 11), (7, 39), (8, 13), (7, 57), (7, 66), (8, 31), (7, 75), (8, 49), (6, 79), (6, 97), (4, 24), (1, 0), (1, 9), (1, 18), (3, 55), (5, 6), (3, 73), (7, 43), (8, 17), (7, 61), (8, 26), (5, 91), (8, 44), (9, 98), (6, 74), (4, 1), (6, 83), (4, 10), (6, 92), (1, 4), (1, 13), (3, 50), (7, 29), (7, 56), (9, 75), (5, 86), (5, 95), (6, 60), (9, 93), (6, 78), (4, 5), (6, 87), (6, 96), (2, 44), (2, 53), (2, 62), (3, 27), (2, 71), (2, 80), (3, 45), (7, 6), (3, 54), (3, 63), (7, 24), (7, 33), (8, 7), (5, 72), (8, 16), (9, 70), (5, 81), (9, 79), (5, 90), (6, 55), (6, 64), (6, 73), (4, 0), (6, 82), (4, 9), (3, 13), (3, 22), (2, 75), (3, 40), (3, 49), (1, 79), (1, 88), (7, 19), (7, 28), (7, 37), (8, 2), (9, 56), (5, 67), (9, 65), (5, 76), (6, 41), (9, 74), (5, 85), (9, 83), (6, 59), (6, 68), (8, 96), (3, 8), (3, 17), (2, 61), (3, 44), (4, 98), (1, 74), (1, 83), (7, 14), (1, 92), (7, 23), (5, 62), (6, 27), (6, 36), (8, 91), (2, 20), (2, 38), (3, 3), (2, 47), (3, 12), (4, 84), (1, 78), (7, 9), (1, 87), (9, 37), (5, 48), (9, 46), (6, 22), (5, 66), (5, 84), (2, 6), (8, 86), (8, 95), (2, 24), (2, 42), (3, 7), (3, 16), (4, 70), (3, 25), (4, 79), (1, 55), (4, 97), (7, 4), (5, 34), (1, 82), (1, 91), (6, 8), (5, 52), (5, 61), (9, 59), (5, 70), (6, 35), (7, 98), (8, 72), (3, 11), (4, 65), (1, 41), (4, 74), (1, 50), (4, 83), (4, 92), (1, 68), (1, 77), (9, 27), (6, 3), (5, 47), (6, 12), (6, 21), (9, 54), (6, 30), (6, 39), (8, 67), (8, 85), (8, 94), (4, 42), (4, 51), (1, 45), (4, 78), (1, 54), (9, 4), (5, 15), (1, 63), (3, 91), (5, 33), (5, 42), (6, 7), (9, 40), (5, 51), (7, 79), (7, 97), (8, 62), (1, 22), (1, 31), (4, 64), (4, 73), (5, 1), (5, 10), (1, 58), (3, 86), (3, 95), (9, 26), (5, 37), (6, 2), (9, 35), (6, 11), (7, 65), (6, 20), (7, 74), (8, 48), (7, 92), (8, 57), (8, 75), (4, 23), (1, 8), (4, 41), (1, 17), (4, 50), (1, 26), (4, 59), (1, 44), (3, 72), (9, 3), (9, 12), (5, 32), (3, 99), (6, 6), (8, 25), (8, 43), (4, 18), (1, 12), (4, 45), (1, 21), (1, 39), (3, 58), (5, 0), (5, 9), (3, 76), (9, 7), (3, 85), (7, 55), (7, 64), (7, 73), (8, 56), (6, 86), (4, 13), (6, 95), (4, 40), (1, 16), (2, 70), (1, 25), (2, 79), (2, 88), (5, 4), (5, 13), (7, 32), (8, 6), (8, 24), (7, 68), (8, 33), (9, 87), (5, 98), (6, 72), (6, 99), (4, 26), (1, 2), (1, 11), (3, 39), (3, 48), (2, 92), (7, 18), (3, 66), (3, 75), (7, 36), (8, 1), (8, 19), (8, 28), (9, 82), (6, 76), (4, 3), (6, 85), (4, 12), (6, 94), (3, 43), (3, 52), (7, 40), (8, 5), (7, 49), (5, 79), (8, 23), (5, 88), (6, 53), (9, 86), (5, 97), (6, 62), (9, 95), (4, 16), (2, 46), (1, 1), (2, 64), (3, 56)}
Initializing TargetedSDP...
Creating list of ytargets...
K :  10
self.n :  [784 100 100 100 100 100 100 100 100 100  10]
Getting to compute bounds...
STUDY : use active neurons:  True use inactive neurons:  False
STUDY : Nb Stable neurons :  469
Number of cuts to test: 1
Cuts to test: [['RLT', 'triangularization']]
Initializing MosekClassicHandler

 
 folder name dans handler:  /lustre/fswork/projects/rech/llc/uvq13au/FastSDPCertification/results/benchmark/9x100-0.026/2026_10_02_00h37_33s_battery-targeted-rlt-cert
LAST_LAYER in resolve_layer_groups :  False
K :  10
CHORDAL_DECOMPOSITION  in resolve layer groups:  True
INPUT_IN_VARIABLES in resolve_layer_groups :  True
Taille de la matrice pour le groupe 0 [0, 1] : 824
Taille de la matrice pour le groupe 1 [1, 2] : 113
Taille de la matrice pour le groupe 2 [2, 3] : 119
Taille de la matrice pour le groupe 3 [3, 4] : 91
Taille de la matrice pour le groupe 4 [4, 5] : 78
Taille de la matrice pour le groupe 5 [5, 6] : 73
Taille de la matrice pour le groupe 6 [6, 7] : 93
Taille de la matrice pour le groupe 7 [7, 8] : 98
Taille de la matrice pour le groupe 8 [8, 9] : 101
Neurones stables actives:  set()
Neurones stables inactives:  {(7, 17), (1, 95), (7, 26), (7, 35), (5, 65), (8, 9), (5, 74), (8, 18), (9, 72), (5, 83), (6, 48), (5, 92), (6, 57), (9, 90), (6, 66), (9, 99), (6, 75), (6, 84), (3, 6), (2, 50), (3, 15), (2, 59), (4, 87), (3, 42), (7, 3), (1, 90), (7, 21), (1, 99), (5, 60), (8, 4), (6, 34), (9, 67), (9, 76), (5, 87), (5, 96), (6, 61), (6, 70), (8, 98), (3, 1), (3, 28), (4, 82), (3, 37), (1, 85), (5, 46), (9, 44), (5, 55), (9, 53), (5, 73), (6, 38), (5, 82), (6, 47), (6, 56), (8, 84), (8, 93), (2, 31), (3, 5), (3, 14), (4, 68), (4, 86), (1, 62), (1, 71), (7, 2), (1, 80), (7, 11), (9, 30), (5, 41), (1, 89), (9, 39), (5, 68), (5, 77), (6, 42), (7, 96), (8, 70), (8, 88), (3, 0), (3, 9), (3, 18), (4, 72), (4, 81), (1, 57), (1, 66), (4, 99), (5, 27), (1, 75), (9, 25), (5, 36), (9, 34), (5, 54), (9, 52), (5, 63), (6, 37), (8, 65), (8, 74), (8, 83), (2, 21), (4, 49), (3, 4), (4, 58), (1, 34), (4, 67), (4, 85), (1, 61), (9, 11), (5, 22), (5, 31), (9, 29), (5, 40), (9, 38), (6, 14), (9, 47), (5, 58), (6, 23), (7, 86), (8, 51), (7, 95), (8, 60), (8, 78), (2, 7), (8, 87), (4, 44), (4, 53), (1, 38), (1, 47), (4, 80), (5, 8), (1, 56), (5, 17), (1, 65), (3, 84), (9, 15), (5, 26), (3, 93), (5, 35), (6, 0), (9, 33), (5, 44), (6, 18), (7, 72), (7, 90), (8, 55), (8, 82), (2, 11), (4, 30), (4, 39), (1, 24), (1, 42), (5, 3), (1, 51), (3, 70), (5, 21), (3, 88), (9, 19), (3, 97), (5, 39), (6, 4), (6, 13), (8, 32), (7, 76), (8, 50), (8, 59), (8, 68), (4, 34), (4, 43), (1, 19), (4, 61), (3, 83), (7, 62), (8, 27), (8, 36), (4, 11), (6, 93), (4, 20), (4, 38), (1, 14), (4, 47), (1, 32), (2, 86), (2, 95), (3, 60), (5, 2), (5, 11), (7, 39), (8, 13), (7, 57), (7, 66), (8, 31), (7, 75), (8, 49), (6, 79), (6, 97), (4, 24), (1, 0), (1, 9), (1, 18), (3, 55), (5, 6), (3, 73), (7, 43), (8, 17), (7, 61), (8, 26), (5, 91), (8, 44), (9, 98), (6, 74), (4, 1), (6, 83), (4, 10), (6, 92), (1, 4), (1, 13), (3, 50), (7, 29), (7, 56), (9, 75), (5, 86), (5, 95), (6, 60), (9, 93), (6, 78), (4, 5), (6, 87), (6, 96), (2, 44), (2, 53), (2, 62), (3, 27), (2, 71), (2, 80), (3, 45), (7, 6), (3, 54), (3, 63), (7, 24), (7, 33), (8, 7), (5, 72), (8, 16), (9, 70), (5, 81), (9, 79), (5, 90), (6, 55), (6, 64), (6, 73), (4, 0), (6, 82), (4, 9), (3, 13), (3, 22), (2, 75), (3, 40), (3, 49), (1, 79), (1, 88), (7, 19), (7, 28), (7, 37), (8, 2), (9, 56), (5, 67), (9, 65), (5, 76), (6, 41), (9, 74), (5, 85), (9, 83), (6, 59), (6, 68), (8, 96), (3, 8), (3, 17), (2, 61), (3, 44), (4, 98), (1, 74), (1, 83), (7, 14), (1, 92), (7, 23), (5, 62), (6, 27), (6, 36), (8, 91), (2, 20), (2, 38), (3, 3), (2, 47), (3, 12), (4, 84), (1, 78), (7, 9), (1, 87), (9, 37), (5, 48), (9, 46), (6, 22), (5, 66), (5, 84), (2, 6), (8, 86), (8, 95), (2, 24), (2, 42), (3, 7), (3, 16), (4, 70), (3, 25), (4, 79), (1, 55), (4, 97), (7, 4), (5, 34), (1, 82), (1, 91), (6, 8), (5, 52), (5, 61), (9, 59), (5, 70), (6, 35), (7, 98), (8, 72), (3, 11), (4, 65), (1, 41), (4, 74), (1, 50), (4, 83), (4, 92), (1, 68), (1, 77), (9, 27), (6, 3), (5, 47), (6, 12), (6, 21), (9, 54), (6, 30), (6, 39), (8, 67), (8, 85), (8, 94), (4, 42), (4, 51), (1, 45), (4, 78), (1, 54), (9, 4), (5, 15), (1, 63), (3, 91), (5, 33), (5, 42), (6, 7), (9, 40), (5, 51), (7, 79), (7, 97), (8, 62), (1, 22), (1, 31), (4, 64), (4, 73), (5, 1), (5, 10), (1, 58), (3, 86), (3, 95), (9, 26), (5, 37), (6, 2), (9, 35), (6, 11), (7, 65), (6, 20), (7, 74), (8, 48), (7, 92), (8, 57), (8, 75), (4, 23), (1, 8), (4, 41), (1, 17), (4, 50), (1, 26), (4, 59), (1, 44), (3, 72), (9, 3), (9, 12), (5, 32), (3, 99), (6, 6), (8, 25), (8, 43), (4, 18), (1, 12), (4, 45), (1, 21), (1, 39), (3, 58), (5, 0), (5, 9), (3, 76), (9, 7), (3, 85), (7, 55), (7, 64), (7, 73), (8, 56), (6, 86), (4, 13), (6, 95), (4, 40), (1, 16), (2, 70), (1, 25), (2, 79), (2, 88), (5, 4), (5, 13), (7, 32), (8, 6), (8, 24), (7, 68), (8, 33), (9, 87), (5, 98), (6, 72), (6, 99), (4, 26), (1, 2), (1, 11), (3, 39), (3, 48), (2, 92), (7, 18), (3, 66), (3, 75), (7, 36), (8, 1), (8, 19), (8, 28), (9, 82), (6, 76), (4, 3), (6, 85), (4, 12), (6, 94), (3, 43), (3, 52), (7, 40), (8, 5), (7, 49), (5, 79), (8, 23), (5, 88), (6, 53), (9, 86), (5, 97), (6, 62), (9, 95), (4, 16), (2, 46), (1, 1), (2, 64), (3, 56)}
Adjusting MOSEK solver parameters
MOSEK time limit set to 180s
Adding objective function for Lan
Initializing variables...
CALLBACK num variables : 760450
Adding ReLU constraints for layer 1
Adding ReLU constraints for layer 2
Adding ReLU constraints for layer 3
Adding ReLU constraints for layer 4
Adding ReLU constraints for layer 5
Adding ReLU constraints for layer 6
Adding ReLU constraints for layer 7
Adding ReLU constraints for layer 8
Adding ReLU constraints for layer 9
Adding quadratic bounds constraint
Adding quadratic bounds constraint for layer 0
Adding quadratic bounds constraint for layer 1
Adding quadratic bounds constraint for layer 2
Adding quadratic bounds constraint for layer 3
Adding quadratic bounds constraint for layer 4
Adding quadratic bounds constraint for layer 5
Adding quadratic bounds constraint for layer 6
Adding quadratic bounds constraint for layer 7
Adding quadratic bounds constraint for layer 8
Adding quadratic bounds constraint for layer 9
Adding RLT constraint (compact)
Indexes pruned for layer 1 : []
Indexes pruned for layer 2 : [0, 1, 2, 4, 8, 9, 11, 12, 13, 14, 16, 17, 18, 19, 21, 22, 24, 25, 26, 31, 32, 34, 38, 39, 41, 42, 44, 45, 47, 50, 51, 54, 55, 56, 57, 58, 61, 62, 63, 65, 66, 68, 71, 74, 75, 77, 78, 79, 80, 82, 83, 85, 87, 88, 89, 90, 91, 92, 95, 99]
Indexes pruned for layer 3 : [6, 7, 11, 20, 21, 24, 31, 38, 42, 44, 46, 47, 50, 53, 59, 61, 62, 64, 70, 71, 75, 79, 80, 86, 88, 92, 95]
Indexes pruned for layer 4 : [0, 1, 3, 4, 5, 6, 7, 8, 9, 11, 12, 13, 14, 15, 16, 17, 18, 22, 25, 27, 28, 37, 39, 40, 42, 43, 44, 45, 48, 49, 50, 52, 54, 55, 56, 58, 60, 63, 66, 70, 72, 73, 75, 76, 83, 84, 85, 86, 88, 91, 93, 95, 97, 99]
Indexes pruned for layer 5 : [0, 1, 3, 5, 9, 10, 11, 12, 13, 16, 18, 20, 23, 24, 26, 30, 34, 38, 39, 40, 41, 42, 43, 44, 45, 47, 49, 50, 51, 53, 58, 59, 61, 64, 65, 67, 68, 70, 72, 73, 74, 78, 79, 80, 81, 82, 83, 84, 85, 86, 87, 92, 97, 98, 99]
Indexes pruned for layer 6 : [0, 1, 2, 3, 4, 6, 8, 9, 10, 11, 13, 15, 17, 21, 22, 26, 27, 31, 32, 33, 34, 35, 36, 37, 39, 40, 41, 42, 44, 46, 47, 48, 51, 52, 54, 55, 58, 60, 61, 62, 63, 65, 66, 67, 68, 70, 72, 73, 74, 76, 77, 79, 81, 82, 83, 84, 85, 86, 87, 88, 90, 91, 92, 95, 96, 97, 98]
Indexes pruned for layer 7 : [0, 2, 3, 4, 6, 7, 8, 11, 12, 13, 14, 18, 20, 21, 22, 23, 27, 30, 34, 35, 36, 37, 38, 39, 41, 42, 47, 48, 53, 55, 56, 57, 59, 60, 61, 62, 64, 66, 68, 70, 72, 73, 74, 75, 76, 78, 79, 82, 83, 84, 85, 86, 87, 92, 93, 94, 95, 96, 97, 99]
Indexes pruned for layer 8 : [2, 3, 4, 6, 9, 11, 14, 17, 18, 19, 21, 23, 24, 26, 28, 29, 32, 33, 35, 36, 37, 39, 40, 43, 49, 55, 56, 57, 61, 62, 64, 65, 66, 68, 72, 73, 74, 75, 76, 79, 86, 90, 92, 95, 96, 97, 98]
Indexes pruned for layer 9 : [1, 2, 4, 5, 6, 7, 9, 13, 16, 17, 18, 19, 23, 24, 25, 26, 27, 28, 31, 32, 33, 36, 43, 44, 48, 49, 50, 51, 55, 56, 57, 59, 60, 62, 65, 67, 68, 70, 72, 74, 75, 78, 82, 83, 84, 85, 86, 87, 88, 91, 93, 94, 95, 96, 98]
CALLBACK : RLT (compact) = 49538 (dont 0 en repli chemin lent)
Adding rec matrices constraint
Number of constraints for the matrix by layers: 375 for 10 layers, [784 100 100 100 100 100 100 100 100 100  10] neurons, boundary layers: [1, 2, 3, 4, 5, 6, 7, 8]
Adding first term equal zero constraint
CALLBACK : Ending constraints. Total number of constraints :  151937
Cuts in _write_presolve_row:  ['RLT', 'triangularization']
Number of constraints before optimization:  151937
Number of variables before optimization:  760450
All possible cuts:  ['RLT', 'triangularization', 'McCormick_beta_z', 'beta_logits_comparaison', 'beta_logits_comparaison_big_M', 'sum_beta_logits_equal_logit']
Cuts added to dic for _write_presolve_row:  {'RLT': True, 'triangularization': True, 'McCormick_beta_z': False, 'beta_logits_comparaison': False, 'beta_logits_comparaison_big_M': False, 'sum_beta_logits_equal_logit': False}
Writing pre-solve row to results.csv with data_index: 84 target: 0
Pre-solve row written to results.csv with data_index: 84 target: 0
Pre-solve row written to results.csv with 151937 constraints and 760450 variables.
INFO     01:00:57     [objective_classic.py:97] Adding Objective to the task
CALLBACK : Number of constraints : 151937
[conic bundle] factor=0.01 x 148614 contraintes dualisables candidates => 1486 reellement dualisees (les 147128 autres relachees mais jamais penalisees)
  [cb_native dynamic calibration] h(0)=6.301734 pool_initial=22/1486
[cb_native dynamic] h(0)=6.301734 > positivity_threshold=1e-06 -- arret immediat (stop_when_positive).
[conic bundle] data_index=84 target=0 optimal_value=6.301734043909445 n_iter=0 (40.15s)
Initializing TargetedSDP...
Creating list of ytargets...
K :  10
self.n :  [784 100 100 100 100 100 100 100 100 100  10]
Getting to compute bounds...
STUDY : use active neurons:  True use inactive neurons:  False
STUDY : Nb Stable neurons :  469
Number of cuts to test: 1
Cuts to test: [['RLT', 'triangularization']]
Initializing MosekClassicHandler

 
 folder name dans handler:  /lustre/fswork/projects/rech/llc/uvq13au/FastSDPCertification/results/benchmark/9x100-0.026/2026_10_02_00h37_33s_battery-targeted-rlt-cert
LAST_LAYER in resolve_layer_groups :  False
K :  10
CHORDAL_DECOMPOSITION  in resolve layer groups:  True
INPUT_IN_VARIABLES in resolve_layer_groups :  True
Taille de la matrice pour le groupe 0 [0, 1] : 824
Taille de la matrice pour le groupe 1 [1, 2] : 113
Taille de la matrice pour le groupe 2 [2, 3] : 119
Taille de la matrice pour le groupe 3 [3, 4] : 91
Taille de la matrice pour le groupe 4 [4, 5] : 78
Taille de la matrice pour le groupe 5 [5, 6] : 73
Taille de la matrice pour le groupe 6 [6, 7] : 93
Taille de la matrice pour le groupe 7 [7, 8] : 98
Taille de la matrice pour le groupe 8 [8, 9] : 101
Neurones stables actives:  set()
Neurones stables inactives:  {(7, 17), (1, 95), (7, 26), (7, 35), (5, 65), (8, 9), (5, 74), (8, 18), (9, 72), (5, 83), (6, 48), (5, 92), (6, 57), (9, 90), (6, 66), (9, 99), (6, 75), (6, 84), (3, 6), (2, 50), (3, 15), (2, 59), (4, 87), (3, 42), (7, 3), (1, 90), (7, 21), (1, 99), (5, 60), (8, 4), (6, 34), (9, 67), (9, 76), (5, 87), (5, 96), (6, 61), (6, 70), (8, 98), (3, 1), (3, 28), (4, 82), (3, 37), (1, 85), (5, 46), (9, 44), (5, 55), (9, 53), (5, 73), (6, 38), (5, 82), (6, 47), (6, 56), (8, 84), (8, 93), (2, 31), (3, 5), (3, 14), (4, 68), (4, 86), (1, 62), (1, 71), (7, 2), (1, 80), (7, 11), (9, 30), (5, 41), (1, 89), (9, 39), (5, 68), (5, 77), (6, 42), (7, 96), (8, 70), (8, 88), (3, 0), (3, 9), (3, 18), (4, 72), (4, 81), (1, 57), (1, 66), (4, 99), (5, 27), (1, 75), (9, 25), (5, 36), (9, 34), (5, 54), (9, 52), (5, 63), (6, 37), (8, 65), (8, 74), (8, 83), (2, 21), (4, 49), (3, 4), (4, 58), (1, 34), (4, 67), (4, 85), (1, 61), (9, 11), (5, 22), (5, 31), (9, 29), (5, 40), (9, 38), (6, 14), (9, 47), (5, 58), (6, 23), (7, 86), (8, 51), (7, 95), (8, 60), (8, 78), (2, 7), (8, 87), (4, 44), (4, 53), (1, 38), (1, 47), (4, 80), (5, 8), (1, 56), (5, 17), (1, 65), (3, 84), (9, 15), (5, 26), (3, 93), (5, 35), (6, 0), (9, 33), (5, 44), (6, 18), (7, 72), (7, 90), (8, 55), (8, 82), (2, 11), (4, 30), (4, 39), (1, 24), (1, 42), (5, 3), (1, 51), (3, 70), (5, 21), (3, 88), (9, 19), (3, 97), (5, 39), (6, 4), (6, 13), (8, 32), (7, 76), (8, 50), (8, 59), (8, 68), (4, 34), (4, 43), (1, 19), (4, 61), (3, 83), (7, 62), (8, 27), (8, 36), (4, 11), (6, 93), (4, 20), (4, 38), (1, 14), (4, 47), (1, 32), (2, 86), (2, 95), (3, 60), (5, 2), (5, 11), (7, 39), (8, 13), (7, 57), (7, 66), (8, 31), (7, 75), (8, 49), (6, 79), (6, 97), (4, 24), (1, 0), (1, 9), (1, 18), (3, 55), (5, 6), (3, 73), (7, 43), (8, 17), (7, 61), (8, 26), (5, 91), (8, 44), (9, 98), (6, 74), (4, 1), (6, 83), (4, 10), (6, 92), (1, 4), (1, 13), (3, 50), (7, 29), (7, 56), (9, 75), (5, 86), (5, 95), (6, 60), (9, 93), (6, 78), (4, 5), (6, 87), (6, 96), (2, 44), (2, 53), (2, 62), (3, 27), (2, 71), (2, 80), (3, 45), (7, 6), (3, 54), (3, 63), (7, 24), (7, 33), (8, 7), (5, 72), (8, 16), (9, 70), (5, 81), (9, 79), (5, 90), (6, 55), (6, 64), (6, 73), (4, 0), (6, 82), (4, 9), (3, 13), (3, 22), (2, 75), (3, 40), (3, 49), (1, 79), (1, 88), (7, 19), (7, 28), (7, 37), (8, 2), (9, 56), (5, 67), (9, 65), (5, 76), (6, 41), (9, 74), (5, 85), (9, 83), (6, 59), (6, 68), (8, 96), (3, 8), (3, 17), (2, 61), (3, 44), (4, 98), (1, 74), (1, 83), (7, 14), (1, 92), (7, 23), (5, 62), (6, 27), (6, 36), (8, 91), (2, 20), (2, 38), (3, 3), (2, 47), (3, 12), (4, 84), (1, 78), (7, 9), (1, 87), (9, 37), (5, 48), (9, 46), (6, 22), (5, 66), (5, 84), (2, 6), (8, 86), (8, 95), (2, 24), (2, 42), (3, 7), (3, 16), (4, 70), (3, 25), (4, 79), (1, 55), (4, 97), (7, 4), (5, 34), (1, 82), (1, 91), (6, 8), (5, 52), (5, 61), (9, 59), (5, 70), (6, 35), (7, 98), (8, 72), (3, 11), (4, 65), (1, 41), (4, 74), (1, 50), (4, 83), (4, 92), (1, 68), (1, 77), (9, 27), (6, 3), (5, 47), (6, 12), (6, 21), (9, 54), (6, 30), (6, 39), (8, 67), (8, 85), (8, 94), (4, 42), (4, 51), (1, 45), (4, 78), (1, 54), (9, 4), (5, 15), (1, 63), (3, 91), (5, 33), (5, 42), (6, 7), (9, 40), (5, 51), (7, 79), (7, 97), (8, 62), (1, 22), (1, 31), (4, 64), (4, 73), (5, 1), (5, 10), (1, 58), (3, 86), (3, 95), (9, 26), (5, 37), (6, 2), (9, 35), (6, 11), (7, 65), (6, 20), (7, 74), (8, 48), (7, 92), (8, 57), (8, 75), (4, 23), (1, 8), (4, 41), (1, 17), (4, 50), (1, 26), (4, 59), (1, 44), (3, 72), (9, 3), (9, 12), (5, 32), (3, 99), (6, 6), (8, 25), (8, 43), (4, 18), (1, 12), (4, 45), (1, 21), (1, 39), (3, 58), (5, 0), (5, 9), (3, 76), (9, 7), (3, 85), (7, 55), (7, 64), (7, 73), (8, 56), (6, 86), (4, 13), (6, 95), (4, 40), (1, 16), (2, 70), (1, 25), (2, 79), (2, 88), (5, 4), (5, 13), (7, 32), (8, 6), (8, 24), (7, 68), (8, 33), (9, 87), (5, 98), (6, 72), (6, 99), (4, 26), (1, 2), (1, 11), (3, 39), (3, 48), (2, 92), (7, 18), (3, 66), (3, 75), (7, 36), (8, 1), (8, 19), (8, 28), (9, 82), (6, 76), (4, 3), (6, 85), (4, 12), (6, 94), (3, 43), (3, 52), (7, 40), (8, 5), (7, 49), (5, 79), (8, 23), (5, 88), (6, 53), (9, 86), (5, 97), (6, 62), (9, 95), (4, 16), (2, 46), (1, 1), (2, 64), (3, 56)}
Adjusting MOSEK solver parameters
MOSEK time limit set to 180s
Adding objective function for Lan
Initializing variables...
CALLBACK num variables : 760450
Adding ReLU constraints for layer 1
Adding ReLU constraints for layer 2
Adding ReLU constraints for layer 3
Adding ReLU constraints for layer 4
Adding ReLU constraints for layer 5
Adding ReLU constraints for layer 6
Adding ReLU constraints for layer 7
Adding ReLU constraints for layer 8
Adding ReLU constraints for layer 9
Adding quadratic bounds constraint
Adding quadratic bounds constraint for layer 0
Adding quadratic bounds constraint for layer 1
Adding quadratic bounds constraint for layer 2
Adding quadratic bounds constraint for layer 3
Adding quadratic bounds constraint for layer 4
Adding quadratic bounds constraint for layer 5
Adding quadratic bounds constraint for layer 6
Adding quadratic bounds constraint for layer 7
Adding quadratic bounds constraint for layer 8
Adding quadratic bounds constraint for layer 9
Adding RLT constraint (compact)
Indexes pruned for layer 1 : []
Indexes pruned for layer 2 : [0, 1, 2, 4, 8, 9, 11, 12, 13, 14, 16, 17, 18, 19, 21, 22, 24, 25, 26, 31, 32, 34, 38, 39, 41, 42, 44, 45, 47, 50, 51, 54, 55, 56, 57, 58, 61, 62, 63, 65, 66, 68, 71, 74, 75, 77, 78, 79, 80, 82, 83, 85, 87, 88, 89, 90, 91, 92, 95, 99]
Indexes pruned for layer 3 : [6, 7, 11, 20, 21, 24, 31, 38, 42, 44, 46, 47, 50, 53, 59, 61, 62, 64, 70, 71, 75, 79, 80, 86, 88, 92, 95]
Indexes pruned for layer 4 : [0, 1, 3, 4, 5, 6, 7, 8, 9, 11, 12, 13, 14, 15, 16, 17, 18, 22, 25, 27, 28, 37, 39, 40, 42, 43, 44, 45, 48, 49, 50, 52, 54, 55, 56, 58, 60, 63, 66, 70, 72, 73, 75, 76, 83, 84, 85, 86, 88, 91, 93, 95, 97, 99]
Indexes pruned for layer 5 : [0, 1, 3, 5, 9, 10, 11, 12, 13, 16, 18, 20, 23, 24, 26, 30, 34, 38, 39, 40, 41, 42, 43, 44, 45, 47, 49, 50, 51, 53, 58, 59, 61, 64, 65, 67, 68, 70, 72, 73, 74, 78, 79, 80, 81, 82, 83, 84, 85, 86, 87, 92, 97, 98, 99]
Indexes pruned for layer 6 : [0, 1, 2, 3, 4, 6, 8, 9, 10, 11, 13, 15, 17, 21, 22, 26, 27, 31, 32, 33, 34, 35, 36, 37, 39, 40, 41, 42, 44, 46, 47, 48, 51, 52, 54, 55, 58, 60, 61, 62, 63, 65, 66, 67, 68, 70, 72, 73, 74, 76, 77, 79, 81, 82, 83, 84, 85, 86, 87, 88, 90, 91, 92, 95, 96, 97, 98]
Indexes pruned for layer 7 : [0, 2, 3, 4, 6, 7, 8, 11, 12, 13, 14, 18, 20, 21, 22, 23, 27, 30, 34, 35, 36, 37, 38, 39, 41, 42, 47, 48, 53, 55, 56, 57, 59, 60, 61, 62, 64, 66, 68, 70, 72, 73, 74, 75, 76, 78, 79, 82, 83, 84, 85, 86, 87, 92, 93, 94, 95, 96, 97, 99]
Indexes pruned for layer 8 : [2, 3, 4, 6, 9, 11, 14, 17, 18, 19, 21, 23, 24, 26, 28, 29, 32, 33, 35, 36, 37, 39, 40, 43, 49, 55, 56, 57, 61, 62, 64, 65, 66, 68, 72, 73, 74, 75, 76, 79, 86, 90, 92, 95, 96, 97, 98]
Indexes pruned for layer 9 : [1, 2, 4, 5, 6, 7, 9, 13, 16, 17, 18, 19, 23, 24, 25, 26, 27, 28, 31, 32, 33, 36, 43, 44, 48, 49, 50, 51, 55, 56, 57, 59, 60, 62, 65, 67, 68, 70, 72, 74, 75, 78, 82, 83, 84, 85, 86, 87, 88, 91, 93, 94, 95, 96, 98]
CALLBACK : RLT (compact) = 49538 (dont 0 en repli chemin lent)
Adding rec matrices constraint
Number of constraints for the matrix by layers: 375 for 10 layers, [784 100 100 100 100 100 100 100 100 100  10] neurons, boundary layers: [1, 2, 3, 4, 5, 6, 7, 8]
Adding first term equal zero constraint
CALLBACK : Ending constraints. Total number of constraints :  151937
Cuts in _write_presolve_row:  ['RLT', 'triangularization']
Number of constraints before optimization:  151937
Number of variables before optimization:  760450
All possible cuts:  ['RLT', 'triangularization', 'McCormick_beta_z', 'beta_logits_comparaison', 'beta_logits_comparaison_big_M', 'sum_beta_logits_equal_logit']
Cuts added to dic for _write_presolve_row:  {'RLT': True, 'triangularization': True, 'McCormick_beta_z': False, 'beta_logits_comparaison': False, 'beta_logits_comparaison_big_M': False, 'sum_beta_logits_equal_logit': False}
Writing pre-solve row to results.csv with data_index: 84 target: 1
Pre-solve row written to results.csv with data_index: 84 target: 1
Pre-solve row written to results.csv with 151937 constraints and 760450 variables.
INFO     01:01:40     [objective_classic.py:97] Adding Objective to the task
CALLBACK : Number of constraints : 151937
[conic bundle] factor=0.01 x 148614 contraintes dualisables candidates => 1486 reellement dualisees (les 147128 autres relachees mais jamais penalisees)
  [cb_native dynamic calibration] h(0)=6.585561 pool_initial=8/1486
[cb_native dynamic] h(0)=6.585561 > positivity_threshold=1e-06 -- arret immediat (stop_when_positive).
[conic bundle] data_index=84 target=1 optimal_value=6.585561280292788 n_iter=0 (39.15s)
Initializing TargetedSDP...
Creating list of ytargets...
K :  10
self.n :  [784 100 100 100 100 100 100 100 100 100  10]
Getting to compute bounds...
STUDY : use active neurons:  True use inactive neurons:  False
STUDY : Nb Stable neurons :  469
Number of cuts to test: 1
Cuts to test: [['RLT', 'triangularization']]
Initializing MosekClassicHandler

 
 folder name dans handler:  /lustre/fswork/projects/rech/llc/uvq13au/FastSDPCertification/results/benchmark/9x100-0.026/2026_10_02_00h37_33s_battery-targeted-rlt-cert
LAST_LAYER in resolve_layer_groups :  False
K :  10
CHORDAL_DECOMPOSITION  in resolve layer groups:  True
INPUT_IN_VARIABLES in resolve_layer_groups :  True
Taille de la matrice pour le groupe 0 [0, 1] : 824
Taille de la matrice pour le groupe 1 [1, 2] : 113
Taille de la matrice pour le groupe 2 [2, 3] : 119
Taille de la matrice pour le groupe 3 [3, 4] : 91
Taille de la matrice pour le groupe 4 [4, 5] : 78
Taille de la matrice pour le groupe 5 [5, 6] : 73
Taille de la matrice pour le groupe 6 [6, 7] : 93
Taille de la matrice pour le groupe 7 [7, 8] : 98
Taille de la matrice pour le groupe 8 [8, 9] : 101
Neurones stables actives:  set()
Neurones stables inactives:  {(7, 17), (1, 95), (7, 26), (7, 35), (5, 65), (8, 9), (5, 74), (8, 18), (9, 72), (5, 83), (6, 48), (5, 92), (6, 57), (9, 90), (6, 66), (9, 99), (6, 75), (6, 84), (3, 6), (2, 50), (3, 15), (2, 59), (4, 87), (3, 42), (7, 3), (1, 90), (7, 21), (1, 99), (5, 60), (8, 4), (6, 34), (9, 67), (9, 76), (5, 87), (5, 96), (6, 61), (6, 70), (8, 98), (3, 1), (3, 28), (4, 82), (3, 37), (1, 85), (5, 46), (9, 44), (5, 55), (9, 53), (5, 73), (6, 38), (5, 82), (6, 47), (6, 56), (8, 84), (8, 93), (2, 31), (3, 5), (3, 14), (4, 68), (4, 86), (1, 62), (1, 71), (7, 2), (1, 80), (7, 11), (9, 30), (5, 41), (1, 89), (9, 39), (5, 68), (5, 77), (6, 42), (7, 96), (8, 70), (8, 88), (3, 0), (3, 9), (3, 18), (4, 72), (4, 81), (1, 57), (1, 66), (4, 99), (5, 27), (1, 75), (9, 25), (5, 36), (9, 34), (5, 54), (9, 52), (5, 63), (6, 37), (8, 65), (8, 74), (8, 83), (2, 21), (4, 49), (3, 4), (4, 58), (1, 34), (4, 67), (4, 85), (1, 61), (9, 11), (5, 22), (5, 31), (9, 29), (5, 40), (9, 38), (6, 14), (9, 47), (5, 58), (6, 23), (7, 86), (8, 51), (7, 95), (8, 60), (8, 78), (2, 7), (8, 87), (4, 44), (4, 53), (1, 38), (1, 47), (4, 80), (5, 8), (1, 56), (5, 17), (1, 65), (3, 84), (9, 15), (5, 26), (3, 93), (5, 35), (6, 0), (9, 33), (5, 44), (6, 18), (7, 72), (7, 90), (8, 55), (8, 82), (2, 11), (4, 30), (4, 39), (1, 24), (1, 42), (5, 3), (1, 51), (3, 70), (5, 21), (3, 88), (9, 19), (3, 97), (5, 39), (6, 4), (6, 13), (8, 32), (7, 76), (8, 50), (8, 59), (8, 68), (4, 34), (4, 43), (1, 19), (4, 61), (3, 83), (7, 62), (8, 27), (8, 36), (4, 11), (6, 93), (4, 20), (4, 38), (1, 14), (4, 47), (1, 32), (2, 86), (2, 95), (3, 60), (5, 2), (5, 11), (7, 39), (8, 13), (7, 57), (7, 66), (8, 31), (7, 75), (8, 49), (6, 79), (6, 97), (4, 24), (1, 0), (1, 9), (1, 18), (3, 55), (5, 6), (3, 73), (7, 43), (8, 17), (7, 61), (8, 26), (5, 91), (8, 44), (9, 98), (6, 74), (4, 1), (6, 83), (4, 10), (6, 92), (1, 4), (1, 13), (3, 50), (7, 29), (7, 56), (9, 75), (5, 86), (5, 95), (6, 60), (9, 93), (6, 78), (4, 5), (6, 87), (6, 96), (2, 44), (2, 53), (2, 62), (3, 27), (2, 71), (2, 80), (3, 45), (7, 6), (3, 54), (3, 63), (7, 24), (7, 33), (8, 7), (5, 72), (8, 16), (9, 70), (5, 81), (9, 79), (5, 90), (6, 55), (6, 64), (6, 73), (4, 0), (6, 82), (4, 9), (3, 13), (3, 22), (2, 75), (3, 40), (3, 49), (1, 79), (1, 88), (7, 19), (7, 28), (7, 37), (8, 2), (9, 56), (5, 67), (9, 65), (5, 76), (6, 41), (9, 74), (5, 85), (9, 83), (6, 59), (6, 68), (8, 96), (3, 8), (3, 17), (2, 61), (3, 44), (4, 98), (1, 74), (1, 83), (7, 14), (1, 92), (7, 23), (5, 62), (6, 27), (6, 36), (8, 91), (2, 20), (2, 38), (3, 3), (2, 47), (3, 12), (4, 84), (1, 78), (7, 9), (1, 87), (9, 37), (5, 48), (9, 46), (6, 22), (5, 66), (5, 84), (2, 6), (8, 86), (8, 95), (2, 24), (2, 42), (3, 7), (3, 16), (4, 70), (3, 25), (4, 79), (1, 55), (4, 97), (7, 4), (5, 34), (1, 82), (1, 91), (6, 8), (5, 52), (5, 61), (9, 59), (5, 70), (6, 35), (7, 98), (8, 72), (3, 11), (4, 65), (1, 41), (4, 74), (1, 50), (4, 83), (4, 92), (1, 68), (1, 77), (9, 27), (6, 3), (5, 47), (6, 12), (6, 21), (9, 54), (6, 30), (6, 39), (8, 67), (8, 85), (8, 94), (4, 42), (4, 51), (1, 45), (4, 78), (1, 54), (9, 4), (5, 15), (1, 63), (3, 91), (5, 33), (5, 42), (6, 7), (9, 40), (5, 51), (7, 79), (7, 97), (8, 62), (1, 22), (1, 31), (4, 64), (4, 73), (5, 1), (5, 10), (1, 58), (3, 86), (3, 95), (9, 26), (5, 37), (6, 2), (9, 35), (6, 11), (7, 65), (6, 20), (7, 74), (8, 48), (7, 92), (8, 57), (8, 75), (4, 23), (1, 8), (4, 41), (1, 17), (4, 50), (1, 26), (4, 59), (1, 44), (3, 72), (9, 3), (9, 12), (5, 32), (3, 99), (6, 6), (8, 25), (8, 43), (4, 18), (1, 12), (4, 45), (1, 21), (1, 39), (3, 58), (5, 0), (5, 9), (3, 76), (9, 7), (3, 85), (7, 55), (7, 64), (7, 73), (8, 56), (6, 86), (4, 13), (6, 95), (4, 40), (1, 16), (2, 70), (1, 25), (2, 79), (2, 88), (5, 4), (5, 13), (7, 32), (8, 6), (8, 24), (7, 68), (8, 33), (9, 87), (5, 98), (6, 72), (6, 99), (4, 26), (1, 2), (1, 11), (3, 39), (3, 48), (2, 92), (7, 18), (3, 66), (3, 75), (7, 36), (8, 1), (8, 19), (8, 28), (9, 82), (6, 76), (4, 3), (6, 85), (4, 12), (6, 94), (3, 43), (3, 52), (7, 40), (8, 5), (7, 49), (5, 79), (8, 23), (5, 88), (6, 53), (9, 86), (5, 97), (6, 62), (9, 95), (4, 16), (2, 46), (1, 1), (2, 64), (3, 56)}
Adjusting MOSEK solver parameters
MOSEK time limit set to 180s
Adding objective function for Lan
Initializing variables...
CALLBACK num variables : 760450
Adding ReLU constraints for layer 1
Adding ReLU constraints for layer 2
Adding ReLU constraints for layer 3
Adding ReLU constraints for layer 4
Adding ReLU constraints for layer 5
Adding ReLU constraints for layer 6
Adding ReLU constraints for layer 7
Adding ReLU constraints for layer 8
Adding ReLU constraints for layer 9
Adding quadratic bounds constraint
Adding quadratic bounds constraint for layer 0
Adding quadratic bounds constraint for layer 1
Adding quadratic bounds constraint for layer 2
Adding quadratic bounds constraint for layer 3
Adding quadratic bounds constraint for layer 4
Adding quadratic bounds constraint for layer 5
Adding quadratic bounds constraint for layer 6
Adding quadratic bounds constraint for layer 7
Adding quadratic bounds constraint for layer 8
Adding quadratic bounds constraint for layer 9
Adding RLT constraint (compact)
Indexes pruned for layer 1 : []
Indexes pruned for layer 2 : [0, 1, 2, 4, 8, 9, 11, 12, 13, 14, 16, 17, 18, 19, 21, 22, 24, 25, 26, 31, 32, 34, 38, 39, 41, 42, 44, 45, 47, 50, 51, 54, 55, 56, 57, 58, 61, 62, 63, 65, 66, 68, 71, 74, 75, 77, 78, 79, 80, 82, 83, 85, 87, 88, 89, 90, 91, 92, 95, 99]
Indexes pruned for layer 3 : [6, 7, 11, 20, 21, 24, 31, 38, 42, 44, 46, 47, 50, 53, 59, 61, 62, 64, 70, 71, 75, 79, 80, 86, 88, 92, 95]
Indexes pruned for layer 4 : [0, 1, 3, 4, 5, 6, 7, 8, 9, 11, 12, 13, 14, 15, 16, 17, 18, 22, 25, 27, 28, 37, 39, 40, 42, 43, 44, 45, 48, 49, 50, 52, 54, 55, 56, 58, 60, 63, 66, 70, 72, 73, 75, 76, 83, 84, 85, 86, 88, 91, 93, 95, 97, 99]
Indexes pruned for layer 5 : [0, 1, 3, 5, 9, 10, 11, 12, 13, 16, 18, 20, 23, 24, 26, 30, 34, 38, 39, 40, 41, 42, 43, 44, 45, 47, 49, 50, 51, 53, 58, 59, 61, 64, 65, 67, 68, 70, 72, 73, 74, 78, 79, 80, 81, 82, 83, 84, 85, 86, 87, 92, 97, 98, 99]
Indexes pruned for layer 6 : [0, 1, 2, 3, 4, 6, 8, 9, 10, 11, 13, 15, 17, 21, 22, 26, 27, 31, 32, 33, 34, 35, 36, 37, 39, 40, 41, 42, 44, 46, 47, 48, 51, 52, 54, 55, 58, 60, 61, 62, 63, 65, 66, 67, 68, 70, 72, 73, 74, 76, 77, 79, 81, 82, 83, 84, 85, 86, 87, 88, 90, 91, 92, 95, 96, 97, 98]
Indexes pruned for layer 7 : [0, 2, 3, 4, 6, 7, 8, 11, 12, 13, 14, 18, 20, 21, 22, 23, 27, 30, 34, 35, 36, 37, 38, 39, 41, 42, 47, 48, 53, 55, 56, 57, 59, 60, 61, 62, 64, 66, 68, 70, 72, 73, 74, 75, 76, 78, 79, 82, 83, 84, 85, 86, 87, 92, 93, 94, 95, 96, 97, 99]
Indexes pruned for layer 8 : [2, 3, 4, 6, 9, 11, 14, 17, 18, 19, 21, 23, 24, 26, 28, 29, 32, 33, 35, 36, 37, 39, 40, 43, 49, 55, 56, 57, 61, 62, 64, 65, 66, 68, 72, 73, 74, 75, 76, 79, 86, 90, 92, 95, 96, 97, 98]
Indexes pruned for layer 9 : [1, 2, 4, 5, 6, 7, 9, 13, 16, 17, 18, 19, 23, 24, 25, 26, 27, 28, 31, 32, 33, 36, 43, 44, 48, 49, 50, 51, 55, 56, 57, 59, 60, 62, 65, 67, 68, 70, 72, 74, 75, 78, 82, 83, 84, 85, 86, 87, 88, 91, 93, 94, 95, 96, 98]
CALLBACK : RLT (compact) = 49538 (dont 0 en repli chemin lent)
Adding rec matrices constraint
Number of constraints for the matrix by layers: 375 for 10 layers, [784 100 100 100 100 100 100 100 100 100  10] neurons, boundary layers: [1, 2, 3, 4, 5, 6, 7, 8]
Adding first term equal zero constraint
CALLBACK : Ending constraints. Total number of constraints :  151937
Cuts in _write_presolve_row:  ['RLT', 'triangularization']
Number of constraints before optimization:  151937
Number of variables before optimization:  760450
All possible cuts:  ['RLT', 'triangularization', 'McCormick_beta_z', 'beta_logits_comparaison', 'beta_logits_comparaison_big_M', 'sum_beta_logits_equal_logit']
Cuts added to dic for _write_presolve_row:  {'RLT': True, 'triangularization': True, 'McCormick_beta_z': False, 'beta_logits_comparaison': False, 'beta_logits_comparaison_big_M': False, 'sum_beta_logits_equal_logit': False}
Writing pre-solve row to results.csv with data_index: 84 target: 2
Pre-solve row written to results.csv with data_index: 84 target: 2
Pre-solve row written to results.csv with 151937 constraints and 760450 variables.
INFO     01:02:21     [objective_classic.py:97] Adding Objective to the task
CALLBACK : Number of constraints : 151937
[conic bundle] factor=0.01 x 148614 contraintes dualisables candidates => 1486 reellement dualisees (les 147128 autres relachees mais jamais penalisees)
  [cb_native dynamic calibration] h(0)=4.038942 pool_initial=36/1486
[cb_native dynamic] h(0)=4.038942 > positivity_threshold=1e-06 -- arret immediat (stop_when_positive).
[conic bundle] data_index=84 target=2 optimal_value=4.038942455385316 n_iter=0 (38.55s)
Initializing TargetedSDP...
Creating list of ytargets...
K :  10
self.n :  [784 100 100 100 100 100 100 100 100 100  10]
Getting to compute bounds...
STUDY : use active neurons:  True use inactive neurons:  False
STUDY : Nb Stable neurons :  469
Number of cuts to test: 1
Cuts to test: [['RLT', 'triangularization']]
Initializing MosekClassicHandler

 
 folder name dans handler:  /lustre/fswork/projects/rech/llc/uvq13au/FastSDPCertification/results/benchmark/9x100-0.026/2026_10_02_00h37_33s_battery-targeted-rlt-cert
LAST_LAYER in resolve_layer_groups :  False
K :  10
CHORDAL_DECOMPOSITION  in resolve layer groups:  True
INPUT_IN_VARIABLES in resolve_layer_groups :  True
Taille de la matrice pour le groupe 0 [0, 1] : 824
Taille de la matrice pour le groupe 1 [1, 2] : 113
Taille de la matrice pour le groupe 2 [2, 3] : 119
Taille de la matrice pour le groupe 3 [3, 4] : 91
Taille de la matrice pour le groupe 4 [4, 5] : 78
Taille de la matrice pour le groupe 5 [5, 6] : 73
Taille de la matrice pour le groupe 6 [6, 7] : 93
Taille de la matrice pour le groupe 7 [7, 8] : 98
Taille de la matrice pour le groupe 8 [8, 9] : 101
Neurones stables actives:  set()
Neurones stables inactives:  {(7, 17), (1, 95), (7, 26), (7, 35), (5, 65), (8, 9), (5, 74), (8, 18), (9, 72), (5, 83), (6, 48), (5, 92), (6, 57), (9, 90), (6, 66), (9, 99), (6, 75), (6, 84), (3, 6), (2, 50), (3, 15), (2, 59), (4, 87), (3, 42), (7, 3), (1, 90), (7, 21), (1, 99), (5, 60), (8, 4), (6, 34), (9, 67), (9, 76), (5, 87), (5, 96), (6, 61), (6, 70), (8, 98), (3, 1), (3, 28), (4, 82), (3, 37), (1, 85), (5, 46), (9, 44), (5, 55), (9, 53), (5, 73), (6, 38), (5, 82), (6, 47), (6, 56), (8, 84), (8, 93), (2, 31), (3, 5), (3, 14), (4, 68), (4, 86), (1, 62), (1, 71), (7, 2), (1, 80), (7, 11), (9, 30), (5, 41), (1, 89), (9, 39), (5, 68), (5, 77), (6, 42), (7, 96), (8, 70), (8, 88), (3, 0), (3, 9), (3, 18), (4, 72), (4, 81), (1, 57), (1, 66), (4, 99), (5, 27), (1, 75), (9, 25), (5, 36), (9, 34), (5, 54), (9, 52), (5, 63), (6, 37), (8, 65), (8, 74), (8, 83), (2, 21), (4, 49), (3, 4), (4, 58), (1, 34), (4, 67), (4, 85), (1, 61), (9, 11), (5, 22), (5, 31), (9, 29), (5, 40), (9, 38), (6, 14), (9, 47), (5, 58), (6, 23), (7, 86), (8, 51), (7, 95), (8, 60), (8, 78), (2, 7), (8, 87), (4, 44), (4, 53), (1, 38), (1, 47), (4, 80), (5, 8), (1, 56), (5, 17), (1, 65), (3, 84), (9, 15), (5, 26), (3, 93), (5, 35), (6, 0), (9, 33), (5, 44), (6, 18), (7, 72), (7, 90), (8, 55), (8, 82), (2, 11), (4, 30), (4, 39), (1, 24), (1, 42), (5, 3), (1, 51), (3, 70), (5, 21), (3, 88), (9, 19), (3, 97), (5, 39), (6, 4), (6, 13), (8, 32), (7, 76), (8, 50), (8, 59), (8, 68), (4, 34), (4, 43), (1, 19), (4, 61), (3, 83), (7, 62), (8, 27), (8, 36), (4, 11), (6, 93), (4, 20), (4, 38), (1, 14), (4, 47), (1, 32), (2, 86), (2, 95), (3, 60), (5, 2), (5, 11), (7, 39), (8, 13), (7, 57), (7, 66), (8, 31), (7, 75), (8, 49), (6, 79), (6, 97), (4, 24), (1, 0), (1, 9), (1, 18), (3, 55), (5, 6), (3, 73), (7, 43), (8, 17), (7, 61), (8, 26), (5, 91), (8, 44), (9, 98), (6, 74), (4, 1), (6, 83), (4, 10), (6, 92), (1, 4), (1, 13), (3, 50), (7, 29), (7, 56), (9, 75), (5, 86), (5, 95), (6, 60), (9, 93), (6, 78), (4, 5), (6, 87), (6, 96), (2, 44), (2, 53), (2, 62), (3, 27), (2, 71), (2, 80), (3, 45), (7, 6), (3, 54), (3, 63), (7, 24), (7, 33), (8, 7), (5, 72), (8, 16), (9, 70), (5, 81), (9, 79), (5, 90), (6, 55), (6, 64), (6, 73), (4, 0), (6, 82), (4, 9), (3, 13), (3, 22), (2, 75), (3, 40), (3, 49), (1, 79), (1, 88), (7, 19), (7, 28), (7, 37), (8, 2), (9, 56), (5, 67), (9, 65), (5, 76), (6, 41), (9, 74), (5, 85), (9, 83), (6, 59), (6, 68), (8, 96), (3, 8), (3, 17), (2, 61), (3, 44), (4, 98), (1, 74), (1, 83), (7, 14), (1, 92), (7, 23), (5, 62), (6, 27), (6, 36), (8, 91), (2, 20), (2, 38), (3, 3), (2, 47), (3, 12), (4, 84), (1, 78), (7, 9), (1, 87), (9, 37), (5, 48), (9, 46), (6, 22), (5, 66), (5, 84), (2, 6), (8, 86), (8, 95), (2, 24), (2, 42), (3, 7), (3, 16), (4, 70), (3, 25), (4, 79), (1, 55), (4, 97), (7, 4), (5, 34), (1, 82), (1, 91), (6, 8), (5, 52), (5, 61), (9, 59), (5, 70), (6, 35), (7, 98), (8, 72), (3, 11), (4, 65), (1, 41), (4, 74), (1, 50), (4, 83), (4, 92), (1, 68), (1, 77), (9, 27), (6, 3), (5, 47), (6, 12), (6, 21), (9, 54), (6, 30), (6, 39), (8, 67), (8, 85), (8, 94), (4, 42), (4, 51), (1, 45), (4, 78), (1, 54), (9, 4), (5, 15), (1, 63), (3, 91), (5, 33), (5, 42), (6, 7), (9, 40), (5, 51), (7, 79), (7, 97), (8, 62), (1, 22), (1, 31), (4, 64), (4, 73), (5, 1), (5, 10), (1, 58), (3, 86), (3, 95), (9, 26), (5, 37), (6, 2), (9, 35), (6, 11), (7, 65), (6, 20), (7, 74), (8, 48), (7, 92), (8, 57), (8, 75), (4, 23), (1, 8), (4, 41), (1, 17), (4, 50), (1, 26), (4, 59), (1, 44), (3, 72), (9, 3), (9, 12), (5, 32), (3, 99), (6, 6), (8, 25), (8, 43), (4, 18), (1, 12), (4, 45), (1, 21), (1, 39), (3, 58), (5, 0), (5, 9), (3, 76), (9, 7), (3, 85), (7, 55), (7, 64), (7, 73), (8, 56), (6, 86), (4, 13), (6, 95), (4, 40), (1, 16), (2, 70), (1, 25), (2, 79), (2, 88), (5, 4), (5, 13), (7, 32), (8, 6), (8, 24), (7, 68), (8, 33), (9, 87), (5, 98), (6, 72), (6, 99), (4, 26), (1, 2), (1, 11), (3, 39), (3, 48), (2, 92), (7, 18), (3, 66), (3, 75), (7, 36), (8, 1), (8, 19), (8, 28), (9, 82), (6, 76), (4, 3), (6, 85), (4, 12), (6, 94), (3, 43), (3, 52), (7, 40), (8, 5), (7, 49), (5, 79), (8, 23), (5, 88), (6, 53), (9, 86), (5, 97), (6, 62), (9, 95), (4, 16), (2, 46), (1, 1), (2, 64), (3, 56)}
Adjusting MOSEK solver parameters
MOSEK time limit set to 180s
Adding objective function for Lan
Initializing variables...
CALLBACK num variables : 760450
Adding ReLU constraints for layer 1
Adding ReLU constraints for layer 2
Adding ReLU constraints for layer 3
Adding ReLU constraints for layer 4
Adding ReLU constraints for layer 5
Adding ReLU constraints for layer 6
Adding ReLU constraints for layer 7
Adding ReLU constraints for layer 8
Adding ReLU constraints for layer 9
Adding quadratic bounds constraint
Adding quadratic bounds constraint for layer 0
Adding quadratic bounds constraint for layer 1
Adding quadratic bounds constraint for layer 2
Adding quadratic bounds constraint for layer 3
Adding quadratic bounds constraint for layer 4
Adding quadratic bounds constraint for layer 5
Adding quadratic bounds constraint for layer 6
Adding quadratic bounds constraint for layer 7
Adding quadratic bounds constraint for layer 8
Adding quadratic bounds constraint for layer 9
Adding RLT constraint (compact)
Indexes pruned for layer 1 : []
Indexes pruned for layer 2 : [0, 1, 2, 4, 8, 9, 11, 12, 13, 14, 16, 17, 18, 19, 21, 22, 24, 25, 26, 31, 32, 34, 38, 39, 41, 42, 44, 45, 47, 50, 51, 54, 55, 56, 57, 58, 61, 62, 63, 65, 66, 68, 71, 74, 75, 77, 78, 79, 80, 82, 83, 85, 87, 88, 89, 90, 91, 92, 95, 99]
Indexes pruned for layer 3 : [6, 7, 11, 20, 21, 24, 31, 38, 42, 44, 46, 47, 50, 53, 59, 61, 62, 64, 70, 71, 75, 79, 80, 86, 88, 92, 95]
Indexes pruned for layer 4 : [0, 1, 3, 4, 5, 6, 7, 8, 9, 11, 12, 13, 14, 15, 16, 17, 18, 22, 25, 27, 28, 37, 39, 40, 42, 43, 44, 45, 48, 49, 50, 52, 54, 55, 56, 58, 60, 63, 66, 70, 72, 73, 75, 76, 83, 84, 85, 86, 88, 91, 93, 95, 97, 99]
Indexes pruned for layer 5 : [0, 1, 3, 5, 9, 10, 11, 12, 13, 16, 18, 20, 23, 24, 26, 30, 34, 38, 39, 40, 41, 42, 43, 44, 45, 47, 49, 50, 51, 53, 58, 59, 61, 64, 65, 67, 68, 70, 72, 73, 74, 78, 79, 80, 81, 82, 83, 84, 85, 86, 87, 92, 97, 98, 99]
Indexes pruned for layer 6 : [0, 1, 2, 3, 4, 6, 8, 9, 10, 11, 13, 15, 17, 21, 22, 26, 27, 31, 32, 33, 34, 35, 36, 37, 39, 40, 41, 42, 44, 46, 47, 48, 51, 52, 54, 55, 58, 60, 61, 62, 63, 65, 66, 67, 68, 70, 72, 73, 74, 76, 77, 79, 81, 82, 83, 84, 85, 86, 87, 88, 90, 91, 92, 95, 96, 97, 98]
Indexes pruned for layer 7 : [0, 2, 3, 4, 6, 7, 8, 11, 12, 13, 14, 18, 20, 21, 22, 23, 27, 30, 34, 35, 36, 37, 38, 39, 41, 42, 47, 48, 53, 55, 56, 57, 59, 60, 61, 62, 64, 66, 68, 70, 72, 73, 74, 75, 76, 78, 79, 82, 83, 84, 85, 86, 87, 92, 93, 94, 95, 96, 97, 99]
Indexes pruned for layer 8 : [2, 3, 4, 6, 9, 11, 14, 17, 18, 19, 21, 23, 24, 26, 28, 29, 32, 33, 35, 36, 37, 39, 40, 43, 49, 55, 56, 57, 61, 62, 64, 65, 66, 68, 72, 73, 74, 75, 76, 79, 86, 90, 92, 95, 96, 97, 98]
Indexes pruned for layer 9 : [1, 2, 4, 5, 6, 7, 9, 13, 16, 17, 18, 19, 23, 24, 25, 26, 27, 28, 31, 32, 33, 36, 43, 44, 48, 49, 50, 51, 55, 56, 57, 59, 60, 62, 65, 67, 68, 70, 72, 74, 75, 78, 82, 83, 84, 85, 86, 87, 88, 91, 93, 94, 95, 96, 98]
CALLBACK : RLT (compact) = 49538 (dont 0 en repli chemin lent)
Adding rec matrices constraint
Number of constraints for the matrix by layers: 375 for 10 layers, [784 100 100 100 100 100 100 100 100 100  10] neurons, boundary layers: [1, 2, 3, 4, 5, 6, 7, 8]
Adding first term equal zero constraint
CALLBACK : Ending constraints. Total number of constraints :  151937
Cuts in _write_presolve_row:  ['RLT', 'triangularization']
Number of constraints before optimization:  151937
Number of variables before optimization:  760450
All possible cuts:  ['RLT', 'triangularization', 'McCormick_beta_z', 'beta_logits_comparaison', 'beta_logits_comparaison_big_M', 'sum_beta_logits_equal_logit']
Cuts added to dic for _write_presolve_row:  {'RLT': True, 'triangularization': True, 'McCormick_beta_z': False, 'beta_logits_comparaison': False, 'beta_logits_comparaison_big_M': False, 'sum_beta_logits_equal_logit': False}
Writing pre-solve row to results.csv with data_index: 84 target: 3
Pre-solve row written to results.csv with data_index: 84 target: 3
Pre-solve row written to results.csv with 151937 constraints and 760450 variables.
INFO     01:03:02     [objective_classic.py:97] Adding Objective to the task
CALLBACK : Number of constraints : 151937
[conic bundle] factor=0.01 x 148614 contraintes dualisables candidates => 1486 reellement dualisees (les 147128 autres relachees mais jamais penalisees)
  [cb_native dynamic calibration] h(0)=4.282078 pool_initial=5/1486
[cb_native dynamic] h(0)=4.282078 > positivity_threshold=1e-06 -- arret immediat (stop_when_positive).
[conic bundle] data_index=84 target=3 optimal_value=4.282078209213636 n_iter=0 (41.59s)
Initializing TargetedSDP...
Creating list of ytargets...
K :  10
self.n :  [784 100 100 100 100 100 100 100 100 100  10]
Getting to compute bounds...
STUDY : use active neurons:  True use inactive neurons:  False
STUDY : Nb Stable neurons :  469
Number of cuts to test: 1
Cuts to test: [['RLT', 'triangularization']]
Initializing MosekClassicHandler

 
 folder name dans handler:  /lustre/fswork/projects/rech/llc/uvq13au/FastSDPCertification/results/benchmark/9x100-0.026/2026_10_02_00h37_33s_battery-targeted-rlt-cert
LAST_LAYER in resolve_layer_groups :  False
K :  10
CHORDAL_DECOMPOSITION  in resolve layer groups:  True
INPUT_IN_VARIABLES in resolve_layer_groups :  True
Taille de la matrice pour le groupe 0 [0, 1] : 824
Taille de la matrice pour le groupe 1 [1, 2] : 113
Taille de la matrice pour le groupe 2 [2, 3] : 119
Taille de la matrice pour le groupe 3 [3, 4] : 91
Taille de la matrice pour le groupe 4 [4, 5] : 78
Taille de la matrice pour le groupe 5 [5, 6] : 73
Taille de la matrice pour le groupe 6 [6, 7] : 93
Taille de la matrice pour le groupe 7 [7, 8] : 98
Taille de la matrice pour le groupe 8 [8, 9] : 101
Neurones stables actives:  set()
Neurones stables inactives:  {(7, 17), (1, 95), (7, 26), (7, 35), (5, 65), (8, 9), (5, 74), (8, 18), (9, 72), (5, 83), (6, 48), (5, 92), (6, 57), (9, 90), (6, 66), (9, 99), (6, 75), (6, 84), (3, 6), (2, 50), (3, 15), (2, 59), (4, 87), (3, 42), (7, 3), (1, 90), (7, 21), (1, 99), (5, 60), (8, 4), (6, 34), (9, 67), (9, 76), (5, 87), (5, 96), (6, 61), (6, 70), (8, 98), (3, 1), (3, 28), (4, 82), (3, 37), (1, 85), (5, 46), (9, 44), (5, 55), (9, 53), (5, 73), (6, 38), (5, 82), (6, 47), (6, 56), (8, 84), (8, 93), (2, 31), (3, 5), (3, 14), (4, 68), (4, 86), (1, 62), (1, 71), (7, 2), (1, 80), (7, 11), (9, 30), (5, 41), (1, 89), (9, 39), (5, 68), (5, 77), (6, 42), (7, 96), (8, 70), (8, 88), (3, 0), (3, 9), (3, 18), (4, 72), (4, 81), (1, 57), (1, 66), (4, 99), (5, 27), (1, 75), (9, 25), (5, 36), (9, 34), (5, 54), (9, 52), (5, 63), (6, 37), (8, 65), (8, 74), (8, 83), (2, 21), (4, 49), (3, 4), (4, 58), (1, 34), (4, 67), (4, 85), (1, 61), (9, 11), (5, 22), (5, 31), (9, 29), (5, 40), (9, 38), (6, 14), (9, 47), (5, 58), (6, 23), (7, 86), (8, 51), (7, 95), (8, 60), (8, 78), (2, 7), (8, 87), (4, 44), (4, 53), (1, 38), (1, 47), (4, 80), (5, 8), (1, 56), (5, 17), (1, 65), (3, 84), (9, 15), (5, 26), (3, 93), (5, 35), (6, 0), (9, 33), (5, 44), (6, 18), (7, 72), (7, 90), (8, 55), (8, 82), (2, 11), (4, 30), (4, 39), (1, 24), (1, 42), (5, 3), (1, 51), (3, 70), (5, 21), (3, 88), (9, 19), (3, 97), (5, 39), (6, 4), (6, 13), (8, 32), (7, 76), (8, 50), (8, 59), (8, 68), (4, 34), (4, 43), (1, 19), (4, 61), (3, 83), (7, 62), (8, 27), (8, 36), (4, 11), (6, 93), (4, 20), (4, 38), (1, 14), (4, 47), (1, 32), (2, 86), (2, 95), (3, 60), (5, 2), (5, 11), (7, 39), (8, 13), (7, 57), (7, 66), (8, 31), (7, 75), (8, 49), (6, 79), (6, 97), (4, 24), (1, 0), (1, 9), (1, 18), (3, 55), (5, 6), (3, 73), (7, 43), (8, 17), (7, 61), (8, 26), (5, 91), (8, 44), (9, 98), (6, 74), (4, 1), (6, 83), (4, 10), (6, 92), (1, 4), (1, 13), (3, 50), (7, 29), (7, 56), (9, 75), (5, 86), (5, 95), (6, 60), (9, 93), (6, 78), (4, 5), (6, 87), (6, 96), (2, 44), (2, 53), (2, 62), (3, 27), (2, 71), (2, 80), (3, 45), (7, 6), (3, 54), (3, 63), (7, 24), (7, 33), (8, 7), (5, 72), (8, 16), (9, 70), (5, 81), (9, 79), (5, 90), (6, 55), (6, 64), (6, 73), (4, 0), (6, 82), (4, 9), (3, 13), (3, 22), (2, 75), (3, 40), (3, 49), (1, 79), (1, 88), (7, 19), (7, 28), (7, 37), (8, 2), (9, 56), (5, 67), (9, 65), (5, 76), (6, 41), (9, 74), (5, 85), (9, 83), (6, 59), (6, 68), (8, 96), (3, 8), (3, 17), (2, 61), (3, 44), (4, 98), (1, 74), (1, 83), (7, 14), (1, 92), (7, 23), (5, 62), (6, 27), (6, 36), (8, 91), (2, 20), (2, 38), (3, 3), (2, 47), (3, 12), (4, 84), (1, 78), (7, 9), (1, 87), (9, 37), (5, 48), (9, 46), (6, 22), (5, 66), (5, 84), (2, 6), (8, 86), (8, 95), (2, 24), (2, 42), (3, 7), (3, 16), (4, 70), (3, 25), (4, 79), (1, 55), (4, 97), (7, 4), (5, 34), (1, 82), (1, 91), (6, 8), (5, 52), (5, 61), (9, 59), (5, 70), (6, 35), (7, 98), (8, 72), (3, 11), (4, 65), (1, 41), (4, 74), (1, 50), (4, 83), (4, 92), (1, 68), (1, 77), (9, 27), (6, 3), (5, 47), (6, 12), (6, 21), (9, 54), (6, 30), (6, 39), (8, 67), (8, 85), (8, 94), (4, 42), (4, 51), (1, 45), (4, 78), (1, 54), (9, 4), (5, 15), (1, 63), (3, 91), (5, 33), (5, 42), (6, 7), (9, 40), (5, 51), (7, 79), (7, 97), (8, 62), (1, 22), (1, 31), (4, 64), (4, 73), (5, 1), (5, 10), (1, 58), (3, 86), (3, 95), (9, 26), (5, 37), (6, 2), (9, 35), (6, 11), (7, 65), (6, 20), (7, 74), (8, 48), (7, 92), (8, 57), (8, 75), (4, 23), (1, 8), (4, 41), (1, 17), (4, 50), (1, 26), (4, 59), (1, 44), (3, 72), (9, 3), (9, 12), (5, 32), (3, 99), (6, 6), (8, 25), (8, 43), (4, 18), (1, 12), (4, 45), (1, 21), (1, 39), (3, 58), (5, 0), (5, 9), (3, 76), (9, 7), (3, 85), (7, 55), (7, 64), (7, 73), (8, 56), (6, 86), (4, 13), (6, 95), (4, 40), (1, 16), (2, 70), (1, 25), (2, 79), (2, 88), (5, 4), (5, 13), (7, 32), (8, 6), (8, 24), (7, 68), (8, 33), (9, 87), (5, 98), (6, 72), (6, 99), (4, 26), (1, 2), (1, 11), (3, 39), (3, 48), (2, 92), (7, 18), (3, 66), (3, 75), (7, 36), (8, 1), (8, 19), (8, 28), (9, 82), (6, 76), (4, 3), (6, 85), (4, 12), (6, 94), (3, 43), (3, 52), (7, 40), (8, 5), (7, 49), (5, 79), (8, 23), (5, 88), (6, 53), (9, 86), (5, 97), (6, 62), (9, 95), (4, 16), (2, 46), (1, 1), (2, 64), (3, 56)}
Adjusting MOSEK solver parameters
MOSEK time limit set to 180s
Adding objective function for Lan
Initializing variables...
CALLBACK num variables : 760450
Adding ReLU constraints for layer 1
Adding ReLU constraints for layer 2
Adding ReLU constraints for layer 3
Adding ReLU constraints for layer 4
Adding ReLU constraints for layer 5
Adding ReLU constraints for layer 6
Adding ReLU constraints for layer 7
Adding ReLU constraints for layer 8
Adding ReLU constraints for layer 9
Adding quadratic bounds constraint
Adding quadratic bounds constraint for layer 0
Adding quadratic bounds constraint for layer 1
Adding quadratic bounds constraint for layer 2
Adding quadratic bounds constraint for layer 3
Adding quadratic bounds constraint for layer 4
Adding quadratic bounds constraint for layer 5
Adding quadratic bounds constraint for layer 6
Adding quadratic bounds constraint for layer 7
Adding quadratic bounds constraint for layer 8
Adding quadratic bounds constraint for layer 9
Adding RLT constraint (compact)
Indexes pruned for layer 1 : []
Indexes pruned for layer 2 : [0, 1, 2, 4, 8, 9, 11, 12, 13, 14, 16, 17, 18, 19, 21, 22, 24, 25, 26, 31, 32, 34, 38, 39, 41, 42, 44, 45, 47, 50, 51, 54, 55, 56, 57, 58, 61, 62, 63, 65, 66, 68, 71, 74, 75, 77, 78, 79, 80, 82, 83, 85, 87, 88, 89, 90, 91, 92, 95, 99]
Indexes pruned for layer 3 : [6, 7, 11, 20, 21, 24, 31, 38, 42, 44, 46, 47, 50, 53, 59, 61, 62, 64, 70, 71, 75, 79, 80, 86, 88, 92, 95]
Indexes pruned for layer 4 : [0, 1, 3, 4, 5, 6, 7, 8, 9, 11, 12, 13, 14, 15, 16, 17, 18, 22, 25, 27, 28, 37, 39, 40, 42, 43, 44, 45, 48, 49, 50, 52, 54, 55, 56, 58, 60, 63, 66, 70, 72, 73, 75, 76, 83, 84, 85, 86, 88, 91, 93, 95, 97, 99]
Indexes pruned for layer 5 : [0, 1, 3, 5, 9, 10, 11, 12, 13, 16, 18, 20, 23, 24, 26, 30, 34, 38, 39, 40, 41, 42, 43, 44, 45, 47, 49, 50, 51, 53, 58, 59, 61, 64, 65, 67, 68, 70, 72, 73, 74, 78, 79, 80, 81, 82, 83, 84, 85, 86, 87, 92, 97, 98, 99]
Indexes pruned for layer 6 : [0, 1, 2, 3, 4, 6, 8, 9, 10, 11, 13, 15, 17, 21, 22, 26, 27, 31, 32, 33, 34, 35, 36, 37, 39, 40, 41, 42, 44, 46, 47, 48, 51, 52, 54, 55, 58, 60, 61, 62, 63, 65, 66, 67, 68, 70, 72, 73, 74, 76, 77, 79, 81, 82, 83, 84, 85, 86, 87, 88, 90, 91, 92, 95, 96, 97, 98]
Indexes pruned for layer 7 : [0, 2, 3, 4, 6, 7, 8, 11, 12, 13, 14, 18, 20, 21, 22, 23, 27, 30, 34, 35, 36, 37, 38, 39, 41, 42, 47, 48, 53, 55, 56, 57, 59, 60, 61, 62, 64, 66, 68, 70, 72, 73, 74, 75, 76, 78, 79, 82, 83, 84, 85, 86, 87, 92, 93, 94, 95, 96, 97, 99]
Indexes pruned for layer 8 : [2, 3, 4, 6, 9, 11, 14, 17, 18, 19, 21, 23, 24, 26, 28, 29, 32, 33, 35, 36, 37, 39, 40, 43, 49, 55, 56, 57, 61, 62, 64, 65, 66, 68, 72, 73, 74, 75, 76, 79, 86, 90, 92, 95, 96, 97, 98]
Indexes pruned for layer 9 : [1, 2, 4, 5, 6, 7, 9, 13, 16, 17, 18, 19, 23, 24, 25, 26, 27, 28, 31, 32, 33, 36, 43, 44, 48, 49, 50, 51, 55, 56, 57, 59, 60, 62, 65, 67, 68, 70, 72, 74, 75, 78, 82, 83, 84, 85, 86, 87, 88, 91, 93, 94, 95, 96, 98]
CALLBACK : RLT (compact) = 49538 (dont 0 en repli chemin lent)
Adding rec matrices constraint
Number of constraints for the matrix by layers: 375 for 10 layers, [784 100 100 100 100 100 100 100 100 100  10] neurons, boundary layers: [1, 2, 3, 4, 5, 6, 7, 8]
Adding first term equal zero constraint
CALLBACK : Ending constraints. Total number of constraints :  151937
Cuts in _write_presolve_row:  ['RLT', 'triangularization']
Number of constraints before optimization:  151937
Number of variables before optimization:  760450
All possible cuts:  ['RLT', 'triangularization', 'McCormick_beta_z', 'beta_logits_comparaison', 'beta_logits_comparaison_big_M', 'sum_beta_logits_equal_logit']
Cuts added to dic for _write_presolve_row:  {'RLT': True, 'triangularization': True, 'McCormick_beta_z': False, 'beta_logits_comparaison': False, 'beta_logits_comparaison_big_M': False, 'sum_beta_logits_equal_logit': False}
Writing pre-solve row to results.csv with data_index: 84 target: 4
Pre-solve row written to results.csv with data_index: 84 target: 4
Pre-solve row written to results.csv with 151937 constraints and 760450 variables.
INFO     01:03:45     [objective_classic.py:97] Adding Objective to the task
CALLBACK : Number of constraints : 151937
[conic bundle] factor=0.01 x 148614 contraintes dualisables candidates => 1486 reellement dualisees (les 147128 autres relachees mais jamais penalisees)
  [cb_native dynamic calibration] h(0)=4.075101 pool_initial=22/1486
[cb_native dynamic] h(0)=4.075101 > positivity_threshold=1e-06 -- arret immediat (stop_when_positive).
[conic bundle] data_index=84 target=4 optimal_value=4.075101135283202 n_iter=0 (40.98s)
Initializing TargetedSDP...
Creating list of ytargets...
K :  10
self.n :  [784 100 100 100 100 100 100 100 100 100  10]
Getting to compute bounds...
STUDY : use active neurons:  True use inactive neurons:  False
STUDY : Nb Stable neurons :  469
Number of cuts to test: 1
Cuts to test: [['RLT', 'triangularization']]
Initializing MosekClassicHandler

 
 folder name dans handler:  /lustre/fswork/projects/rech/llc/uvq13au/FastSDPCertification/results/benchmark/9x100-0.026/2026_10_02_00h37_33s_battery-targeted-rlt-cert
LAST_LAYER in resolve_layer_groups :  False
K :  10
CHORDAL_DECOMPOSITION  in resolve layer groups:  True
INPUT_IN_VARIABLES in resolve_layer_groups :  True
Taille de la matrice pour le groupe 0 [0, 1] : 824
Taille de la matrice pour le groupe 1 [1, 2] : 113
Taille de la matrice pour le groupe 2 [2, 3] : 119
Taille de la matrice pour le groupe 3 [3, 4] : 91
Taille de la matrice pour le groupe 4 [4, 5] : 78
Taille de la matrice pour le groupe 5 [5, 6] : 73
Taille de la matrice pour le groupe 6 [6, 7] : 93
Taille de la matrice pour le groupe 7 [7, 8] : 98
Taille de la matrice pour le groupe 8 [8, 9] : 101
Neurones stables actives:  set()
Neurones stables inactives:  {(7, 17), (1, 95), (7, 26), (7, 35), (5, 65), (8, 9), (5, 74), (8, 18), (9, 72), (5, 83), (6, 48), (5, 92), (6, 57), (9, 90), (6, 66), (9, 99), (6, 75), (6, 84), (3, 6), (2, 50), (3, 15), (2, 59), (4, 87), (3, 42), (7, 3), (1, 90), (7, 21), (1, 99), (5, 60), (8, 4), (6, 34), (9, 67), (9, 76), (5, 87), (5, 96), (6, 61), (6, 70), (8, 98), (3, 1), (3, 28), (4, 82), (3, 37), (1, 85), (5, 46), (9, 44), (5, 55), (9, 53), (5, 73), (6, 38), (5, 82), (6, 47), (6, 56), (8, 84), (8, 93), (2, 31), (3, 5), (3, 14), (4, 68), (4, 86), (1, 62), (1, 71), (7, 2), (1, 80), (7, 11), (9, 30), (5, 41), (1, 89), (9, 39), (5, 68), (5, 77), (6, 42), (7, 96), (8, 70), (8, 88), (3, 0), (3, 9), (3, 18), (4, 72), (4, 81), (1, 57), (1, 66), (4, 99), (5, 27), (1, 75), (9, 25), (5, 36), (9, 34), (5, 54), (9, 52), (5, 63), (6, 37), (8, 65), (8, 74), (8, 83), (2, 21), (4, 49), (3, 4), (4, 58), (1, 34), (4, 67), (4, 85), (1, 61), (9, 11), (5, 22), (5, 31), (9, 29), (5, 40), (9, 38), (6, 14), (9, 47), (5, 58), (6, 23), (7, 86), (8, 51), (7, 95), (8, 60), (8, 78), (2, 7), (8, 87), (4, 44), (4, 53), (1, 38), (1, 47), (4, 80), (5, 8), (1, 56), (5, 17), (1, 65), (3, 84), (9, 15), (5, 26), (3, 93), (5, 35), (6, 0), (9, 33), (5, 44), (6, 18), (7, 72), (7, 90), (8, 55), (8, 82), (2, 11), (4, 30), (4, 39), (1, 24), (1, 42), (5, 3), (1, 51), (3, 70), (5, 21), (3, 88), (9, 19), (3, 97), (5, 39), (6, 4), (6, 13), (8, 32), (7, 76), (8, 50), (8, 59), (8, 68), (4, 34), (4, 43), (1, 19), (4, 61), (3, 83), (7, 62), (8, 27), (8, 36), (4, 11), (6, 93), (4, 20), (4, 38), (1, 14), (4, 47), (1, 32), (2, 86), (2, 95), (3, 60), (5, 2), (5, 11), (7, 39), (8, 13), (7, 57), (7, 66), (8, 31), (7, 75), (8, 49), (6, 79), (6, 97), (4, 24), (1, 0), (1, 9), (1, 18), (3, 55), (5, 6), (3, 73), (7, 43), (8, 17), (7, 61), (8, 26), (5, 91), (8, 44), (9, 98), (6, 74), (4, 1), (6, 83), (4, 10), (6, 92), (1, 4), (1, 13), (3, 50), (7, 29), (7, 56), (9, 75), (5, 86), (5, 95), (6, 60), (9, 93), (6, 78), (4, 5), (6, 87), (6, 96), (2, 44), (2, 53), (2, 62), (3, 27), (2, 71), (2, 80), (3, 45), (7, 6), (3, 54), (3, 63), (7, 24), (7, 33), (8, 7), (5, 72), (8, 16), (9, 70), (5, 81), (9, 79), (5, 90), (6, 55), (6, 64), (6, 73), (4, 0), (6, 82), (4, 9), (3, 13), (3, 22), (2, 75), (3, 40), (3, 49), (1, 79), (1, 88), (7, 19), (7, 28), (7, 37), (8, 2), (9, 56), (5, 67), (9, 65), (5, 76), (6, 41), (9, 74), (5, 85), (9, 83), (6, 59), (6, 68), (8, 96), (3, 8), (3, 17), (2, 61), (3, 44), (4, 98), (1, 74), (1, 83), (7, 14), (1, 92), (7, 23), (5, 62), (6, 27), (6, 36), (8, 91), (2, 20), (2, 38), (3, 3), (2, 47), (3, 12), (4, 84), (1, 78), (7, 9), (1, 87), (9, 37), (5, 48), (9, 46), (6, 22), (5, 66), (5, 84), (2, 6), (8, 86), (8, 95), (2, 24), (2, 42), (3, 7), (3, 16), (4, 70), (3, 25), (4, 79), (1, 55), (4, 97), (7, 4), (5, 34), (1, 82), (1, 91), (6, 8), (5, 52), (5, 61), (9, 59), (5, 70), (6, 35), (7, 98), (8, 72), (3, 11), (4, 65), (1, 41), (4, 74), (1, 50), (4, 83), (4, 92), (1, 68), (1, 77), (9, 27), (6, 3), (5, 47), (6, 12), (6, 21), (9, 54), (6, 30), (6, 39), (8, 67), (8, 85), (8, 94), (4, 42), (4, 51), (1, 45), (4, 78), (1, 54), (9, 4), (5, 15), (1, 63), (3, 91), (5, 33), (5, 42), (6, 7), (9, 40), (5, 51), (7, 79), (7, 97), (8, 62), (1, 22), (1, 31), (4, 64), (4, 73), (5, 1), (5, 10), (1, 58), (3, 86), (3, 95), (9, 26), (5, 37), (6, 2), (9, 35), (6, 11), (7, 65), (6, 20), (7, 74), (8, 48), (7, 92), (8, 57), (8, 75), (4, 23), (1, 8), (4, 41), (1, 17), (4, 50), (1, 26), (4, 59), (1, 44), (3, 72), (9, 3), (9, 12), (5, 32), (3, 99), (6, 6), (8, 25), (8, 43), (4, 18), (1, 12), (4, 45), (1, 21), (1, 39), (3, 58), (5, 0), (5, 9), (3, 76), (9, 7), (3, 85), (7, 55), (7, 64), (7, 73), (8, 56), (6, 86), (4, 13), (6, 95), (4, 40), (1, 16), (2, 70), (1, 25), (2, 79), (2, 88), (5, 4), (5, 13), (7, 32), (8, 6), (8, 24), (7, 68), (8, 33), (9, 87), (5, 98), (6, 72), (6, 99), (4, 26), (1, 2), (1, 11), (3, 39), (3, 48), (2, 92), (7, 18), (3, 66), (3, 75), (7, 36), (8, 1), (8, 19), (8, 28), (9, 82), (6, 76), (4, 3), (6, 85), (4, 12), (6, 94), (3, 43), (3, 52), (7, 40), (8, 5), (7, 49), (5, 79), (8, 23), (5, 88), (6, 53), (9, 86), (5, 97), (6, 62), (9, 95), (4, 16), (2, 46), (1, 1), (2, 64), (3, 56)}
Adjusting MOSEK solver parameters
MOSEK time limit set to 180s
Adding objective function for Lan
Initializing variables...
CALLBACK num variables : 760450
Adding ReLU constraints for layer 1
Adding ReLU constraints for layer 2
Adding ReLU constraints for layer 3
Adding ReLU constraints for layer 4
Adding ReLU constraints for layer 5
Adding ReLU constraints for layer 6
Adding ReLU constraints for layer 7
Adding ReLU constraints for layer 8
Adding ReLU constraints for layer 9
Adding quadratic bounds constraint
Adding quadratic bounds constraint for layer 0
Adding quadratic bounds constraint for layer 1
Adding quadratic bounds constraint for layer 2
Adding quadratic bounds constraint for layer 3
Adding quadratic bounds constraint for layer 4
Adding quadratic bounds constraint for layer 5
Adding quadratic bounds constraint for layer 6
Adding quadratic bounds constraint for layer 7
Adding quadratic bounds constraint for layer 8
Adding quadratic bounds constraint for layer 9
Adding RLT constraint (compact)
Indexes pruned for layer 1 : []
Indexes pruned for layer 2 : [0, 1, 2, 4, 8, 9, 11, 12, 13, 14, 16, 17, 18, 19, 21, 22, 24, 25, 26, 31, 32, 34, 38, 39, 41, 42, 44, 45, 47, 50, 51, 54, 55, 56, 57, 58, 61, 62, 63, 65, 66, 68, 71, 74, 75, 77, 78, 79, 80, 82, 83, 85, 87, 88, 89, 90, 91, 92, 95, 99]
Indexes pruned for layer 3 : [6, 7, 11, 20, 21, 24, 31, 38, 42, 44, 46, 47, 50, 53, 59, 61, 62, 64, 70, 71, 75, 79, 80, 86, 88, 92, 95]
Indexes pruned for layer 4 : [0, 1, 3, 4, 5, 6, 7, 8, 9, 11, 12, 13, 14, 15, 16, 17, 18, 22, 25, 27, 28, 37, 39, 40, 42, 43, 44, 45, 48, 49, 50, 52, 54, 55, 56, 58, 60, 63, 66, 70, 72, 73, 75, 76, 83, 84, 85, 86, 88, 91, 93, 95, 97, 99]
Indexes pruned for layer 5 : [0, 1, 3, 5, 9, 10, 11, 12, 13, 16, 18, 20, 23, 24, 26, 30, 34, 38, 39, 40, 41, 42, 43, 44, 45, 47, 49, 50, 51, 53, 58, 59, 61, 64, 65, 67, 68, 70, 72, 73, 74, 78, 79, 80, 81, 82, 83, 84, 85, 86, 87, 92, 97, 98, 99]
Indexes pruned for layer 6 : [0, 1, 2, 3, 4, 6, 8, 9, 10, 11, 13, 15, 17, 21, 22, 26, 27, 31, 32, 33, 34, 35, 36, 37, 39, 40, 41, 42, 44, 46, 47, 48, 51, 52, 54, 55, 58, 60, 61, 62, 63, 65, 66, 67, 68, 70, 72, 73, 74, 76, 77, 79, 81, 82, 83, 84, 85, 86, 87, 88, 90, 91, 92, 95, 96, 97, 98]
Indexes pruned for layer 7 : [0, 2, 3, 4, 6, 7, 8, 11, 12, 13, 14, 18, 20, 21, 22, 23, 27, 30, 34, 35, 36, 37, 38, 39, 41, 42, 47, 48, 53, 55, 56, 57, 59, 60, 61, 62, 64, 66, 68, 70, 72, 73, 74, 75, 76, 78, 79, 82, 83, 84, 85, 86, 87, 92, 93, 94, 95, 96, 97, 99]
Indexes pruned for layer 8 : [2, 3, 4, 6, 9, 11, 14, 17, 18, 19, 21, 23, 24, 26, 28, 29, 32, 33, 35, 36, 37, 39, 40, 43, 49, 55, 56, 57, 61, 62, 64, 65, 66, 68, 72, 73, 74, 75, 76, 79, 86, 90, 92, 95, 96, 97, 98]
Indexes pruned for layer 9 : [1, 2, 4, 5, 6, 7, 9, 13, 16, 17, 18, 19, 23, 24, 25, 26, 27, 28, 31, 32, 33, 36, 43, 44, 48, 49, 50, 51, 55, 56, 57, 59, 60, 62, 65, 67, 68, 70, 72, 74, 75, 78, 82, 83, 84, 85, 86, 87, 88, 91, 93, 94, 95, 96, 98]
CALLBACK : RLT (compact) = 49538 (dont 0 en repli chemin lent)
Adding rec matrices constraint
Number of constraints for the matrix by layers: 375 for 10 layers, [784 100 100 100 100 100 100 100 100 100  10] neurons, boundary layers: [1, 2, 3, 4, 5, 6, 7, 8]
Adding first term equal zero constraint
CALLBACK : Ending constraints. Total number of constraints :  151937
Cuts in _write_presolve_row:  ['RLT', 'triangularization']
Number of constraints before optimization:  151937
Number of variables before optimization:  760450
All possible cuts:  ['RLT', 'triangularization', 'McCormick_beta_z', 'beta_logits_comparaison', 'beta_logits_comparaison_big_M', 'sum_beta_logits_equal_logit']
Cuts added to dic for _write_presolve_row:  {'RLT': True, 'triangularization': True, 'McCormick_beta_z': False, 'beta_logits_comparaison': False, 'beta_logits_comparaison_big_M': False, 'sum_beta_logits_equal_logit': False}
Writing pre-solve row to results.csv with data_index: 84 target: 5
Pre-solve row written to results.csv with data_index: 84 target: 5
Pre-solve row written to results.csv with 151937 constraints and 760450 variables.
INFO     01:04:28     [objective_classic.py:97] Adding Objective to the task
CALLBACK : Number of constraints : 151937
[conic bundle] factor=0.01 x 148614 contraintes dualisables candidates => 1486 reellement dualisees (les 147128 autres relachees mais jamais penalisees)
  [cb_native dynamic calibration] h(0)=4.583548 pool_initial=35/1486
[cb_native dynamic] h(0)=4.583548 > positivity_threshold=1e-06 -- arret immediat (stop_when_positive).
[conic bundle] data_index=84 target=5 optimal_value=4.583547745134569 n_iter=0 (83.88s)
Initializing TargetedSDP...
Creating list of ytargets...
K :  10
self.n :  [784 100 100 100 100 100 100 100 100 100  10]
Getting to compute bounds...
STUDY : use active neurons:  True use inactive neurons:  False
STUDY : Nb Stable neurons :  469
Number of cuts to test: 1
Cuts to test: [['RLT', 'triangularization']]
Initializing MosekClassicHandler

 
 folder name dans handler:  /lustre/fswork/projects/rech/llc/uvq13au/FastSDPCertification/results/benchmark/9x100-0.026/2026_10_02_00h37_33s_battery-targeted-rlt-cert
LAST_LAYER in resolve_layer_groups :  False
K :  10
CHORDAL_DECOMPOSITION  in resolve layer groups:  True
INPUT_IN_VARIABLES in resolve_layer_groups :  True
Taille de la matrice pour le groupe 0 [0, 1] : 824
Taille de la matrice pour le groupe 1 [1, 2] : 113
Taille de la matrice pour le groupe 2 [2, 3] : 119
Taille de la matrice pour le groupe 3 [3, 4] : 91
Taille de la matrice pour le groupe 4 [4, 5] : 78
Taille de la matrice pour le groupe 5 [5, 6] : 73
Taille de la matrice pour le groupe 6 [6, 7] : 93
Taille de la matrice pour le groupe 7 [7, 8] : 98
Taille de la matrice pour le groupe 8 [8, 9] : 101
Neurones stables actives:  set()
Neurones stables inactives:  {(7, 17), (1, 95), (7, 26), (7, 35), (5, 65), (8, 9), (5, 74), (8, 18), (9, 72), (5, 83), (6, 48), (5, 92), (6, 57), (9, 90), (6, 66), (9, 99), (6, 75), (6, 84), (3, 6), (2, 50), (3, 15), (2, 59), (4, 87), (3, 42), (7, 3), (1, 90), (7, 21), (1, 99), (5, 60), (8, 4), (6, 34), (9, 67), (9, 76), (5, 87), (5, 96), (6, 61), (6, 70), (8, 98), (3, 1), (3, 28), (4, 82), (3, 37), (1, 85), (5, 46), (9, 44), (5, 55), (9, 53), (5, 73), (6, 38), (5, 82), (6, 47), (6, 56), (8, 84), (8, 93), (2, 31), (3, 5), (3, 14), (4, 68), (4, 86), (1, 62), (1, 71), (7, 2), (1, 80), (7, 11), (9, 30), (5, 41), (1, 89), (9, 39), (5, 68), (5, 77), (6, 42), (7, 96), (8, 70), (8, 88), (3, 0), (3, 9), (3, 18), (4, 72), (4, 81), (1, 57), (1, 66), (4, 99), (5, 27), (1, 75), (9, 25), (5, 36), (9, 34), (5, 54), (9, 52), (5, 63), (6, 37), (8, 65), (8, 74), (8, 83), (2, 21), (4, 49), (3, 4), (4, 58), (1, 34), (4, 67), (4, 85), (1, 61), (9, 11), (5, 22), (5, 31), (9, 29), (5, 40), (9, 38), (6, 14), (9, 47), (5, 58), (6, 23), (7, 86), (8, 51), (7, 95), (8, 60), (8, 78), (2, 7), (8, 87), (4, 44), (4, 53), (1, 38), (1, 47), (4, 80), (5, 8), (1, 56), (5, 17), (1, 65), (3, 84), (9, 15), (5, 26), (3, 93), (5, 35), (6, 0), (9, 33), (5, 44), (6, 18), (7, 72), (7, 90), (8, 55), (8, 82), (2, 11), (4, 30), (4, 39), (1, 24), (1, 42), (5, 3), (1, 51), (3, 70), (5, 21), (3, 88), (9, 19), (3, 97), (5, 39), (6, 4), (6, 13), (8, 32), (7, 76), (8, 50), (8, 59), (8, 68), (4, 34), (4, 43), (1, 19), (4, 61), (3, 83), (7, 62), (8, 27), (8, 36), (4, 11), (6, 93), (4, 20), (4, 38), (1, 14), (4, 47), (1, 32), (2, 86), (2, 95), (3, 60), (5, 2), (5, 11), (7, 39), (8, 13), (7, 57), (7, 66), (8, 31), (7, 75), (8, 49), (6, 79), (6, 97), (4, 24), (1, 0), (1, 9), (1, 18), (3, 55), (5, 6), (3, 73), (7, 43), (8, 17), (7, 61), (8, 26), (5, 91), (8, 44), (9, 98), (6, 74), (4, 1), (6, 83), (4, 10), (6, 92), (1, 4), (1, 13), (3, 50), (7, 29), (7, 56), (9, 75), (5, 86), (5, 95), (6, 60), (9, 93), (6, 78), (4, 5), (6, 87), (6, 96), (2, 44), (2, 53), (2, 62), (3, 27), (2, 71), (2, 80), (3, 45), (7, 6), (3, 54), (3, 63), (7, 24), (7, 33), (8, 7), (5, 72), (8, 16), (9, 70), (5, 81), (9, 79), (5, 90), (6, 55), (6, 64), (6, 73), (4, 0), (6, 82), (4, 9), (3, 13), (3, 22), (2, 75), (3, 40), (3, 49), (1, 79), (1, 88), (7, 19), (7, 28), (7, 37), (8, 2), (9, 56), (5, 67), (9, 65), (5, 76), (6, 41), (9, 74), (5, 85), (9, 83), (6, 59), (6, 68), (8, 96), (3, 8), (3, 17), (2, 61), (3, 44), (4, 98), (1, 74), (1, 83), (7, 14), (1, 92), (7, 23), (5, 62), (6, 27), (6, 36), (8, 91), (2, 20), (2, 38), (3, 3), (2, 47), (3, 12), (4, 84), (1, 78), (7, 9), (1, 87), (9, 37), (5, 48), (9, 46), (6, 22), (5, 66), (5, 84), (2, 6), (8, 86), (8, 95), (2, 24), (2, 42), (3, 7), (3, 16), (4, 70), (3, 25), (4, 79), (1, 55), (4, 97), (7, 4), (5, 34), (1, 82), (1, 91), (6, 8), (5, 52), (5, 61), (9, 59), (5, 70), (6, 35), (7, 98), (8, 72), (3, 11), (4, 65), (1, 41), (4, 74), (1, 50), (4, 83), (4, 92), (1, 68), (1, 77), (9, 27), (6, 3), (5, 47), (6, 12), (6, 21), (9, 54), (6, 30), (6, 39), (8, 67), (8, 85), (8, 94), (4, 42), (4, 51), (1, 45), (4, 78), (1, 54), (9, 4), (5, 15), (1, 63), (3, 91), (5, 33), (5, 42), (6, 7), (9, 40), (5, 51), (7, 79), (7, 97), (8, 62), (1, 22), (1, 31), (4, 64), (4, 73), (5, 1), (5, 10), (1, 58), (3, 86), (3, 95), (9, 26), (5, 37), (6, 2), (9, 35), (6, 11), (7, 65), (6, 20), (7, 74), (8, 48), (7, 92), (8, 57), (8, 75), (4, 23), (1, 8), (4, 41), (1, 17), (4, 50), (1, 26), (4, 59), (1, 44), (3, 72), (9, 3), (9, 12), (5, 32), (3, 99), (6, 6), (8, 25), (8, 43), (4, 18), (1, 12), (4, 45), (1, 21), (1, 39), (3, 58), (5, 0), (5, 9), (3, 76), (9, 7), (3, 85), (7, 55), (7, 64), (7, 73), (8, 56), (6, 86), (4, 13), (6, 95), (4, 40), (1, 16), (2, 70), (1, 25), (2, 79), (2, 88), (5, 4), (5, 13), (7, 32), (8, 6), (8, 24), (7, 68), (8, 33), (9, 87), (5, 98), (6, 72), (6, 99), (4, 26), (1, 2), (1, 11), (3, 39), (3, 48), (2, 92), (7, 18), (3, 66), (3, 75), (7, 36), (8, 1), (8, 19), (8, 28), (9, 82), (6, 76), (4, 3), (6, 85), (4, 12), (6, 94), (3, 43), (3, 52), (7, 40), (8, 5), (7, 49), (5, 79), (8, 23), (5, 88), (6, 53), (9, 86), (5, 97), (6, 62), (9, 95), (4, 16), (2, 46), (1, 1), (2, 64), (3, 56)}
Adjusting MOSEK solver parameters
MOSEK time limit set to 180s
Adding objective function for Lan
Initializing variables...
CALLBACK num variables : 760450
Adding ReLU constraints for layer 1
Adding ReLU constraints for layer 2
Adding ReLU constraints for layer 3
Adding ReLU constraints for layer 4
Adding ReLU constraints for layer 5
Adding ReLU constraints for layer 6
Adding ReLU constraints for layer 7
Adding ReLU constraints for layer 8
Adding ReLU constraints for layer 9
Adding quadratic bounds constraint
Adding quadratic bounds constraint for layer 0
Adding quadratic bounds constraint for layer 1
Adding quadratic bounds constraint for layer 2
Adding quadratic bounds constraint for layer 3
Adding quadratic bounds constraint for layer 4
Adding quadratic bounds constraint for layer 5
Adding quadratic bounds constraint for layer 6
Adding quadratic bounds constraint for layer 7
Adding quadratic bounds constraint for layer 8
Adding quadratic bounds constraint for layer 9
Adding RLT constraint (compact)
Indexes pruned for layer 1 : []
Indexes pruned for layer 2 : [0, 1, 2, 4, 8, 9, 11, 12, 13, 14, 16, 17, 18, 19, 21, 22, 24, 25, 26, 31, 32, 34, 38, 39, 41, 42, 44, 45, 47, 50, 51, 54, 55, 56, 57, 58, 61, 62, 63, 65, 66, 68, 71, 74, 75, 77, 78, 79, 80, 82, 83, 85, 87, 88, 89, 90, 91, 92, 95, 99]
Indexes pruned for layer 3 : [6, 7, 11, 20, 21, 24, 31, 38, 42, 44, 46, 47, 50, 53, 59, 61, 62, 64, 70, 71, 75, 79, 80, 86, 88, 92, 95]
Indexes pruned for layer 4 : [0, 1, 3, 4, 5, 6, 7, 8, 9, 11, 12, 13, 14, 15, 16, 17, 18, 22, 25, 27, 28, 37, 39, 40, 42, 43, 44, 45, 48, 49, 50, 52, 54, 55, 56, 58, 60, 63, 66, 70, 72, 73, 75, 76, 83, 84, 85, 86, 88, 91, 93, 95, 97, 99]
Indexes pruned for layer 5 : [0, 1, 3, 5, 9, 10, 11, 12, 13, 16, 18, 20, 23, 24, 26, 30, 34, 38, 39, 40, 41, 42, 43, 44, 45, 47, 49, 50, 51, 53, 58, 59, 61, 64, 65, 67, 68, 70, 72, 73, 74, 78, 79, 80, 81, 82, 83, 84, 85, 86, 87, 92, 97, 98, 99]
Indexes pruned for layer 6 : [0, 1, 2, 3, 4, 6, 8, 9, 10, 11, 13, 15, 17, 21, 22, 26, 27, 31, 32, 33, 34, 35, 36, 37, 39, 40, 41, 42, 44, 46, 47, 48, 51, 52, 54, 55, 58, 60, 61, 62, 63, 65, 66, 67, 68, 70, 72, 73, 74, 76, 77, 79, 81, 82, 83, 84, 85, 86, 87, 88, 90, 91, 92, 95, 96, 97, 98]
Indexes pruned for layer 7 : [0, 2, 3, 4, 6, 7, 8, 11, 12, 13, 14, 18, 20, 21, 22, 23, 27, 30, 34, 35, 36, 37, 38, 39, 41, 42, 47, 48, 53, 55, 56, 57, 59, 60, 61, 62, 64, 66, 68, 70, 72, 73, 74, 75, 76, 78, 79, 82, 83, 84, 85, 86, 87, 92, 93, 94, 95, 96, 97, 99]
Indexes pruned for layer 8 : [2, 3, 4, 6, 9, 11, 14, 17, 18, 19, 21, 23, 24, 26, 28, 29, 32, 33, 35, 36, 37, 39, 40, 43, 49, 55, 56, 57, 61, 62, 64, 65, 66, 68, 72, 73, 74, 75, 76, 79, 86, 90, 92, 95, 96, 97, 98]
Indexes pruned for layer 9 : [1, 2, 4, 5, 6, 7, 9, 13, 16, 17, 18, 19, 23, 24, 25, 26, 27, 28, 31, 32, 33, 36, 43, 44, 48, 49, 50, 51, 55, 56, 57, 59, 60, 62, 65, 67, 68, 70, 72, 74, 75, 78, 82, 83, 84, 85, 86, 87, 88, 91, 93, 94, 95, 96, 98]
CALLBACK : RLT (compact) = 49538 (dont 0 en repli chemin lent)
Adding rec matrices constraint
Number of constraints for the matrix by layers: 375 for 10 layers, [784 100 100 100 100 100 100 100 100 100  10] neurons, boundary layers: [1, 2, 3, 4, 5, 6, 7, 8]
Adding first term equal zero constraint
CALLBACK : Ending constraints. Total number of constraints :  151937
Cuts in _write_presolve_row:  ['RLT', 'triangularization']
Number of constraints before optimization:  151937
Number of variables before optimization:  760450
All possible cuts:  ['RLT', 'triangularization', 'McCormick_beta_z', 'beta_logits_comparaison', 'beta_logits_comparaison_big_M', 'sum_beta_logits_equal_logit']
Cuts added to dic for _write_presolve_row:  {'RLT': True, 'triangularization': True, 'McCormick_beta_z': False, 'beta_logits_comparaison': False, 'beta_logits_comparaison_big_M': False, 'sum_beta_logits_equal_logit': False}
Writing pre-solve row to results.csv with data_index: 84 target: 6
Pre-solve row written to results.csv with data_index: 84 target: 6
Pre-solve row written to results.csv with 151937 constraints and 760450 variables.
INFO     01:05:54     [objective_classic.py:97] Adding Objective to the task
CALLBACK : Number of constraints : 151937
[conic bundle] factor=0.01 x 148614 contraintes dualisables candidates => 1486 reellement dualisees (les 147128 autres relachees mais jamais penalisees)
  [cb_native dynamic calibration] h(0)=10.439856 pool_initial=5/1486
[cb_native dynamic] h(0)=10.439856 > positivity_threshold=1e-06 -- arret immediat (stop_when_positive).
[conic bundle] data_index=84 target=6 optimal_value=10.439856309316058 n_iter=0 (74.56s)
Initializing TargetedSDP...
Creating list of ytargets...
K :  10
self.n :  [784 100 100 100 100 100 100 100 100 100  10]
Getting to compute bounds...
STUDY : use active neurons:  True use inactive neurons:  False
STUDY : Nb Stable neurons :  469
Number of cuts to test: 1
Cuts to test: [['RLT', 'triangularization']]
Initializing MosekClassicHandler

 
 folder name dans handler:  /lustre/fswork/projects/rech/llc/uvq13au/FastSDPCertification/results/benchmark/9x100-0.026/2026_10_02_00h37_33s_battery-targeted-rlt-cert
LAST_LAYER in resolve_layer_groups :  False
K :  10
CHORDAL_DECOMPOSITION  in resolve layer groups:  True
INPUT_IN_VARIABLES in resolve_layer_groups :  True
Taille de la matrice pour le groupe 0 [0, 1] : 824
Taille de la matrice pour le groupe 1 [1, 2] : 113
Taille de la matrice pour le groupe 2 [2, 3] : 119
Taille de la matrice pour le groupe 3 [3, 4] : 91
Taille de la matrice pour le groupe 4 [4, 5] : 78
Taille de la matrice pour le groupe 5 [5, 6] : 73
Taille de la matrice pour le groupe 6 [6, 7] : 93
Taille de la matrice pour le groupe 7 [7, 8] : 98
Taille de la matrice pour le groupe 8 [8, 9] : 101
Neurones stables actives:  set()
Neurones stables inactives:  {(7, 17), (1, 95), (7, 26), (7, 35), (5, 65), (8, 9), (5, 74), (8, 18), (9, 72), (5, 83), (6, 48), (5, 92), (6, 57), (9, 90), (6, 66), (9, 99), (6, 75), (6, 84), (3, 6), (2, 50), (3, 15), (2, 59), (4, 87), (3, 42), (7, 3), (1, 90), (7, 21), (1, 99), (5, 60), (8, 4), (6, 34), (9, 67), (9, 76), (5, 87), (5, 96), (6, 61), (6, 70), (8, 98), (3, 1), (3, 28), (4, 82), (3, 37), (1, 85), (5, 46), (9, 44), (5, 55), (9, 53), (5, 73), (6, 38), (5, 82), (6, 47), (6, 56), (8, 84), (8, 93), (2, 31), (3, 5), (3, 14), (4, 68), (4, 86), (1, 62), (1, 71), (7, 2), (1, 80), (7, 11), (9, 30), (5, 41), (1, 89), (9, 39), (5, 68), (5, 77), (6, 42), (7, 96), (8, 70), (8, 88), (3, 0), (3, 9), (3, 18), (4, 72), (4, 81), (1, 57), (1, 66), (4, 99), (5, 27), (1, 75), (9, 25), (5, 36), (9, 34), (5, 54), (9, 52), (5, 63), (6, 37), (8, 65), (8, 74), (8, 83), (2, 21), (4, 49), (3, 4), (4, 58), (1, 34), (4, 67), (4, 85), (1, 61), (9, 11), (5, 22), (5, 31), (9, 29), (5, 40), (9, 38), (6, 14), (9, 47), (5, 58), (6, 23), (7, 86), (8, 51), (7, 95), (8, 60), (8, 78), (2, 7), (8, 87), (4, 44), (4, 53), (1, 38), (1, 47), (4, 80), (5, 8), (1, 56), (5, 17), (1, 65), (3, 84), (9, 15), (5, 26), (3, 93), (5, 35), (6, 0), (9, 33), (5, 44), (6, 18), (7, 72), (7, 90), (8, 55), (8, 82), (2, 11), (4, 30), (4, 39), (1, 24), (1, 42), (5, 3), (1, 51), (3, 70), (5, 21), (3, 88), (9, 19), (3, 97), (5, 39), (6, 4), (6, 13), (8, 32), (7, 76), (8, 50), (8, 59), (8, 68), (4, 34), (4, 43), (1, 19), (4, 61), (3, 83), (7, 62), (8, 27), (8, 36), (4, 11), (6, 93), (4, 20), (4, 38), (1, 14), (4, 47), (1, 32), (2, 86), (2, 95), (3, 60), (5, 2), (5, 11), (7, 39), (8, 13), (7, 57), (7, 66), (8, 31), (7, 75), (8, 49), (6, 79), (6, 97), (4, 24), (1, 0), (1, 9), (1, 18), (3, 55), (5, 6), (3, 73), (7, 43), (8, 17), (7, 61), (8, 26), (5, 91), (8, 44), (9, 98), (6, 74), (4, 1), (6, 83), (4, 10), (6, 92), (1, 4), (1, 13), (3, 50), (7, 29), (7, 56), (9, 75), (5, 86), (5, 95), (6, 60), (9, 93), (6, 78), (4, 5), (6, 87), (6, 96), (2, 44), (2, 53), (2, 62), (3, 27), (2, 71), (2, 80), (3, 45), (7, 6), (3, 54), (3, 63), (7, 24), (7, 33), (8, 7), (5, 72), (8, 16), (9, 70), (5, 81), (9, 79), (5, 90), (6, 55), (6, 64), (6, 73), (4, 0), (6, 82), (4, 9), (3, 13), (3, 22), (2, 75), (3, 40), (3, 49), (1, 79), (1, 88), (7, 19), (7, 28), (7, 37), (8, 2), (9, 56), (5, 67), (9, 65), (5, 76), (6, 41), (9, 74), (5, 85), (9, 83), (6, 59), (6, 68), (8, 96), (3, 8), (3, 17), (2, 61), (3, 44), (4, 98), (1, 74), (1, 83), (7, 14), (1, 92), (7, 23), (5, 62), (6, 27), (6, 36), (8, 91), (2, 20), (2, 38), (3, 3), (2, 47), (3, 12), (4, 84), (1, 78), (7, 9), (1, 87), (9, 37), (5, 48), (9, 46), (6, 22), (5, 66), (5, 84), (2, 6), (8, 86), (8, 95), (2, 24), (2, 42), (3, 7), (3, 16), (4, 70), (3, 25), (4, 79), (1, 55), (4, 97), (7, 4), (5, 34), (1, 82), (1, 91), (6, 8), (5, 52), (5, 61), (9, 59), (5, 70), (6, 35), (7, 98), (8, 72), (3, 11), (4, 65), (1, 41), (4, 74), (1, 50), (4, 83), (4, 92), (1, 68), (1, 77), (9, 27), (6, 3), (5, 47), (6, 12), (6, 21), (9, 54), (6, 30), (6, 39), (8, 67), (8, 85), (8, 94), (4, 42), (4, 51), (1, 45), (4, 78), (1, 54), (9, 4), (5, 15), (1, 63), (3, 91), (5, 33), (5, 42), (6, 7), (9, 40), (5, 51), (7, 79), (7, 97), (8, 62), (1, 22), (1, 31), (4, 64), (4, 73), (5, 1), (5, 10), (1, 58), (3, 86), (3, 95), (9, 26), (5, 37), (6, 2), (9, 35), (6, 11), (7, 65), (6, 20), (7, 74), (8, 48), (7, 92), (8, 57), (8, 75), (4, 23), (1, 8), (4, 41), (1, 17), (4, 50), (1, 26), (4, 59), (1, 44), (3, 72), (9, 3), (9, 12), (5, 32), (3, 99), (6, 6), (8, 25), (8, 43), (4, 18), (1, 12), (4, 45), (1, 21), (1, 39), (3, 58), (5, 0), (5, 9), (3, 76), (9, 7), (3, 85), (7, 55), (7, 64), (7, 73), (8, 56), (6, 86), (4, 13), (6, 95), (4, 40), (1, 16), (2, 70), (1, 25), (2, 79), (2, 88), (5, 4), (5, 13), (7, 32), (8, 6), (8, 24), (7, 68), (8, 33), (9, 87), (5, 98), (6, 72), (6, 99), (4, 26), (1, 2), (1, 11), (3, 39), (3, 48), (2, 92), (7, 18), (3, 66), (3, 75), (7, 36), (8, 1), (8, 19), (8, 28), (9, 82), (6, 76), (4, 3), (6, 85), (4, 12), (6, 94), (3, 43), (3, 52), (7, 40), (8, 5), (7, 49), (5, 79), (8, 23), (5, 88), (6, 53), (9, 86), (5, 97), (6, 62), (9, 95), (4, 16), (2, 46), (1, 1), (2, 64), (3, 56)}
Adjusting MOSEK solver parameters
MOSEK time limit set to 180s
Adding objective function for Lan
Initializing variables...
CALLBACK num variables : 760450
Adding ReLU constraints for layer 1
Adding ReLU constraints for layer 2
Adding ReLU constraints for layer 3
Adding ReLU constraints for layer 4
Adding ReLU constraints for layer 5
Adding ReLU constraints for layer 6
Adding ReLU constraints for layer 7
Adding ReLU constraints for layer 8
Adding ReLU constraints for layer 9
Adding quadratic bounds constraint
Adding quadratic bounds constraint for layer 0
Adding quadratic bounds constraint for layer 1
Adding quadratic bounds constraint for layer 2
Adding quadratic bounds constraint for layer 3
Adding quadratic bounds constraint for layer 4
Adding quadratic bounds constraint for layer 5
Adding quadratic bounds constraint for layer 6
Adding quadratic bounds constraint for layer 7
Adding quadratic bounds constraint for layer 8
Adding quadratic bounds constraint for layer 9
Adding RLT constraint (compact)
Indexes pruned for layer 1 : []
Indexes pruned for layer 2 : [0, 1, 2, 4, 8, 9, 11, 12, 13, 14, 16, 17, 18, 19, 21, 22, 24, 25, 26, 31, 32, 34, 38, 39, 41, 42, 44, 45, 47, 50, 51, 54, 55, 56, 57, 58, 61, 62, 63, 65, 66, 68, 71, 74, 75, 77, 78, 79, 80, 82, 83, 85, 87, 88, 89, 90, 91, 92, 95, 99]
Indexes pruned for layer 3 : [6, 7, 11, 20, 21, 24, 31, 38, 42, 44, 46, 47, 50, 53, 59, 61, 62, 64, 70, 71, 75, 79, 80, 86, 88, 92, 95]
Indexes pruned for layer 4 : [0, 1, 3, 4, 5, 6, 7, 8, 9, 11, 12, 13, 14, 15, 16, 17, 18, 22, 25, 27, 28, 37, 39, 40, 42, 43, 44, 45, 48, 49, 50, 52, 54, 55, 56, 58, 60, 63, 66, 70, 72, 73, 75, 76, 83, 84, 85, 86, 88, 91, 93, 95, 97, 99]
Indexes pruned for layer 5 : [0, 1, 3, 5, 9, 10, 11, 12, 13, 16, 18, 20, 23, 24, 26, 30, 34, 38, 39, 40, 41, 42, 43, 44, 45, 47, 49, 50, 51, 53, 58, 59, 61, 64, 65, 67, 68, 70, 72, 73, 74, 78, 79, 80, 81, 82, 83, 84, 85, 86, 87, 92, 97, 98, 99]
Indexes pruned for layer 6 : [0, 1, 2, 3, 4, 6, 8, 9, 10, 11, 13, 15, 17, 21, 22, 26, 27, 31, 32, 33, 34, 35, 36, 37, 39, 40, 41, 42, 44, 46, 47, 48, 51, 52, 54, 55, 58, 60, 61, 62, 63, 65, 66, 67, 68, 70, 72, 73, 74, 76, 77, 79, 81, 82, 83, 84, 85, 86, 87, 88, 90, 91, 92, 95, 96, 97, 98]
Indexes pruned for layer 7 : [0, 2, 3, 4, 6, 7, 8, 11, 12, 13, 14, 18, 20, 21, 22, 23, 27, 30, 34, 35, 36, 37, 38, 39, 41, 42, 47, 48, 53, 55, 56, 57, 59, 60, 61, 62, 64, 66, 68, 70, 72, 73, 74, 75, 76, 78, 79, 82, 83, 84, 85, 86, 87, 92, 93, 94, 95, 96, 97, 99]
Indexes pruned for layer 8 : [2, 3, 4, 6, 9, 11, 14, 17, 18, 19, 21, 23, 24, 26, 28, 29, 32, 33, 35, 36, 37, 39, 40, 43, 49, 55, 56, 57, 61, 62, 64, 65, 66, 68, 72, 73, 74, 75, 76, 79, 86, 90, 92, 95, 96, 97, 98]
Indexes pruned for layer 9 : [1, 2, 4, 5, 6, 7, 9, 13, 16, 17, 18, 19, 23, 24, 25, 26, 27, 28, 31, 32, 33, 36, 43, 44, 48, 49, 50, 51, 55, 56, 57, 59, 60, 62, 65, 67, 68, 70, 72, 74, 75, 78, 82, 83, 84, 85, 86, 87, 88, 91, 93, 94, 95, 96, 98]
CALLBACK : RLT (compact) = 49538 (dont 0 en repli chemin lent)
Adding rec matrices constraint
Number of constraints for the matrix by layers: 375 for 10 layers, [784 100 100 100 100 100 100 100 100 100  10] neurons, boundary layers: [1, 2, 3, 4, 5, 6, 7, 8]
Adding first term equal zero constraint
CALLBACK : Ending constraints. Total number of constraints :  151937
Cuts in _write_presolve_row:  ['RLT', 'triangularization']
Number of constraints before optimization:  151937
Number of variables before optimization:  760450
All possible cuts:  ['RLT', 'triangularization', 'McCormick_beta_z', 'beta_logits_comparaison', 'beta_logits_comparaison_big_M', 'sum_beta_logits_equal_logit']
Cuts added to dic for _write_presolve_row:  {'RLT': True, 'triangularization': True, 'McCormick_beta_z': False, 'beta_logits_comparaison': False, 'beta_logits_comparaison_big_M': False, 'sum_beta_logits_equal_logit': False}
Writing pre-solve row to results.csv with data_index: 84 target: 7
Pre-solve row written to results.csv with data_index: 84 target: 7
Pre-solve row written to results.csv with 151937 constraints and 760450 variables.
INFO     01:07:10     [objective_classic.py:97] Adding Objective to the task
CALLBACK : Number of constraints : 151937
[conic bundle] factor=0.01 x 148614 contraintes dualisables candidates => 1486 reellement dualisees (les 147128 autres relachees mais jamais penalisees)
  [cb_native dynamic calibration] h(0)=1.830584 pool_initial=43/1486
[cb_native dynamic] h(0)=1.830584 > positivity_threshold=1e-06 -- arret immediat (stop_when_positive).
[conic bundle] data_index=84 target=7 optimal_value=1.8305835433968922 n_iter=0 (89.48s)
Initializing TargetedSDP...
Creating list of ytargets...
K :  10
self.n :  [784 100 100 100 100 100 100 100 100 100  10]
Getting to compute bounds...
STUDY : use active neurons:  True use inactive neurons:  False
STUDY : Nb Stable neurons :  469
Number of cuts to test: 1
Cuts to test: [['RLT', 'triangularization']]
Initializing MosekClassicHandler

 
 folder name dans handler:  /lustre/fswork/projects/rech/llc/uvq13au/FastSDPCertification/results/benchmark/9x100-0.026/2026_10_02_00h37_33s_battery-targeted-rlt-cert
LAST_LAYER in resolve_layer_groups :  False
K :  10
CHORDAL_DECOMPOSITION  in resolve layer groups:  True
INPUT_IN_VARIABLES in resolve_layer_groups :  True
Taille de la matrice pour le groupe 0 [0, 1] : 824
Taille de la matrice pour le groupe 1 [1, 2] : 113
Taille de la matrice pour le groupe 2 [2, 3] : 119
Taille de la matrice pour le groupe 3 [3, 4] : 91
Taille de la matrice pour le groupe 4 [4, 5] : 78
Taille de la matrice pour le groupe 5 [5, 6] : 73
Taille de la matrice pour le groupe 6 [6, 7] : 93
Taille de la matrice pour le groupe 7 [7, 8] : 98
Taille de la matrice pour le groupe 8 [8, 9] : 101
Neurones stables actives:  set()
Neurones stables inactives:  {(7, 17), (1, 95), (7, 26), (7, 35), (5, 65), (8, 9), (5, 74), (8, 18), (9, 72), (5, 83), (6, 48), (5, 92), (6, 57), (9, 90), (6, 66), (9, 99), (6, 75), (6, 84), (3, 6), (2, 50), (3, 15), (2, 59), (4, 87), (3, 42), (7, 3), (1, 90), (7, 21), (1, 99), (5, 60), (8, 4), (6, 34), (9, 67), (9, 76), (5, 87), (5, 96), (6, 61), (6, 70), (8, 98), (3, 1), (3, 28), (4, 82), (3, 37), (1, 85), (5, 46), (9, 44), (5, 55), (9, 53), (5, 73), (6, 38), (5, 82), (6, 47), (6, 56), (8, 84), (8, 93), (2, 31), (3, 5), (3, 14), (4, 68), (4, 86), (1, 62), (1, 71), (7, 2), (1, 80), (7, 11), (9, 30), (5, 41), (1, 89), (9, 39), (5, 68), (5, 77), (6, 42), (7, 96), (8, 70), (8, 88), (3, 0), (3, 9), (3, 18), (4, 72), (4, 81), (1, 57), (1, 66), (4, 99), (5, 27), (1, 75), (9, 25), (5, 36), (9, 34), (5, 54), (9, 52), (5, 63), (6, 37), (8, 65), (8, 74), (8, 83), (2, 21), (4, 49), (3, 4), (4, 58), (1, 34), (4, 67), (4, 85), (1, 61), (9, 11), (5, 22), (5, 31), (9, 29), (5, 40), (9, 38), (6, 14), (9, 47), (5, 58), (6, 23), (7, 86), (8, 51), (7, 95), (8, 60), (8, 78), (2, 7), (8, 87), (4, 44), (4, 53), (1, 38), (1, 47), (4, 80), (5, 8), (1, 56), (5, 17), (1, 65), (3, 84), (9, 15), (5, 26), (3, 93), (5, 35), (6, 0), (9, 33), (5, 44), (6, 18), (7, 72), (7, 90), (8, 55), (8, 82), (2, 11), (4, 30), (4, 39), (1, 24), (1, 42), (5, 3), (1, 51), (3, 70), (5, 21), (3, 88), (9, 19), (3, 97), (5, 39), (6, 4), (6, 13), (8, 32), (7, 76), (8, 50), (8, 59), (8, 68), (4, 34), (4, 43), (1, 19), (4, 61), (3, 83), (7, 62), (8, 27), (8, 36), (4, 11), (6, 93), (4, 20), (4, 38), (1, 14), (4, 47), (1, 32), (2, 86), (2, 95), (3, 60), (5, 2), (5, 11), (7, 39), (8, 13), (7, 57), (7, 66), (8, 31), (7, 75), (8, 49), (6, 79), (6, 97), (4, 24), (1, 0), (1, 9), (1, 18), (3, 55), (5, 6), (3, 73), (7, 43), (8, 17), (7, 61), (8, 26), (5, 91), (8, 44), (9, 98), (6, 74), (4, 1), (6, 83), (4, 10), (6, 92), (1, 4), (1, 13), (3, 50), (7, 29), (7, 56), (9, 75), (5, 86), (5, 95), (6, 60), (9, 93), (6, 78), (4, 5), (6, 87), (6, 96), (2, 44), (2, 53), (2, 62), (3, 27), (2, 71), (2, 80), (3, 45), (7, 6), (3, 54), (3, 63), (7, 24), (7, 33), (8, 7), (5, 72), (8, 16), (9, 70), (5, 81), (9, 79), (5, 90), (6, 55), (6, 64), (6, 73), (4, 0), (6, 82), (4, 9), (3, 13), (3, 22), (2, 75), (3, 40), (3, 49), (1, 79), (1, 88), (7, 19), (7, 28), (7, 37), (8, 2), (9, 56), (5, 67), (9, 65), (5, 76), (6, 41), (9, 74), (5, 85), (9, 83), (6, 59), (6, 68), (8, 96), (3, 8), (3, 17), (2, 61), (3, 44), (4, 98), (1, 74), (1, 83), (7, 14), (1, 92), (7, 23), (5, 62), (6, 27), (6, 36), (8, 91), (2, 20), (2, 38), (3, 3), (2, 47), (3, 12), (4, 84), (1, 78), (7, 9), (1, 87), (9, 37), (5, 48), (9, 46), (6, 22), (5, 66), (5, 84), (2, 6), (8, 86), (8, 95), (2, 24), (2, 42), (3, 7), (3, 16), (4, 70), (3, 25), (4, 79), (1, 55), (4, 97), (7, 4), (5, 34), (1, 82), (1, 91), (6, 8), (5, 52), (5, 61), (9, 59), (5, 70), (6, 35), (7, 98), (8, 72), (3, 11), (4, 65), (1, 41), (4, 74), (1, 50), (4, 83), (4, 92), (1, 68), (1, 77), (9, 27), (6, 3), (5, 47), (6, 12), (6, 21), (9, 54), (6, 30), (6, 39), (8, 67), (8, 85), (8, 94), (4, 42), (4, 51), (1, 45), (4, 78), (1, 54), (9, 4), (5, 15), (1, 63), (3, 91), (5, 33), (5, 42), (6, 7), (9, 40), (5, 51), (7, 79), (7, 97), (8, 62), (1, 22), (1, 31), (4, 64), (4, 73), (5, 1), (5, 10), (1, 58), (3, 86), (3, 95), (9, 26), (5, 37), (6, 2), (9, 35), (6, 11), (7, 65), (6, 20), (7, 74), (8, 48), (7, 92), (8, 57), (8, 75), (4, 23), (1, 8), (4, 41), (1, 17), (4, 50), (1, 26), (4, 59), (1, 44), (3, 72), (9, 3), (9, 12), (5, 32), (3, 99), (6, 6), (8, 25), (8, 43), (4, 18), (1, 12), (4, 45), (1, 21), (1, 39), (3, 58), (5, 0), (5, 9), (3, 76), (9, 7), (3, 85), (7, 55), (7, 64), (7, 73), (8, 56), (6, 86), (4, 13), (6, 95), (4, 40), (1, 16), (2, 70), (1, 25), (2, 79), (2, 88), (5, 4), (5, 13), (7, 32), (8, 6), (8, 24), (7, 68), (8, 33), (9, 87), (5, 98), (6, 72), (6, 99), (4, 26), (1, 2), (1, 11), (3, 39), (3, 48), (2, 92), (7, 18), (3, 66), (3, 75), (7, 36), (8, 1), (8, 19), (8, 28), (9, 82), (6, 76), (4, 3), (6, 85), (4, 12), (6, 94), (3, 43), (3, 52), (7, 40), (8, 5), (7, 49), (5, 79), (8, 23), (5, 88), (6, 53), (9, 86), (5, 97), (6, 62), (9, 95), (4, 16), (2, 46), (1, 1), (2, 64), (3, 56)}
Adjusting MOSEK solver parameters
MOSEK time limit set to 180s
Adding objective function for Lan
Initializing variables...
CALLBACK num variables : 760450
Adding ReLU constraints for layer 1
Adding ReLU constraints for layer 2
Adding ReLU constraints for layer 3
Adding ReLU constraints for layer 4
Adding ReLU constraints for layer 5
Adding ReLU constraints for layer 6
Adding ReLU constraints for layer 7
Adding ReLU constraints for layer 8
Adding ReLU constraints for layer 9
Adding quadratic bounds constraint
Adding quadratic bounds constraint for layer 0
Adding quadratic bounds constraint for layer 1
Adding quadratic bounds constraint for layer 2
Adding quadratic bounds constraint for layer 3
Adding quadratic bounds constraint for layer 4
Adding quadratic bounds constraint for layer 5
Adding quadratic bounds constraint for layer 6
Adding quadratic bounds constraint for layer 7
Adding quadratic bounds constraint for layer 8
Adding quadratic bounds constraint for layer 9
Adding RLT constraint (compact)
Indexes pruned for layer 1 : []
Indexes pruned for layer 2 : [0, 1, 2, 4, 8, 9, 11, 12, 13, 14, 16, 17, 18, 19, 21, 22, 24, 25, 26, 31, 32, 34, 38, 39, 41, 42, 44, 45, 47, 50, 51, 54, 55, 56, 57, 58, 61, 62, 63, 65, 66, 68, 71, 74, 75, 77, 78, 79, 80, 82, 83, 85, 87, 88, 89, 90, 91, 92, 95, 99]
Indexes pruned for layer 3 : [6, 7, 11, 20, 21, 24, 31, 38, 42, 44, 46, 47, 50, 53, 59, 61, 62, 64, 70, 71, 75, 79, 80, 86, 88, 92, 95]
Indexes pruned for layer 4 : [0, 1, 3, 4, 5, 6, 7, 8, 9, 11, 12, 13, 14, 15, 16, 17, 18, 22, 25, 27, 28, 37, 39, 40, 42, 43, 44, 45, 48, 49, 50, 52, 54, 55, 56, 58, 60, 63, 66, 70, 72, 73, 75, 76, 83, 84, 85, 86, 88, 91, 93, 95, 97, 99]
Indexes pruned for layer 5 : [0, 1, 3, 5, 9, 10, 11, 12, 13, 16, 18, 20, 23, 24, 26, 30, 34, 38, 39, 40, 41, 42, 43, 44, 45, 47, 49, 50, 51, 53, 58, 59, 61, 64, 65, 67, 68, 70, 72, 73, 74, 78, 79, 80, 81, 82, 83, 84, 85, 86, 87, 92, 97, 98, 99]
Indexes pruned for layer 6 : [0, 1, 2, 3, 4, 6, 8, 9, 10, 11, 13, 15, 17, 21, 22, 26, 27, 31, 32, 33, 34, 35, 36, 37, 39, 40, 41, 42, 44, 46, 47, 48, 51, 52, 54, 55, 58, 60, 61, 62, 63, 65, 66, 67, 68, 70, 72, 73, 74, 76, 77, 79, 81, 82, 83, 84, 85, 86, 87, 88, 90, 91, 92, 95, 96, 97, 98]
Indexes pruned for layer 7 : [0, 2, 3, 4, 6, 7, 8, 11, 12, 13, 14, 18, 20, 21, 22, 23, 27, 30, 34, 35, 36, 37, 38, 39, 41, 42, 47, 48, 53, 55, 56, 57, 59, 60, 61, 62, 64, 66, 68, 70, 72, 73, 74, 75, 76, 78, 79, 82, 83, 84, 85, 86, 87, 92, 93, 94, 95, 96, 97, 99]
Indexes pruned for layer 8 : [2, 3, 4, 6, 9, 11, 14, 17, 18, 19, 21, 23, 24, 26, 28, 29, 32, 33, 35, 36, 37, 39, 40, 43, 49, 55, 56, 57, 61, 62, 64, 65, 66, 68, 72, 73, 74, 75, 76, 79, 86, 90, 92, 95, 96, 97, 98]
Indexes pruned for layer 9 : [1, 2, 4, 5, 6, 7, 9, 13, 16, 17, 18, 19, 23, 24, 25, 26, 27, 28, 31, 32, 33, 36, 43, 44, 48, 49, 50, 51, 55, 56, 57, 59, 60, 62, 65, 67, 68, 70, 72, 74, 75, 78, 82, 83, 84, 85, 86, 87, 88, 91, 93, 94, 95, 96, 98]
CALLBACK : RLT (compact) = 49538 (dont 0 en repli chemin lent)
Adding rec matrices constraint
Number of constraints for the matrix by layers: 375 for 10 layers, [784 100 100 100 100 100 100 100 100 100  10] neurons, boundary layers: [1, 2, 3, 4, 5, 6, 7, 8]
Adding first term equal zero constraint
CALLBACK : Ending constraints. Total number of constraints :  151937
Cuts in _write_presolve_row:  ['RLT', 'triangularization']
Number of constraints before optimization:  151937
Number of variables before optimization:  760450
All possible cuts:  ['RLT', 'triangularization', 'McCormick_beta_z', 'beta_logits_comparaison', 'beta_logits_comparaison_big_M', 'sum_beta_logits_equal_logit']
Cuts added to dic for _write_presolve_row:  {'RLT': True, 'triangularization': True, 'McCormick_beta_z': False, 'beta_logits_comparaison': False, 'beta_logits_comparaison_big_M': False, 'sum_beta_logits_equal_logit': False}
Writing pre-solve row to results.csv with data_index: 84 target: 9
Pre-solve row written to results.csv with data_index: 84 target: 9
Pre-solve row written to results.csv with 151937 constraints and 760450 variables.
INFO     01:08:42     [objective_classic.py:97] Adding Objective to the task
CALLBACK : Number of constraints : 151937
[conic bundle] factor=0.01 x 148614 contraintes dualisables candidates => 1486 reellement dualisees (les 147128 autres relachees mais jamais penalisees)
  [cb_native dynamic calibration] h(0)=0.309594 pool_initial=24/1486
[cb_native dynamic] h(0)=0.309594 > positivity_threshold=1e-06 -- arret immediat (stop_when_positive).
[conic bundle] data_index=84 target=9 optimal_value=0.3095941963911003 n_iter=0 (91.50s)
Initializing TargetedSDP...
Creating list of ytargets...
K :  10
self.n :  [784 100 100 100 100 100 100 100 100 100  10]
Getting to compute bounds...
STUDY : use active neurons:  True use inactive neurons:  False
STUDY : Nb Stable neurons :  475
Number of cuts to test: 1
Cuts to test: [['RLT', 'triangularization']]
Initializing MosekClassicHandler

 
 folder name dans handler:  /lustre/fswork/projects/rech/llc/uvq13au/FastSDPCertification/results/benchmark/9x100-0.026/2026_10_02_00h37_33s_battery-targeted-rlt-cert
LAST_LAYER in resolve_layer_groups :  False
K :  10
CHORDAL_DECOMPOSITION  in resolve layer groups:  True
INPUT_IN_VARIABLES in resolve_layer_groups :  True
Taille de la matrice pour le groupe 0 [0, 1] : 824
Taille de la matrice pour le groupe 1 [1, 2] : 110
Taille de la matrice pour le groupe 2 [2, 3] : 118
Taille de la matrice pour le groupe 3 [3, 4] : 92
Taille de la matrice pour le groupe 4 [4, 5] : 83
Taille de la matrice pour le groupe 5 [5, 6] : 77
Taille de la matrice pour le groupe 6 [6, 7] : 89
Taille de la matrice pour le groupe 7 [7, 8] : 94
Taille de la matrice pour le groupe 8 [8, 9] : 95
Neurones stables actives:  set()
Neurones stables inactives:  {(7, 17), (1, 95), (7, 26), (5, 65), (8, 9), (5, 74), (8, 18), (9, 72), (5, 83), (6, 48), (5, 92), (6, 57), (9, 90), (6, 66), (9, 99), (6, 75), (4, 2), (6, 84), (3, 6), (2, 50), (3, 15), (2, 59), (4, 87), (3, 42), (7, 3), (1, 81), (1, 90), (7, 21), (9, 49), (5, 60), (8, 4), (5, 69), (6, 34), (9, 67), (9, 76), (5, 87), (5, 96), (6, 61), (6, 70), (3, 1), (2, 54), (3, 28), (4, 82), (3, 37), (1, 85), (5, 46), (9, 44), (5, 55), (5, 73), (6, 38), (6, 47), (8, 84), (8, 93), (2, 31), (2, 40), (3, 5), (3, 14), (4, 68), (1, 53), (4, 86), (4, 95), (1, 71), (7, 2), (1, 80), (7, 11), (9, 30), (5, 41), (9, 39), (5, 68), (9, 66), (5, 77), (6, 42), (7, 96), (8, 70), (8, 79), (8, 88), (2, 17), (3, 0), (3, 9), (4, 72), (4, 81), (1, 57), (4, 90), (1, 66), (4, 99), (5, 27), (1, 75), (9, 25), (5, 36), (9, 34), (5, 54), (6, 19), (9, 52), (5, 63), (6, 28), (6, 37), (8, 65), (8, 74), (8, 83), (4, 49), (4, 58), (1, 34), (1, 61), (9, 11), (5, 22), (1, 70), (9, 20), (5, 31), (9, 29), (5, 40), (6, 5), (9, 38), (9, 47), (6, 23), (7, 86), (8, 51), (7, 95), (8, 60), (8, 78), (2, 7), (8, 87), (4, 44), (1, 38), (1, 47), (4, 80), (5, 8), (1, 56), (5, 17), (1, 65), (3, 84), (9, 15), (5, 26), (3, 93), (5, 35), (6, 0), (9, 33), (5, 44), (7, 63), (6, 18), (7, 72), (7, 90), (8, 55), (8, 82), (2, 11), (4, 30), (4, 39), (1, 24), (1, 42), (5, 3), (3, 70), (5, 21), (3, 88), (9, 19), (5, 39), (6, 4), (6, 13), (8, 32), (7, 76), (8, 50), (8, 59), (8, 68), (4, 34), (4, 43), (1, 19), (1, 28), (4, 61), (3, 65), (3, 83), (9, 14), (7, 62), (8, 27), (8, 36), (4, 11), (6, 93), (4, 20), (4, 38), (1, 14), (4, 47), (1, 32), (2, 86), (2, 95), (3, 60), (5, 2), (5, 11), (3, 78), (7, 39), (8, 13), (7, 57), (7, 66), (8, 31), (7, 75), (8, 49), (6, 79), (6, 97), (4, 24), (1, 9), (1, 18), (5, 6), (3, 73), (7, 43), (8, 17), (7, 61), (8, 26), (8, 44), (9, 98), (6, 74), (4, 1), (6, 83), (6, 92), (1, 4), (1, 13), (2, 85), (3, 50), (7, 29), (7, 56), (8, 21), (9, 75), (5, 86), (9, 84), (6, 60), (9, 93), (6, 78), (4, 5), (6, 87), (6, 96), (2, 44), (2, 62), (3, 27), (2, 71), (2, 80), (3, 45), (7, 6), (3, 54), (3, 63), (7, 24), (7, 33), (8, 7), (5, 72), (8, 16), (9, 70), (5, 81), (9, 79), (5, 90), (6, 55), (6, 64), (6, 73), (4, 0), (6, 82), (4, 9), (3, 13), (3, 22), (2, 75), (3, 49), (1, 79), (7, 19), (7, 28), (7, 37), (8, 2), (9, 56), (9, 65), (5, 76), (6, 41), (9, 74), (5, 85), (6, 50), (9, 83), (6, 59), (6, 68), (8, 96), (3, 8), (3, 17), (2, 61), (3, 44), (4, 98), (1, 74), (1, 83), (7, 14), (1, 92), (7, 23), (5, 62), (6, 27), (6, 36), (6, 45), (8, 91), (2, 20), (2, 38), (3, 3), (2, 47), (3, 12), (4, 84), (1, 60), (1, 69), (1, 78), (7, 9), (1, 87), (9, 37), (5, 48), (9, 46), (5, 57), (6, 22), (5, 66), (9, 64), (5, 84), (2, 6), (8, 86), (8, 95), (2, 24), (3, 7), (3, 16), (4, 70), (3, 25), (4, 79), (1, 55), (4, 88), (4, 97), (7, 4), (1, 82), (5, 43), (1, 91), (6, 8), (5, 52), (6, 17), (5, 61), (9, 59), (5, 70), (6, 35), (7, 98), (8, 72), (3, 11), (4, 65), (1, 41), (4, 74), (1, 50), (4, 83), (1, 59), (4, 92), (1, 68), (1, 77), (9, 27), (6, 3), (6, 12), (6, 21), (9, 54), (6, 30), (6, 39), (8, 67), (8, 85), (8, 94), (4, 42), (4, 51), (1, 27), (1, 36), (1, 45), (4, 78), (9, 4), (5, 15), (1, 63), (3, 91), (5, 33), (5, 42), (6, 7), (9, 40), (5, 51), (7, 79), (7, 97), (8, 62), (8, 89), (2, 18), (1, 22), (4, 55), (1, 31), (4, 64), (4, 73), (5, 1), (5, 10), (1, 58), (3, 86), (3, 95), (9, 26), (5, 37), (9, 35), (6, 11), (7, 65), (6, 20), (7, 74), (8, 48), (7, 92), (8, 57), (8, 75), (2, 4), (4, 23), (1, 8), (4, 41), (4, 50), (1, 26), (4, 59), (3, 72), (9, 12), (3, 90), (5, 32), (3, 99), (6, 6), (7, 60), (8, 25), (7, 78), (8, 43), (4, 18), (1, 12), (4, 45), (1, 21), (1, 39), (3, 58), (5, 0), (5, 9), (3, 76), (9, 7), (7, 46), (7, 55), (7, 64), (7, 73), (8, 56), (6, 86), (4, 13), (6, 95), (4, 31), (4, 40), (1, 16), (2, 70), (1, 25), (2, 79), (2, 88), (5, 4), (5, 13), (7, 32), (8, 6), (8, 24), (7, 68), (8, 33), (9, 87), (5, 98), (6, 72), (6, 99), (1, 2), (1, 11), (3, 39), (3, 48), (2, 92), (7, 18), (3, 66), (3, 75), (7, 36), (8, 1), (8, 19), (8, 28), (9, 82), (6, 76), (4, 3), (6, 85), (4, 12), (6, 94), (3, 34), (3, 43), (3, 52), (8, 5), (7, 49), (5, 79), (8, 23), (9, 86), (9, 95), (6, 80), (4, 16), (1, 1), (2, 55), (2, 64), (3, 56)}
Initializing TargetedSDP...
Creating list of ytargets...
K :  10
self.n :  [784 100 100 100 100 100 100 100 100 100  10]
Getting to compute bounds...
STUDY : use active neurons:  True use inactive neurons:  False
STUDY : Nb Stable neurons :  475
Number of cuts to test: 1
Cuts to test: [['RLT', 'triangularization']]
Initializing MosekClassicHandler

 
 folder name dans handler:  /lustre/fswork/projects/rech/llc/uvq13au/FastSDPCertification/results/benchmark/9x100-0.026/2026_10_02_00h37_33s_battery-targeted-rlt-cert
LAST_LAYER in resolve_layer_groups :  False
K :  10
CHORDAL_DECOMPOSITION  in resolve layer groups:  True
INPUT_IN_VARIABLES in resolve_layer_groups :  True
Taille de la matrice pour le groupe 0 [0, 1] : 824
Taille de la matrice pour le groupe 1 [1, 2] : 110
Taille de la matrice pour le groupe 2 [2, 3] : 118
Taille de la matrice pour le groupe 3 [3, 4] : 92
Taille de la matrice pour le groupe 4 [4, 5] : 83
Taille de la matrice pour le groupe 5 [5, 6] : 77
Taille de la matrice pour le groupe 6 [6, 7] : 89
Taille de la matrice pour le groupe 7 [7, 8] : 94
Taille de la matrice pour le groupe 8 [8, 9] : 95
Neurones stables actives:  set()
Neurones stables inactives:  {(7, 17), (1, 95), (7, 26), (5, 65), (8, 9), (5, 74), (8, 18), (9, 72), (5, 83), (6, 48), (5, 92), (6, 57), (9, 90), (6, 66), (9, 99), (6, 75), (4, 2), (6, 84), (3, 6), (2, 50), (3, 15), (2, 59), (4, 87), (3, 42), (7, 3), (1, 81), (1, 90), (7, 21), (9, 49), (5, 60), (8, 4), (5, 69), (6, 34), (9, 67), (9, 76), (5, 87), (5, 96), (6, 61), (6, 70), (3, 1), (2, 54), (3, 28), (4, 82), (3, 37), (1, 85), (5, 46), (9, 44), (5, 55), (5, 73), (6, 38), (6, 47), (8, 84), (8, 93), (2, 31), (2, 40), (3, 5), (3, 14), (4, 68), (1, 53), (4, 86), (4, 95), (1, 71), (7, 2), (1, 80), (7, 11), (9, 30), (5, 41), (9, 39), (5, 68), (9, 66), (5, 77), (6, 42), (7, 96), (8, 70), (8, 79), (8, 88), (2, 17), (3, 0), (3, 9), (4, 72), (4, 81), (1, 57), (4, 90), (1, 66), (4, 99), (5, 27), (1, 75), (9, 25), (5, 36), (9, 34), (5, 54), (6, 19), (9, 52), (5, 63), (6, 28), (6, 37), (8, 65), (8, 74), (8, 83), (4, 49), (4, 58), (1, 34), (1, 61), (9, 11), (5, 22), (1, 70), (9, 20), (5, 31), (9, 29), (5, 40), (6, 5), (9, 38), (9, 47), (6, 23), (7, 86), (8, 51), (7, 95), (8, 60), (8, 78), (2, 7), (8, 87), (4, 44), (1, 38), (1, 47), (4, 80), (5, 8), (1, 56), (5, 17), (1, 65), (3, 84), (9, 15), (5, 26), (3, 93), (5, 35), (6, 0), (9, 33), (5, 44), (7, 63), (6, 18), (7, 72), (7, 90), (8, 55), (8, 82), (2, 11), (4, 30), (4, 39), (1, 24), (1, 42), (5, 3), (3, 70), (5, 21), (3, 88), (9, 19), (5, 39), (6, 4), (6, 13), (8, 32), (7, 76), (8, 50), (8, 59), (8, 68), (4, 34), (4, 43), (1, 19), (1, 28), (4, 61), (3, 65), (3, 83), (9, 14), (7, 62), (8, 27), (8, 36), (4, 11), (6, 93), (4, 20), (4, 38), (1, 14), (4, 47), (1, 32), (2, 86), (2, 95), (3, 60), (5, 2), (5, 11), (3, 78), (7, 39), (8, 13), (7, 57), (7, 66), (8, 31), (7, 75), (8, 49), (6, 79), (6, 97), (4, 24), (1, 9), (1, 18), (5, 6), (3, 73), (7, 43), (8, 17), (7, 61), (8, 26), (8, 44), (9, 98), (6, 74), (4, 1), (6, 83), (6, 92), (1, 4), (1, 13), (2, 85), (3, 50), (7, 29), (7, 56), (8, 21), (9, 75), (5, 86), (9, 84), (6, 60), (9, 93), (6, 78), (4, 5), (6, 87), (6, 96), (2, 44), (2, 62), (3, 27), (2, 71), (2, 80), (3, 45), (7, 6), (3, 54), (3, 63), (7, 24), (7, 33), (8, 7), (5, 72), (8, 16), (9, 70), (5, 81), (9, 79), (5, 90), (6, 55), (6, 64), (6, 73), (4, 0), (6, 82), (4, 9), (3, 13), (3, 22), (2, 75), (3, 49), (1, 79), (7, 19), (7, 28), (7, 37), (8, 2), (9, 56), (9, 65), (5, 76), (6, 41), (9, 74), (5, 85), (6, 50), (9, 83), (6, 59), (6, 68), (8, 96), (3, 8), (3, 17), (2, 61), (3, 44), (4, 98), (1, 74), (1, 83), (7, 14), (1, 92), (7, 23), (5, 62), (6, 27), (6, 36), (6, 45), (8, 91), (2, 20), (2, 38), (3, 3), (2, 47), (3, 12), (4, 84), (1, 60), (1, 69), (1, 78), (7, 9), (1, 87), (9, 37), (5, 48), (9, 46), (5, 57), (6, 22), (5, 66), (9, 64), (5, 84), (2, 6), (8, 86), (8, 95), (2, 24), (3, 7), (3, 16), (4, 70), (3, 25), (4, 79), (1, 55), (4, 88), (4, 97), (7, 4), (1, 82), (5, 43), (1, 91), (6, 8), (5, 52), (6, 17), (5, 61), (9, 59), (5, 70), (6, 35), (7, 98), (8, 72), (3, 11), (4, 65), (1, 41), (4, 74), (1, 50), (4, 83), (1, 59), (4, 92), (1, 68), (1, 77), (9, 27), (6, 3), (6, 12), (6, 21), (9, 54), (6, 30), (6, 39), (8, 67), (8, 85), (8, 94), (4, 42), (4, 51), (1, 27), (1, 36), (1, 45), (4, 78), (9, 4), (5, 15), (1, 63), (3, 91), (5, 33), (5, 42), (6, 7), (9, 40), (5, 51), (7, 79), (7, 97), (8, 62), (8, 89), (2, 18), (1, 22), (4, 55), (1, 31), (4, 64), (4, 73), (5, 1), (5, 10), (1, 58), (3, 86), (3, 95), (9, 26), (5, 37), (9, 35), (6, 11), (7, 65), (6, 20), (7, 74), (8, 48), (7, 92), (8, 57), (8, 75), (2, 4), (4, 23), (1, 8), (4, 41), (4, 50), (1, 26), (4, 59), (3, 72), (9, 12), (3, 90), (5, 32), (3, 99), (6, 6), (7, 60), (8, 25), (7, 78), (8, 43), (4, 18), (1, 12), (4, 45), (1, 21), (1, 39), (3, 58), (5, 0), (5, 9), (3, 76), (9, 7), (7, 46), (7, 55), (7, 64), (7, 73), (8, 56), (6, 86), (4, 13), (6, 95), (4, 31), (4, 40), (1, 16), (2, 70), (1, 25), (2, 79), (2, 88), (5, 4), (5, 13), (7, 32), (8, 6), (8, 24), (7, 68), (8, 33), (9, 87), (5, 98), (6, 72), (6, 99), (1, 2), (1, 11), (3, 39), (3, 48), (2, 92), (7, 18), (3, 66), (3, 75), (7, 36), (8, 1), (8, 19), (8, 28), (9, 82), (6, 76), (4, 3), (6, 85), (4, 12), (6, 94), (3, 34), (3, 43), (3, 52), (8, 5), (7, 49), (5, 79), (8, 23), (9, 86), (9, 95), (6, 80), (4, 16), (1, 1), (2, 55), (2, 64), (3, 56)}
Adjusting MOSEK solver parameters
MOSEK time limit set to 180s
Adding objective function for Lan
Initializing variables...
CALLBACK num variables : 758428
Adding ReLU constraints for layer 1
Adding ReLU constraints for layer 2
Adding ReLU constraints for layer 3
Adding ReLU constraints for layer 4
Adding ReLU constraints for layer 5
Adding ReLU constraints for layer 6
Adding ReLU constraints for layer 7
Adding ReLU constraints for layer 8
Adding ReLU constraints for layer 9
Adding quadratic bounds constraint
Adding quadratic bounds constraint for layer 0
Adding quadratic bounds constraint for layer 1
Adding quadratic bounds constraint for layer 2
Adding quadratic bounds constraint for layer 3
Adding quadratic bounds constraint for layer 4
Adding quadratic bounds constraint for layer 5
Adding quadratic bounds constraint for layer 6
Adding quadratic bounds constraint for layer 7
Adding quadratic bounds constraint for layer 8
Adding quadratic bounds constraint for layer 9
Adding RLT constraint (compact)
Indexes pruned for layer 1 : []
Indexes pruned for layer 2 : [1, 2, 4, 8, 9, 11, 12, 13, 14, 16, 18, 19, 21, 22, 24, 25, 26, 27, 28, 31, 32, 34, 36, 38, 39, 41, 42, 45, 47, 50, 53, 55, 56, 57, 58, 59, 60, 61, 63, 65, 66, 68, 69, 70, 71, 74, 75, 77, 78, 79, 80, 81, 82, 83, 85, 87, 90, 91, 92, 95]
Indexes pruned for layer 3 : [4, 6, 7, 11, 17, 18, 20, 24, 31, 38, 40, 44, 47, 50, 54, 55, 59, 61, 62, 64, 70, 71, 75, 79, 80, 85, 86, 88, 92, 95]
Indexes pruned for layer 4 : [0, 1, 3, 5, 6, 7, 8, 9, 11, 12, 13, 14, 15, 16, 17, 22, 25, 27, 28, 34, 37, 39, 42, 43, 44, 45, 48, 49, 50, 52, 54, 56, 58, 60, 63, 65, 66, 70, 72, 73, 75, 76, 78, 83, 84, 86, 88, 90, 91, 93, 95, 99]
Indexes pruned for layer 5 : [0, 1, 2, 3, 5, 9, 11, 12, 13, 16, 18, 20, 23, 24, 30, 31, 34, 38, 39, 40, 41, 42, 43, 44, 45, 47, 49, 50, 51, 55, 58, 59, 61, 64, 65, 68, 70, 72, 73, 74, 78, 79, 80, 81, 82, 83, 84, 86, 87, 88, 90, 92, 95, 97, 98, 99]
Indexes pruned for layer 6 : [0, 1, 2, 3, 4, 6, 8, 9, 10, 11, 13, 15, 17, 21, 22, 26, 27, 31, 32, 33, 35, 36, 37, 39, 40, 41, 42, 43, 44, 46, 48, 51, 52, 54, 55, 57, 60, 61, 62, 63, 65, 66, 68, 69, 70, 72, 73, 74, 76, 77, 79, 81, 83, 84, 85, 86, 87, 90, 92, 96, 98]
Indexes pruned for layer 7 : [0, 3, 4, 5, 6, 7, 8, 11, 12, 13, 17, 18, 19, 20, 21, 22, 23, 27, 28, 30, 34, 35, 36, 37, 38, 39, 41, 42, 45, 47, 48, 50, 55, 57, 59, 60, 61, 64, 66, 68, 70, 72, 73, 74, 75, 76, 78, 79, 80, 82, 83, 84, 85, 86, 87, 92, 93, 94, 95, 96, 97, 99]
Indexes pruned for layer 8 : [2, 3, 4, 6, 9, 11, 14, 17, 18, 19, 21, 23, 24, 26, 28, 29, 32, 33, 36, 37, 39, 43, 46, 49, 55, 56, 57, 60, 61, 62, 63, 64, 65, 66, 68, 72, 73, 74, 75, 76, 78, 79, 86, 90, 92, 95, 96, 97, 98]
Indexes pruned for layer 9 : [1, 2, 4, 5, 6, 7, 9, 13, 16, 17, 18, 19, 21, 23, 24, 25, 26, 27, 28, 31, 32, 33, 36, 43, 44, 48, 49, 50, 51, 55, 56, 57, 59, 60, 62, 65, 67, 68, 70, 72, 74, 75, 78, 79, 82, 83, 84, 85, 86, 87, 88, 89, 91, 93, 94, 95, 96]
CALLBACK : RLT (compact) = 49197 (dont 0 en repli chemin lent)
Adding rec matrices constraint
Number of constraints for the matrix by layers: 373 for 10 layers, [784 100 100 100 100 100 100 100 100 100  10] neurons, boundary layers: [1, 2, 3, 4, 5, 6, 7, 8]
Adding first term equal zero constraint
CALLBACK : Ending constraints. Total number of constraints :  150882
Cuts in _write_presolve_row:  ['RLT', 'triangularization']
Number of constraints before optimization:  150882
Number of variables before optimization:  758428
All possible cuts:  ['RLT', 'triangularization', 'McCormick_beta_z', 'beta_logits_comparaison', 'beta_logits_comparaison_big_M', 'sum_beta_logits_equal_logit']
Cuts added to dic for _write_presolve_row:  {'RLT': True, 'triangularization': True, 'McCormick_beta_z': False, 'beta_logits_comparaison': False, 'beta_logits_comparaison_big_M': False, 'sum_beta_logits_equal_logit': False}
Writing pre-solve row to results.csv with data_index: 89 target: 0
Pre-solve row written to results.csv with data_index: 89 target: 0
Pre-solve row written to results.csv with 150882 constraints and 758428 variables.
INFO     01:10:18     [objective_classic.py:97] Adding Objective to the task
CALLBACK : Number of constraints : 150882
[conic bundle] factor=0.01 x 147591 contraintes dualisables candidates => 1476 reellement dualisees (les 146115 autres relachees mais jamais penalisees)
  [cb_native dynamic calibration] h(0)=9.740777 pool_initial=50/1476
[cb_native dynamic] h(0)=9.740777 > positivity_threshold=1e-06 -- arret immediat (stop_when_positive).
[conic bundle] data_index=89 target=0 optimal_value=9.740776802816148 n_iter=0 (62.45s)
Initializing TargetedSDP...
Creating list of ytargets...
K :  10
self.n :  [784 100 100 100 100 100 100 100 100 100  10]
Getting to compute bounds...
STUDY : use active neurons:  True use inactive neurons:  False
STUDY : Nb Stable neurons :  475
Number of cuts to test: 1
Cuts to test: [['RLT', 'triangularization']]
Initializing MosekClassicHandler

 
 folder name dans handler:  /lustre/fswork/projects/rech/llc/uvq13au/FastSDPCertification/results/benchmark/9x100-0.026/2026_10_02_00h37_33s_battery-targeted-rlt-cert
LAST_LAYER in resolve_layer_groups :  False
K :  10
CHORDAL_DECOMPOSITION  in resolve layer groups:  True
INPUT_IN_VARIABLES in resolve_layer_groups :  True
Taille de la matrice pour le groupe 0 [0, 1] : 824
Taille de la matrice pour le groupe 1 [1, 2] : 110
Taille de la matrice pour le groupe 2 [2, 3] : 118
Taille de la matrice pour le groupe 3 [3, 4] : 92
Taille de la matrice pour le groupe 4 [4, 5] : 83
Taille de la matrice pour le groupe 5 [5, 6] : 77
Taille de la matrice pour le groupe 6 [6, 7] : 89
Taille de la matrice pour le groupe 7 [7, 8] : 94
Taille de la matrice pour le groupe 8 [8, 9] : 95
Neurones stables actives:  set()
Neurones stables inactives:  {(7, 17), (1, 95), (7, 26), (5, 65), (8, 9), (5, 74), (8, 18), (9, 72), (5, 83), (6, 48), (5, 92), (6, 57), (9, 90), (6, 66), (9, 99), (6, 75), (4, 2), (6, 84), (3, 6), (2, 50), (3, 15), (2, 59), (4, 87), (3, 42), (7, 3), (1, 81), (1, 90), (7, 21), (9, 49), (5, 60), (8, 4), (5, 69), (6, 34), (9, 67), (9, 76), (5, 87), (5, 96), (6, 61), (6, 70), (3, 1), (2, 54), (3, 28), (4, 82), (3, 37), (1, 85), (5, 46), (9, 44), (5, 55), (5, 73), (6, 38), (6, 47), (8, 84), (8, 93), (2, 31), (2, 40), (3, 5), (3, 14), (4, 68), (1, 53), (4, 86), (4, 95), (1, 71), (7, 2), (1, 80), (7, 11), (9, 30), (5, 41), (9, 39), (5, 68), (9, 66), (5, 77), (6, 42), (7, 96), (8, 70), (8, 79), (8, 88), (2, 17), (3, 0), (3, 9), (4, 72), (4, 81), (1, 57), (4, 90), (1, 66), (4, 99), (5, 27), (1, 75), (9, 25), (5, 36), (9, 34), (5, 54), (6, 19), (9, 52), (5, 63), (6, 28), (6, 37), (8, 65), (8, 74), (8, 83), (4, 49), (4, 58), (1, 34), (1, 61), (9, 11), (5, 22), (1, 70), (9, 20), (5, 31), (9, 29), (5, 40), (6, 5), (9, 38), (9, 47), (6, 23), (7, 86), (8, 51), (7, 95), (8, 60), (8, 78), (2, 7), (8, 87), (4, 44), (1, 38), (1, 47), (4, 80), (5, 8), (1, 56), (5, 17), (1, 65), (3, 84), (9, 15), (5, 26), (3, 93), (5, 35), (6, 0), (9, 33), (5, 44), (7, 63), (6, 18), (7, 72), (7, 90), (8, 55), (8, 82), (2, 11), (4, 30), (4, 39), (1, 24), (1, 42), (5, 3), (3, 70), (5, 21), (3, 88), (9, 19), (5, 39), (6, 4), (6, 13), (8, 32), (7, 76), (8, 50), (8, 59), (8, 68), (4, 34), (4, 43), (1, 19), (1, 28), (4, 61), (3, 65), (3, 83), (9, 14), (7, 62), (8, 27), (8, 36), (4, 11), (6, 93), (4, 20), (4, 38), (1, 14), (4, 47), (1, 32), (2, 86), (2, 95), (3, 60), (5, 2), (5, 11), (3, 78), (7, 39), (8, 13), (7, 57), (7, 66), (8, 31), (7, 75), (8, 49), (6, 79), (6, 97), (4, 24), (1, 9), (1, 18), (5, 6), (3, 73), (7, 43), (8, 17), (7, 61), (8, 26), (8, 44), (9, 98), (6, 74), (4, 1), (6, 83), (6, 92), (1, 4), (1, 13), (2, 85), (3, 50), (7, 29), (7, 56), (8, 21), (9, 75), (5, 86), (9, 84), (6, 60), (9, 93), (6, 78), (4, 5), (6, 87), (6, 96), (2, 44), (2, 62), (3, 27), (2, 71), (2, 80), (3, 45), (7, 6), (3, 54), (3, 63), (7, 24), (7, 33), (8, 7), (5, 72), (8, 16), (9, 70), (5, 81), (9, 79), (5, 90), (6, 55), (6, 64), (6, 73), (4, 0), (6, 82), (4, 9), (3, 13), (3, 22), (2, 75), (3, 49), (1, 79), (7, 19), (7, 28), (7, 37), (8, 2), (9, 56), (9, 65), (5, 76), (6, 41), (9, 74), (5, 85), (6, 50), (9, 83), (6, 59), (6, 68), (8, 96), (3, 8), (3, 17), (2, 61), (3, 44), (4, 98), (1, 74), (1, 83), (7, 14), (1, 92), (7, 23), (5, 62), (6, 27), (6, 36), (6, 45), (8, 91), (2, 20), (2, 38), (3, 3), (2, 47), (3, 12), (4, 84), (1, 60), (1, 69), (1, 78), (7, 9), (1, 87), (9, 37), (5, 48), (9, 46), (5, 57), (6, 22), (5, 66), (9, 64), (5, 84), (2, 6), (8, 86), (8, 95), (2, 24), (3, 7), (3, 16), (4, 70), (3, 25), (4, 79), (1, 55), (4, 88), (4, 97), (7, 4), (1, 82), (5, 43), (1, 91), (6, 8), (5, 52), (6, 17), (5, 61), (9, 59), (5, 70), (6, 35), (7, 98), (8, 72), (3, 11), (4, 65), (1, 41), (4, 74), (1, 50), (4, 83), (1, 59), (4, 92), (1, 68), (1, 77), (9, 27), (6, 3), (6, 12), (6, 21), (9, 54), (6, 30), (6, 39), (8, 67), (8, 85), (8, 94), (4, 42), (4, 51), (1, 27), (1, 36), (1, 45), (4, 78), (9, 4), (5, 15), (1, 63), (3, 91), (5, 33), (5, 42), (6, 7), (9, 40), (5, 51), (7, 79), (7, 97), (8, 62), (8, 89), (2, 18), (1, 22), (4, 55), (1, 31), (4, 64), (4, 73), (5, 1), (5, 10), (1, 58), (3, 86), (3, 95), (9, 26), (5, 37), (9, 35), (6, 11), (7, 65), (6, 20), (7, 74), (8, 48), (7, 92), (8, 57), (8, 75), (2, 4), (4, 23), (1, 8), (4, 41), (4, 50), (1, 26), (4, 59), (3, 72), (9, 12), (3, 90), (5, 32), (3, 99), (6, 6), (7, 60), (8, 25), (7, 78), (8, 43), (4, 18), (1, 12), (4, 45), (1, 21), (1, 39), (3, 58), (5, 0), (5, 9), (3, 76), (9, 7), (7, 46), (7, 55), (7, 64), (7, 73), (8, 56), (6, 86), (4, 13), (6, 95), (4, 31), (4, 40), (1, 16), (2, 70), (1, 25), (2, 79), (2, 88), (5, 4), (5, 13), (7, 32), (8, 6), (8, 24), (7, 68), (8, 33), (9, 87), (5, 98), (6, 72), (6, 99), (1, 2), (1, 11), (3, 39), (3, 48), (2, 92), (7, 18), (3, 66), (3, 75), (7, 36), (8, 1), (8, 19), (8, 28), (9, 82), (6, 76), (4, 3), (6, 85), (4, 12), (6, 94), (3, 34), (3, 43), (3, 52), (8, 5), (7, 49), (5, 79), (8, 23), (9, 86), (9, 95), (6, 80), (4, 16), (1, 1), (2, 55), (2, 64), (3, 56)}
Adjusting MOSEK solver parameters
MOSEK time limit set to 180s
Adding objective function for Lan
Initializing variables...
CALLBACK num variables : 758428
Adding ReLU constraints for layer 1
Adding ReLU constraints for layer 2
Adding ReLU constraints for layer 3
Adding ReLU constraints for layer 4
Adding ReLU constraints for layer 5
Adding ReLU constraints for layer 6
Adding ReLU constraints for layer 7
Adding ReLU constraints for layer 8
Adding ReLU constraints for layer 9
Adding quadratic bounds constraint
Adding quadratic bounds constraint for layer 0
Adding quadratic bounds constraint for layer 1
Adding quadratic bounds constraint for layer 2
Adding quadratic bounds constraint for layer 3
Adding quadratic bounds constraint for layer 4
Adding quadratic bounds constraint for layer 5
Adding quadratic bounds constraint for layer 6
Adding quadratic bounds constraint for layer 7
Adding quadratic bounds constraint for layer 8
Adding quadratic bounds constraint for layer 9
Adding RLT constraint (compact)
Indexes pruned for layer 1 : []
Indexes pruned for layer 2 : [1, 2, 4, 8, 9, 11, 12, 13, 14, 16, 18, 19, 21, 22, 24, 25, 26, 27, 28, 31, 32, 34, 36, 38, 39, 41, 42, 45, 47, 50, 53, 55, 56, 57, 58, 59, 60, 61, 63, 65, 66, 68, 69, 70, 71, 74, 75, 77, 78, 79, 80, 81, 82, 83, 85, 87, 90, 91, 92, 95]
Indexes pruned for layer 3 : [4, 6, 7, 11, 17, 18, 20, 24, 31, 38, 40, 44, 47, 50, 54, 55, 59, 61, 62, 64, 70, 71, 75, 79, 80, 85, 86, 88, 92, 95]
Indexes pruned for layer 4 : [0, 1, 3, 5, 6, 7, 8, 9, 11, 12, 13, 14, 15, 16, 17, 22, 25, 27, 28, 34, 37, 39, 42, 43, 44, 45, 48, 49, 50, 52, 54, 56, 58, 60, 63, 65, 66, 70, 72, 73, 75, 76, 78, 83, 84, 86, 88, 90, 91, 93, 95, 99]
Indexes pruned for layer 5 : [0, 1, 2, 3, 5, 9, 11, 12, 13, 16, 18, 20, 23, 24, 30, 31, 34, 38, 39, 40, 41, 42, 43, 44, 45, 47, 49, 50, 51, 55, 58, 59, 61, 64, 65, 68, 70, 72, 73, 74, 78, 79, 80, 81, 82, 83, 84, 86, 87, 88, 90, 92, 95, 97, 98, 99]
Indexes pruned for layer 6 : [0, 1, 2, 3, 4, 6, 8, 9, 10, 11, 13, 15, 17, 21, 22, 26, 27, 31, 32, 33, 35, 36, 37, 39, 40, 41, 42, 43, 44, 46, 48, 51, 52, 54, 55, 57, 60, 61, 62, 63, 65, 66, 68, 69, 70, 72, 73, 74, 76, 77, 79, 81, 83, 84, 85, 86, 87, 90, 92, 96, 98]
Indexes pruned for layer 7 : [0, 3, 4, 5, 6, 7, 8, 11, 12, 13, 17, 18, 19, 20, 21, 22, 23, 27, 28, 30, 34, 35, 36, 37, 38, 39, 41, 42, 45, 47, 48, 50, 55, 57, 59, 60, 61, 64, 66, 68, 70, 72, 73, 74, 75, 76, 78, 79, 80, 82, 83, 84, 85, 86, 87, 92, 93, 94, 95, 96, 97, 99]
Indexes pruned for layer 8 : [2, 3, 4, 6, 9, 11, 14, 17, 18, 19, 21, 23, 24, 26, 28, 29, 32, 33, 36, 37, 39, 43, 46, 49, 55, 56, 57, 60, 61, 62, 63, 64, 65, 66, 68, 72, 73, 74, 75, 76, 78, 79, 86, 90, 92, 95, 96, 97, 98]
Indexes pruned for layer 9 : [1, 2, 4, 5, 6, 7, 9, 13, 16, 17, 18, 19, 21, 23, 24, 25, 26, 27, 28, 31, 32, 33, 36, 43, 44, 48, 49, 50, 51, 55, 56, 57, 59, 60, 62, 65, 67, 68, 70, 72, 74, 75, 78, 79, 82, 83, 84, 85, 86, 87, 88, 89, 91, 93, 94, 95, 96]
CALLBACK : RLT (compact) = 49197 (dont 0 en repli chemin lent)
Adding rec matrices constraint
Number of constraints for the matrix by layers: 373 for 10 layers, [784 100 100 100 100 100 100 100 100 100  10] neurons, boundary layers: [1, 2, 3, 4, 5, 6, 7, 8]
Adding first term equal zero constraint
CALLBACK : Ending constraints. Total number of constraints :  150882
Cuts in _write_presolve_row:  ['RLT', 'triangularization']
Number of constraints before optimization:  150882
Number of variables before optimization:  758428
All possible cuts:  ['RLT', 'triangularization', 'McCormick_beta_z', 'beta_logits_comparaison', 'beta_logits_comparaison_big_M', 'sum_beta_logits_equal_logit']
Cuts added to dic for _write_presolve_row:  {'RLT': True, 'triangularization': True, 'McCormick_beta_z': False, 'beta_logits_comparaison': False, 'beta_logits_comparaison_big_M': False, 'sum_beta_logits_equal_logit': False}
Writing pre-solve row to results.csv with data_index: 89 target: 1
Pre-solve row written to results.csv with data_index: 89 target: 1
Pre-solve row written to results.csv with 150882 constraints and 758428 variables.
INFO     01:11:23     [objective_classic.py:97] Adding Objective to the task
CALLBACK : Number of constraints : 150882
[conic bundle] factor=0.01 x 147591 contraintes dualisables candidates => 1476 reellement dualisees (les 146115 autres relachees mais jamais penalisees)
  [cb_native dynamic calibration] h(0)=0.994573 pool_initial=50/1476
[cb_native dynamic] h(0)=0.994573 > positivity_threshold=1e-06 -- arret immediat (stop_when_positive).
[conic bundle] data_index=89 target=1 optimal_value=0.9945725027440313 n_iter=0 (55.01s)
Initializing TargetedSDP...
Creating list of ytargets...
K :  10
self.n :  [784 100 100 100 100 100 100 100 100 100  10]
Getting to compute bounds...
STUDY : use active neurons:  True use inactive neurons:  False
STUDY : Nb Stable neurons :  475
Number of cuts to test: 1
Cuts to test: [['RLT', 'triangularization']]
Initializing MosekClassicHandler

 
 folder name dans handler:  /lustre/fswork/projects/rech/llc/uvq13au/FastSDPCertification/results/benchmark/9x100-0.026/2026_10_02_00h37_33s_battery-targeted-rlt-cert
LAST_LAYER in resolve_layer_groups :  False
K :  10
CHORDAL_DECOMPOSITION  in resolve layer groups:  True
INPUT_IN_VARIABLES in resolve_layer_groups :  True
Taille de la matrice pour le groupe 0 [0, 1] : 824
Taille de la matrice pour le groupe 1 [1, 2] : 110
Taille de la matrice pour le groupe 2 [2, 3] : 118
Taille de la matrice pour le groupe 3 [3, 4] : 92
Taille de la matrice pour le groupe 4 [4, 5] : 83
Taille de la matrice pour le groupe 5 [5, 6] : 77
Taille de la matrice pour le groupe 6 [6, 7] : 89
Taille de la matrice pour le groupe 7 [7, 8] : 94
Taille de la matrice pour le groupe 8 [8, 9] : 95
Neurones stables actives:  set()
Neurones stables inactives:  {(7, 17), (1, 95), (7, 26), (5, 65), (8, 9), (5, 74), (8, 18), (9, 72), (5, 83), (6, 48), (5, 92), (6, 57), (9, 90), (6, 66), (9, 99), (6, 75), (4, 2), (6, 84), (3, 6), (2, 50), (3, 15), (2, 59), (4, 87), (3, 42), (7, 3), (1, 81), (1, 90), (7, 21), (9, 49), (5, 60), (8, 4), (5, 69), (6, 34), (9, 67), (9, 76), (5, 87), (5, 96), (6, 61), (6, 70), (3, 1), (2, 54), (3, 28), (4, 82), (3, 37), (1, 85), (5, 46), (9, 44), (5, 55), (5, 73), (6, 38), (6, 47), (8, 84), (8, 93), (2, 31), (2, 40), (3, 5), (3, 14), (4, 68), (1, 53), (4, 86), (4, 95), (1, 71), (7, 2), (1, 80), (7, 11), (9, 30), (5, 41), (9, 39), (5, 68), (9, 66), (5, 77), (6, 42), (7, 96), (8, 70), (8, 79), (8, 88), (2, 17), (3, 0), (3, 9), (4, 72), (4, 81), (1, 57), (4, 90), (1, 66), (4, 99), (5, 27), (1, 75), (9, 25), (5, 36), (9, 34), (5, 54), (6, 19), (9, 52), (5, 63), (6, 28), (6, 37), (8, 65), (8, 74), (8, 83), (4, 49), (4, 58), (1, 34), (1, 61), (9, 11), (5, 22), (1, 70), (9, 20), (5, 31), (9, 29), (5, 40), (6, 5), (9, 38), (9, 47), (6, 23), (7, 86), (8, 51), (7, 95), (8, 60), (8, 78), (2, 7), (8, 87), (4, 44), (1, 38), (1, 47), (4, 80), (5, 8), (1, 56), (5, 17), (1, 65), (3, 84), (9, 15), (5, 26), (3, 93), (5, 35), (6, 0), (9, 33), (5, 44), (7, 63), (6, 18), (7, 72), (7, 90), (8, 55), (8, 82), (2, 11), (4, 30), (4, 39), (1, 24), (1, 42), (5, 3), (3, 70), (5, 21), (3, 88), (9, 19), (5, 39), (6, 4), (6, 13), (8, 32), (7, 76), (8, 50), (8, 59), (8, 68), (4, 34), (4, 43), (1, 19), (1, 28), (4, 61), (3, 65), (3, 83), (9, 14), (7, 62), (8, 27), (8, 36), (4, 11), (6, 93), (4, 20), (4, 38), (1, 14), (4, 47), (1, 32), (2, 86), (2, 95), (3, 60), (5, 2), (5, 11), (3, 78), (7, 39), (8, 13), (7, 57), (7, 66), (8, 31), (7, 75), (8, 49), (6, 79), (6, 97), (4, 24), (1, 9), (1, 18), (5, 6), (3, 73), (7, 43), (8, 17), (7, 61), (8, 26), (8, 44), (9, 98), (6, 74), (4, 1), (6, 83), (6, 92), (1, 4), (1, 13), (2, 85), (3, 50), (7, 29), (7, 56), (8, 21), (9, 75), (5, 86), (9, 84), (6, 60), (9, 93), (6, 78), (4, 5), (6, 87), (6, 96), (2, 44), (2, 62), (3, 27), (2, 71), (2, 80), (3, 45), (7, 6), (3, 54), (3, 63), (7, 24), (7, 33), (8, 7), (5, 72), (8, 16), (9, 70), (5, 81), (9, 79), (5, 90), (6, 55), (6, 64), (6, 73), (4, 0), (6, 82), (4, 9), (3, 13), (3, 22), (2, 75), (3, 49), (1, 79), (7, 19), (7, 28), (7, 37), (8, 2), (9, 56), (9, 65), (5, 76), (6, 41), (9, 74), (5, 85), (6, 50), (9, 83), (6, 59), (6, 68), (8, 96), (3, 8), (3, 17), (2, 61), (3, 44), (4, 98), (1, 74), (1, 83), (7, 14), (1, 92), (7, 23), (5, 62), (6, 27), (6, 36), (6, 45), (8, 91), (2, 20), (2, 38), (3, 3), (2, 47), (3, 12), (4, 84), (1, 60), (1, 69), (1, 78), (7, 9), (1, 87), (9, 37), (5, 48), (9, 46), (5, 57), (6, 22), (5, 66), (9, 64), (5, 84), (2, 6), (8, 86), (8, 95), (2, 24), (3, 7), (3, 16), (4, 70), (3, 25), (4, 79), (1, 55), (4, 88), (4, 97), (7, 4), (1, 82), (5, 43), (1, 91), (6, 8), (5, 52), (6, 17), (5, 61), (9, 59), (5, 70), (6, 35), (7, 98), (8, 72), (3, 11), (4, 65), (1, 41), (4, 74), (1, 50), (4, 83), (1, 59), (4, 92), (1, 68), (1, 77), (9, 27), (6, 3), (6, 12), (6, 21), (9, 54), (6, 30), (6, 39), (8, 67), (8, 85), (8, 94), (4, 42), (4, 51), (1, 27), (1, 36), (1, 45), (4, 78), (9, 4), (5, 15), (1, 63), (3, 91), (5, 33), (5, 42), (6, 7), (9, 40), (5, 51), (7, 79), (7, 97), (8, 62), (8, 89), (2, 18), (1, 22), (4, 55), (1, 31), (4, 64), (4, 73), (5, 1), (5, 10), (1, 58), (3, 86), (3, 95), (9, 26), (5, 37), (9, 35), (6, 11), (7, 65), (6, 20), (7, 74), (8, 48), (7, 92), (8, 57), (8, 75), (2, 4), (4, 23), (1, 8), (4, 41), (4, 50), (1, 26), (4, 59), (3, 72), (9, 12), (3, 90), (5, 32), (3, 99), (6, 6), (7, 60), (8, 25), (7, 78), (8, 43), (4, 18), (1, 12), (4, 45), (1, 21), (1, 39), (3, 58), (5, 0), (5, 9), (3, 76), (9, 7), (7, 46), (7, 55), (7, 64), (7, 73), (8, 56), (6, 86), (4, 13), (6, 95), (4, 31), (4, 40), (1, 16), (2, 70), (1, 25), (2, 79), (2, 88), (5, 4), (5, 13), (7, 32), (8, 6), (8, 24), (7, 68), (8, 33), (9, 87), (5, 98), (6, 72), (6, 99), (1, 2), (1, 11), (3, 39), (3, 48), (2, 92), (7, 18), (3, 66), (3, 75), (7, 36), (8, 1), (8, 19), (8, 28), (9, 82), (6, 76), (4, 3), (6, 85), (4, 12), (6, 94), (3, 34), (3, 43), (3, 52), (8, 5), (7, 49), (5, 79), (8, 23), (9, 86), (9, 95), (6, 80), (4, 16), (1, 1), (2, 55), (2, 64), (3, 56)}
Adjusting MOSEK solver parameters
MOSEK time limit set to 180s
Adding objective function for Lan
Initializing variables...
CALLBACK num variables : 758428
Adding ReLU constraints for layer 1
Adding ReLU constraints for layer 2
Adding ReLU constraints for layer 3
Adding ReLU constraints for layer 4
Adding ReLU constraints for layer 5
Adding ReLU constraints for layer 6
Adding ReLU constraints for layer 7
Adding ReLU constraints for layer 8
Adding ReLU constraints for layer 9
Adding quadratic bounds constraint
Adding quadratic bounds constraint for layer 0
Adding quadratic bounds constraint for layer 1
Adding quadratic bounds constraint for layer 2
Adding quadratic bounds constraint for layer 3
Adding quadratic bounds constraint for layer 4
Adding quadratic bounds constraint for layer 5
Adding quadratic bounds constraint for layer 6
Adding quadratic bounds constraint for layer 7
Adding quadratic bounds constraint for layer 8
Adding quadratic bounds constraint for layer 9
Adding RLT constraint (compact)
Indexes pruned for layer 1 : []
Indexes pruned for layer 2 : [1, 2, 4, 8, 9, 11, 12, 13, 14, 16, 18, 19, 21, 22, 24, 25, 26, 27, 28, 31, 32, 34, 36, 38, 39, 41, 42, 45, 47, 50, 53, 55, 56, 57, 58, 59, 60, 61, 63, 65, 66, 68, 69, 70, 71, 74, 75, 77, 78, 79, 80, 81, 82, 83, 85, 87, 90, 91, 92, 95]
Indexes pruned for layer 3 : [4, 6, 7, 11, 17, 18, 20, 24, 31, 38, 40, 44, 47, 50, 54, 55, 59, 61, 62, 64, 70, 71, 75, 79, 80, 85, 86, 88, 92, 95]
Indexes pruned for layer 4 : [0, 1, 3, 5, 6, 7, 8, 9, 11, 12, 13, 14, 15, 16, 17, 22, 25, 27, 28, 34, 37, 39, 42, 43, 44, 45, 48, 49, 50, 52, 54, 56, 58, 60, 63, 65, 66, 70, 72, 73, 75, 76, 78, 83, 84, 86, 88, 90, 91, 93, 95, 99]
Indexes pruned for layer 5 : [0, 1, 2, 3, 5, 9, 11, 12, 13, 16, 18, 20, 23, 24, 30, 31, 34, 38, 39, 40, 41, 42, 43, 44, 45, 47, 49, 50, 51, 55, 58, 59, 61, 64, 65, 68, 70, 72, 73, 74, 78, 79, 80, 81, 82, 83, 84, 86, 87, 88, 90, 92, 95, 97, 98, 99]
Indexes pruned for layer 6 : [0, 1, 2, 3, 4, 6, 8, 9, 10, 11, 13, 15, 17, 21, 22, 26, 27, 31, 32, 33, 35, 36, 37, 39, 40, 41, 42, 43, 44, 46, 48, 51, 52, 54, 55, 57, 60, 61, 62, 63, 65, 66, 68, 69, 70, 72, 73, 74, 76, 77, 79, 81, 83, 84, 85, 86, 87, 90, 92, 96, 98]
Indexes pruned for layer 7 : [0, 3, 4, 5, 6, 7, 8, 11, 12, 13, 17, 18, 19, 20, 21, 22, 23, 27, 28, 30, 34, 35, 36, 37, 38, 39, 41, 42, 45, 47, 48, 50, 55, 57, 59, 60, 61, 64, 66, 68, 70, 72, 73, 74, 75, 76, 78, 79, 80, 82, 83, 84, 85, 86, 87, 92, 93, 94, 95, 96, 97, 99]
Indexes pruned for layer 8 : [2, 3, 4, 6, 9, 11, 14, 17, 18, 19, 21, 23, 24, 26, 28, 29, 32, 33, 36, 37, 39, 43, 46, 49, 55, 56, 57, 60, 61, 62, 63, 64, 65, 66, 68, 72, 73, 74, 75, 76, 78, 79, 86, 90, 92, 95, 96, 97, 98]
Indexes pruned for layer 9 : [1, 2, 4, 5, 6, 7, 9, 13, 16, 17, 18, 19, 21, 23, 24, 25, 26, 27, 28, 31, 32, 33, 36, 43, 44, 48, 49, 50, 51, 55, 56, 57, 59, 60, 62, 65, 67, 68, 70, 72, 74, 75, 78, 79, 82, 83, 84, 85, 86, 87, 88, 89, 91, 93, 94, 95, 96]
CALLBACK : RLT (compact) = 49197 (dont 0 en repli chemin lent)
Adding rec matrices constraint
Number of constraints for the matrix by layers: 373 for 10 layers, [784 100 100 100 100 100 100 100 100 100  10] neurons, boundary layers: [1, 2, 3, 4, 5, 6, 7, 8]
Adding first term equal zero constraint
CALLBACK : Ending constraints. Total number of constraints :  150882
Cuts in _write_presolve_row:  ['RLT', 'triangularization']
Number of constraints before optimization:  150882
Number of variables before optimization:  758428
All possible cuts:  ['RLT', 'triangularization', 'McCormick_beta_z', 'beta_logits_comparaison', 'beta_logits_comparaison_big_M', 'sum_beta_logits_equal_logit']
Cuts added to dic for _write_presolve_row:  {'RLT': True, 'triangularization': True, 'McCormick_beta_z': False, 'beta_logits_comparaison': False, 'beta_logits_comparaison_big_M': False, 'sum_beta_logits_equal_logit': False}
Writing pre-solve row to results.csv with data_index: 89 target: 2
Pre-solve row written to results.csv with data_index: 89 target: 2
Pre-solve row written to results.csv with 150882 constraints and 758428 variables.
INFO     01:12:20     [objective_classic.py:97] Adding Objective to the task
CALLBACK : Number of constraints : 150882
[conic bundle] factor=0.01 x 147591 contraintes dualisables candidates => 1476 reellement dualisees (les 146115 autres relachees mais jamais penalisees)
  [cb_native dynamic calibration] h(0)=2.186532 pool_initial=50/1476
[cb_native dynamic] h(0)=2.186532 > positivity_threshold=1e-06 -- arret immediat (stop_when_positive).
[conic bundle] data_index=89 target=2 optimal_value=2.1865320141525344 n_iter=0 (53.49s)
Initializing TargetedSDP...
Creating list of ytargets...
K :  10
self.n :  [784 100 100 100 100 100 100 100 100 100  10]
Getting to compute bounds...
STUDY : use active neurons:  True use inactive neurons:  False
STUDY : Nb Stable neurons :  475
Number of cuts to test: 1
Cuts to test: [['RLT', 'triangularization']]
Initializing MosekClassicHandler

 
 folder name dans handler:  /lustre/fswork/projects/rech/llc/uvq13au/FastSDPCertification/results/benchmark/9x100-0.026/2026_10_02_00h37_33s_battery-targeted-rlt-cert
LAST_LAYER in resolve_layer_groups :  False
K :  10
CHORDAL_DECOMPOSITION  in resolve layer groups:  True
INPUT_IN_VARIABLES in resolve_layer_groups :  True
Taille de la matrice pour le groupe 0 [0, 1] : 824
Taille de la matrice pour le groupe 1 [1, 2] : 110
Taille de la matrice pour le groupe 2 [2, 3] : 118
Taille de la matrice pour le groupe 3 [3, 4] : 92
Taille de la matrice pour le groupe 4 [4, 5] : 83
Taille de la matrice pour le groupe 5 [5, 6] : 77
Taille de la matrice pour le groupe 6 [6, 7] : 89
Taille de la matrice pour le groupe 7 [7, 8] : 94
Taille de la matrice pour le groupe 8 [8, 9] : 95
Neurones stables actives:  set()
Neurones stables inactives:  {(7, 17), (1, 95), (7, 26), (5, 65), (8, 9), (5, 74), (8, 18), (9, 72), (5, 83), (6, 48), (5, 92), (6, 57), (9, 90), (6, 66), (9, 99), (6, 75), (4, 2), (6, 84), (3, 6), (2, 50), (3, 15), (2, 59), (4, 87), (3, 42), (7, 3), (1, 81), (1, 90), (7, 21), (9, 49), (5, 60), (8, 4), (5, 69), (6, 34), (9, 67), (9, 76), (5, 87), (5, 96), (6, 61), (6, 70), (3, 1), (2, 54), (3, 28), (4, 82), (3, 37), (1, 85), (5, 46), (9, 44), (5, 55), (5, 73), (6, 38), (6, 47), (8, 84), (8, 93), (2, 31), (2, 40), (3, 5), (3, 14), (4, 68), (1, 53), (4, 86), (4, 95), (1, 71), (7, 2), (1, 80), (7, 11), (9, 30), (5, 41), (9, 39), (5, 68), (9, 66), (5, 77), (6, 42), (7, 96), (8, 70), (8, 79), (8, 88), (2, 17), (3, 0), (3, 9), (4, 72), (4, 81), (1, 57), (4, 90), (1, 66), (4, 99), (5, 27), (1, 75), (9, 25), (5, 36), (9, 34), (5, 54), (6, 19), (9, 52), (5, 63), (6, 28), (6, 37), (8, 65), (8, 74), (8, 83), (4, 49), (4, 58), (1, 34), (1, 61), (9, 11), (5, 22), (1, 70), (9, 20), (5, 31), (9, 29), (5, 40), (6, 5), (9, 38), (9, 47), (6, 23), (7, 86), (8, 51), (7, 95), (8, 60), (8, 78), (2, 7), (8, 87), (4, 44), (1, 38), (1, 47), (4, 80), (5, 8), (1, 56), (5, 17), (1, 65), (3, 84), (9, 15), (5, 26), (3, 93), (5, 35), (6, 0), (9, 33), (5, 44), (7, 63), (6, 18), (7, 72), (7, 90), (8, 55), (8, 82), (2, 11), (4, 30), (4, 39), (1, 24), (1, 42), (5, 3), (3, 70), (5, 21), (3, 88), (9, 19), (5, 39), (6, 4), (6, 13), (8, 32), (7, 76), (8, 50), (8, 59), (8, 68), (4, 34), (4, 43), (1, 19), (1, 28), (4, 61), (3, 65), (3, 83), (9, 14), (7, 62), (8, 27), (8, 36), (4, 11), (6, 93), (4, 20), (4, 38), (1, 14), (4, 47), (1, 32), (2, 86), (2, 95), (3, 60), (5, 2), (5, 11), (3, 78), (7, 39), (8, 13), (7, 57), (7, 66), (8, 31), (7, 75), (8, 49), (6, 79), (6, 97), (4, 24), (1, 9), (1, 18), (5, 6), (3, 73), (7, 43), (8, 17), (7, 61), (8, 26), (8, 44), (9, 98), (6, 74), (4, 1), (6, 83), (6, 92), (1, 4), (1, 13), (2, 85), (3, 50), (7, 29), (7, 56), (8, 21), (9, 75), (5, 86), (9, 84), (6, 60), (9, 93), (6, 78), (4, 5), (6, 87), (6, 96), (2, 44), (2, 62), (3, 27), (2, 71), (2, 80), (3, 45), (7, 6), (3, 54), (3, 63), (7, 24), (7, 33), (8, 7), (5, 72), (8, 16), (9, 70), (5, 81), (9, 79), (5, 90), (6, 55), (6, 64), (6, 73), (4, 0), (6, 82), (4, 9), (3, 13), (3, 22), (2, 75), (3, 49), (1, 79), (7, 19), (7, 28), (7, 37), (8, 2), (9, 56), (9, 65), (5, 76), (6, 41), (9, 74), (5, 85), (6, 50), (9, 83), (6, 59), (6, 68), (8, 96), (3, 8), (3, 17), (2, 61), (3, 44), (4, 98), (1, 74), (1, 83), (7, 14), (1, 92), (7, 23), (5, 62), (6, 27), (6, 36), (6, 45), (8, 91), (2, 20), (2, 38), (3, 3), (2, 47), (3, 12), (4, 84), (1, 60), (1, 69), (1, 78), (7, 9), (1, 87), (9, 37), (5, 48), (9, 46), (5, 57), (6, 22), (5, 66), (9, 64), (5, 84), (2, 6), (8, 86), (8, 95), (2, 24), (3, 7), (3, 16), (4, 70), (3, 25), (4, 79), (1, 55), (4, 88), (4, 97), (7, 4), (1, 82), (5, 43), (1, 91), (6, 8), (5, 52), (6, 17), (5, 61), (9, 59), (5, 70), (6, 35), (7, 98), (8, 72), (3, 11), (4, 65), (1, 41), (4, 74), (1, 50), (4, 83), (1, 59), (4, 92), (1, 68), (1, 77), (9, 27), (6, 3), (6, 12), (6, 21), (9, 54), (6, 30), (6, 39), (8, 67), (8, 85), (8, 94), (4, 42), (4, 51), (1, 27), (1, 36), (1, 45), (4, 78), (9, 4), (5, 15), (1, 63), (3, 91), (5, 33), (5, 42), (6, 7), (9, 40), (5, 51), (7, 79), (7, 97), (8, 62), (8, 89), (2, 18), (1, 22), (4, 55), (1, 31), (4, 64), (4, 73), (5, 1), (5, 10), (1, 58), (3, 86), (3, 95), (9, 26), (5, 37), (9, 35), (6, 11), (7, 65), (6, 20), (7, 74), (8, 48), (7, 92), (8, 57), (8, 75), (2, 4), (4, 23), (1, 8), (4, 41), (4, 50), (1, 26), (4, 59), (3, 72), (9, 12), (3, 90), (5, 32), (3, 99), (6, 6), (7, 60), (8, 25), (7, 78), (8, 43), (4, 18), (1, 12), (4, 45), (1, 21), (1, 39), (3, 58), (5, 0), (5, 9), (3, 76), (9, 7), (7, 46), (7, 55), (7, 64), (7, 73), (8, 56), (6, 86), (4, 13), (6, 95), (4, 31), (4, 40), (1, 16), (2, 70), (1, 25), (2, 79), (2, 88), (5, 4), (5, 13), (7, 32), (8, 6), (8, 24), (7, 68), (8, 33), (9, 87), (5, 98), (6, 72), (6, 99), (1, 2), (1, 11), (3, 39), (3, 48), (2, 92), (7, 18), (3, 66), (3, 75), (7, 36), (8, 1), (8, 19), (8, 28), (9, 82), (6, 76), (4, 3), (6, 85), (4, 12), (6, 94), (3, 34), (3, 43), (3, 52), (8, 5), (7, 49), (5, 79), (8, 23), (9, 86), (9, 95), (6, 80), (4, 16), (1, 1), (2, 55), (2, 64), (3, 56)}
Adjusting MOSEK solver parameters
MOSEK time limit set to 180s
Adding objective function for Lan
Initializing variables...
CALLBACK num variables : 758428
Adding ReLU constraints for layer 1
Adding ReLU constraints for layer 2
Adding ReLU constraints for layer 3
Adding ReLU constraints for layer 4
Adding ReLU constraints for layer 5
Adding ReLU constraints for layer 6
Adding ReLU constraints for layer 7
Adding ReLU constraints for layer 8
Adding ReLU constraints for layer 9
Adding quadratic bounds constraint
Adding quadratic bounds constraint for layer 0
Adding quadratic bounds constraint for layer 1
Adding quadratic bounds constraint for layer 2
Adding quadratic bounds constraint for layer 3
Adding quadratic bounds constraint for layer 4
Adding quadratic bounds constraint for layer 5
Adding quadratic bounds constraint for layer 6
Adding quadratic bounds constraint for layer 7
Adding quadratic bounds constraint for layer 8
Adding quadratic bounds constraint for layer 9
Adding RLT constraint (compact)
Indexes pruned for layer 1 : []
Indexes pruned for layer 2 : [1, 2, 4, 8, 9, 11, 12, 13, 14, 16, 18, 19, 21, 22, 24, 25, 26, 27, 28, 31, 32, 34, 36, 38, 39, 41, 42, 45, 47, 50, 53, 55, 56, 57, 58, 59, 60, 61, 63, 65, 66, 68, 69, 70, 71, 74, 75, 77, 78, 79, 80, 81, 82, 83, 85, 87, 90, 91, 92, 95]
Indexes pruned for layer 3 : [4, 6, 7, 11, 17, 18, 20, 24, 31, 38, 40, 44, 47, 50, 54, 55, 59, 61, 62, 64, 70, 71, 75, 79, 80, 85, 86, 88, 92, 95]
Indexes pruned for layer 4 : [0, 1, 3, 5, 6, 7, 8, 9, 11, 12, 13, 14, 15, 16, 17, 22, 25, 27, 28, 34, 37, 39, 42, 43, 44, 45, 48, 49, 50, 52, 54, 56, 58, 60, 63, 65, 66, 70, 72, 73, 75, 76, 78, 83, 84, 86, 88, 90, 91, 93, 95, 99]
Indexes pruned for layer 5 : [0, 1, 2, 3, 5, 9, 11, 12, 13, 16, 18, 20, 23, 24, 30, 31, 34, 38, 39, 40, 41, 42, 43, 44, 45, 47, 49, 50, 51, 55, 58, 59, 61, 64, 65, 68, 70, 72, 73, 74, 78, 79, 80, 81, 82, 83, 84, 86, 87, 88, 90, 92, 95, 97, 98, 99]
Indexes pruned for layer 6 : [0, 1, 2, 3, 4, 6, 8, 9, 10, 11, 13, 15, 17, 21, 22, 26, 27, 31, 32, 33, 35, 36, 37, 39, 40, 41, 42, 43, 44, 46, 48, 51, 52, 54, 55, 57, 60, 61, 62, 63, 65, 66, 68, 69, 70, 72, 73, 74, 76, 77, 79, 81, 83, 84, 85, 86, 87, 90, 92, 96, 98]
Indexes pruned for layer 7 : [0, 3, 4, 5, 6, 7, 8, 11, 12, 13, 17, 18, 19, 20, 21, 22, 23, 27, 28, 30, 34, 35, 36, 37, 38, 39, 41, 42, 45, 47, 48, 50, 55, 57, 59, 60, 61, 64, 66, 68, 70, 72, 73, 74, 75, 76, 78, 79, 80, 82, 83, 84, 85, 86, 87, 92, 93, 94, 95, 96, 97, 99]
Indexes pruned for layer 8 : [2, 3, 4, 6, 9, 11, 14, 17, 18, 19, 21, 23, 24, 26, 28, 29, 32, 33, 36, 37, 39, 43, 46, 49, 55, 56, 57, 60, 61, 62, 63, 64, 65, 66, 68, 72, 73, 74, 75, 76, 78, 79, 86, 90, 92, 95, 96, 97, 98]
Indexes pruned for layer 9 : [1, 2, 4, 5, 6, 7, 9, 13, 16, 17, 18, 19, 21, 23, 24, 25, 26, 27, 28, 31, 32, 33, 36, 43, 44, 48, 49, 50, 51, 55, 56, 57, 59, 60, 62, 65, 67, 68, 70, 72, 74, 75, 78, 79, 82, 83, 84, 85, 86, 87, 88, 89, 91, 93, 94, 95, 96]
CALLBACK : RLT (compact) = 49197 (dont 0 en repli chemin lent)
Adding rec matrices constraint
Number of constraints for the matrix by layers: 373 for 10 layers, [784 100 100 100 100 100 100 100 100 100  10] neurons, boundary layers: [1, 2, 3, 4, 5, 6, 7, 8]
Adding first term equal zero constraint
CALLBACK : Ending constraints. Total number of constraints :  150882
Cuts in _write_presolve_row:  ['RLT', 'triangularization']
Number of constraints before optimization:  150882
Number of variables before optimization:  758428
All possible cuts:  ['RLT', 'triangularization', 'McCormick_beta_z', 'beta_logits_comparaison', 'beta_logits_comparaison_big_M', 'sum_beta_logits_equal_logit']
Cuts added to dic for _write_presolve_row:  {'RLT': True, 'triangularization': True, 'McCormick_beta_z': False, 'beta_logits_comparaison': False, 'beta_logits_comparaison_big_M': False, 'sum_beta_logits_equal_logit': False}
Writing pre-solve row to results.csv with data_index: 89 target: 3
Pre-solve row written to results.csv with data_index: 89 target: 3
Pre-solve row written to results.csv with 150882 constraints and 758428 variables.
INFO     01:13:15     [objective_classic.py:97] Adding Objective to the task
CALLBACK : Number of constraints : 150882
[conic bundle] factor=0.01 x 147591 contraintes dualisables candidates => 1476 reellement dualisees (les 146115 autres relachees mais jamais penalisees)
  [cb_native dynamic calibration] h(0)=2.591109 pool_initial=50/1476
[cb_native dynamic] h(0)=2.591109 > positivity_threshold=1e-06 -- arret immediat (stop_when_positive).
[conic bundle] data_index=89 target=3 optimal_value=2.5911093792955913 n_iter=0 (59.80s)
Initializing TargetedSDP...
Creating list of ytargets...
K :  10
self.n :  [784 100 100 100 100 100 100 100 100 100  10]
Getting to compute bounds...
STUDY : use active neurons:  True use inactive neurons:  False
STUDY : Nb Stable neurons :  475
Number of cuts to test: 1
Cuts to test: [['RLT', 'triangularization']]
Initializing MosekClassicHandler

 
 folder name dans handler:  /lustre/fswork/projects/rech/llc/uvq13au/FastSDPCertification/results/benchmark/9x100-0.026/2026_10_02_00h37_33s_battery-targeted-rlt-cert
LAST_LAYER in resolve_layer_groups :  False
K :  10
CHORDAL_DECOMPOSITION  in resolve layer groups:  True
INPUT_IN_VARIABLES in resolve_layer_groups :  True
Taille de la matrice pour le groupe 0 [0, 1] : 824
Taille de la matrice pour le groupe 1 [1, 2] : 110
Taille de la matrice pour le groupe 2 [2, 3] : 118
Taille de la matrice pour le groupe 3 [3, 4] : 92
Taille de la matrice pour le groupe 4 [4, 5] : 83
Taille de la matrice pour le groupe 5 [5, 6] : 77
Taille de la matrice pour le groupe 6 [6, 7] : 89
Taille de la matrice pour le groupe 7 [7, 8] : 94
Taille de la matrice pour le groupe 8 [8, 9] : 95
Neurones stables actives:  set()
Neurones stables inactives:  {(7, 17), (1, 95), (7, 26), (5, 65), (8, 9), (5, 74), (8, 18), (9, 72), (5, 83), (6, 48), (5, 92), (6, 57), (9, 90), (6, 66), (9, 99), (6, 75), (4, 2), (6, 84), (3, 6), (2, 50), (3, 15), (2, 59), (4, 87), (3, 42), (7, 3), (1, 81), (1, 90), (7, 21), (9, 49), (5, 60), (8, 4), (5, 69), (6, 34), (9, 67), (9, 76), (5, 87), (5, 96), (6, 61), (6, 70), (3, 1), (2, 54), (3, 28), (4, 82), (3, 37), (1, 85), (5, 46), (9, 44), (5, 55), (5, 73), (6, 38), (6, 47), (8, 84), (8, 93), (2, 31), (2, 40), (3, 5), (3, 14), (4, 68), (1, 53), (4, 86), (4, 95), (1, 71), (7, 2), (1, 80), (7, 11), (9, 30), (5, 41), (9, 39), (5, 68), (9, 66), (5, 77), (6, 42), (7, 96), (8, 70), (8, 79), (8, 88), (2, 17), (3, 0), (3, 9), (4, 72), (4, 81), (1, 57), (4, 90), (1, 66), (4, 99), (5, 27), (1, 75), (9, 25), (5, 36), (9, 34), (5, 54), (6, 19), (9, 52), (5, 63), (6, 28), (6, 37), (8, 65), (8, 74), (8, 83), (4, 49), (4, 58), (1, 34), (1, 61), (9, 11), (5, 22), (1, 70), (9, 20), (5, 31), (9, 29), (5, 40), (6, 5), (9, 38), (9, 47), (6, 23), (7, 86), (8, 51), (7, 95), (8, 60), (8, 78), (2, 7), (8, 87), (4, 44), (1, 38), (1, 47), (4, 80), (5, 8), (1, 56), (5, 17), (1, 65), (3, 84), (9, 15), (5, 26), (3, 93), (5, 35), (6, 0), (9, 33), (5, 44), (7, 63), (6, 18), (7, 72), (7, 90), (8, 55), (8, 82), (2, 11), (4, 30), (4, 39), (1, 24), (1, 42), (5, 3), (3, 70), (5, 21), (3, 88), (9, 19), (5, 39), (6, 4), (6, 13), (8, 32), (7, 76), (8, 50), (8, 59), (8, 68), (4, 34), (4, 43), (1, 19), (1, 28), (4, 61), (3, 65), (3, 83), (9, 14), (7, 62), (8, 27), (8, 36), (4, 11), (6, 93), (4, 20), (4, 38), (1, 14), (4, 47), (1, 32), (2, 86), (2, 95), (3, 60), (5, 2), (5, 11), (3, 78), (7, 39), (8, 13), (7, 57), (7, 66), (8, 31), (7, 75), (8, 49), (6, 79), (6, 97), (4, 24), (1, 9), (1, 18), (5, 6), (3, 73), (7, 43), (8, 17), (7, 61), (8, 26), (8, 44), (9, 98), (6, 74), (4, 1), (6, 83), (6, 92), (1, 4), (1, 13), (2, 85), (3, 50), (7, 29), (7, 56), (8, 21), (9, 75), (5, 86), (9, 84), (6, 60), (9, 93), (6, 78), (4, 5), (6, 87), (6, 96), (2, 44), (2, 62), (3, 27), (2, 71), (2, 80), (3, 45), (7, 6), (3, 54), (3, 63), (7, 24), (7, 33), (8, 7), (5, 72), (8, 16), (9, 70), (5, 81), (9, 79), (5, 90), (6, 55), (6, 64), (6, 73), (4, 0), (6, 82), (4, 9), (3, 13), (3, 22), (2, 75), (3, 49), (1, 79), (7, 19), (7, 28), (7, 37), (8, 2), (9, 56), (9, 65), (5, 76), (6, 41), (9, 74), (5, 85), (6, 50), (9, 83), (6, 59), (6, 68), (8, 96), (3, 8), (3, 17), (2, 61), (3, 44), (4, 98), (1, 74), (1, 83), (7, 14), (1, 92), (7, 23), (5, 62), (6, 27), (6, 36), (6, 45), (8, 91), (2, 20), (2, 38), (3, 3), (2, 47), (3, 12), (4, 84), (1, 60), (1, 69), (1, 78), (7, 9), (1, 87), (9, 37), (5, 48), (9, 46), (5, 57), (6, 22), (5, 66), (9, 64), (5, 84), (2, 6), (8, 86), (8, 95), (2, 24), (3, 7), (3, 16), (4, 70), (3, 25), (4, 79), (1, 55), (4, 88), (4, 97), (7, 4), (1, 82), (5, 43), (1, 91), (6, 8), (5, 52), (6, 17), (5, 61), (9, 59), (5, 70), (6, 35), (7, 98), (8, 72), (3, 11), (4, 65), (1, 41), (4, 74), (1, 50), (4, 83), (1, 59), (4, 92), (1, 68), (1, 77), (9, 27), (6, 3), (6, 12), (6, 21), (9, 54), (6, 30), (6, 39), (8, 67), (8, 85), (8, 94), (4, 42), (4, 51), (1, 27), (1, 36), (1, 45), (4, 78), (9, 4), (5, 15), (1, 63), (3, 91), (5, 33), (5, 42), (6, 7), (9, 40), (5, 51), (7, 79), (7, 97), (8, 62), (8, 89), (2, 18), (1, 22), (4, 55), (1, 31), (4, 64), (4, 73), (5, 1), (5, 10), (1, 58), (3, 86), (3, 95), (9, 26), (5, 37), (9, 35), (6, 11), (7, 65), (6, 20), (7, 74), (8, 48), (7, 92), (8, 57), (8, 75), (2, 4), (4, 23), (1, 8), (4, 41), (4, 50), (1, 26), (4, 59), (3, 72), (9, 12), (3, 90), (5, 32), (3, 99), (6, 6), (7, 60), (8, 25), (7, 78), (8, 43), (4, 18), (1, 12), (4, 45), (1, 21), (1, 39), (3, 58), (5, 0), (5, 9), (3, 76), (9, 7), (7, 46), (7, 55), (7, 64), (7, 73), (8, 56), (6, 86), (4, 13), (6, 95), (4, 31), (4, 40), (1, 16), (2, 70), (1, 25), (2, 79), (2, 88), (5, 4), (5, 13), (7, 32), (8, 6), (8, 24), (7, 68), (8, 33), (9, 87), (5, 98), (6, 72), (6, 99), (1, 2), (1, 11), (3, 39), (3, 48), (2, 92), (7, 18), (3, 66), (3, 75), (7, 36), (8, 1), (8, 19), (8, 28), (9, 82), (6, 76), (4, 3), (6, 85), (4, 12), (6, 94), (3, 34), (3, 43), (3, 52), (8, 5), (7, 49), (5, 79), (8, 23), (9, 86), (9, 95), (6, 80), (4, 16), (1, 1), (2, 55), (2, 64), (3, 56)}
Adjusting MOSEK solver parameters
MOSEK time limit set to 180s
Adding objective function for Lan
Initializing variables...
CALLBACK num variables : 758428
Adding ReLU constraints for layer 1
Adding ReLU constraints for layer 2
Adding ReLU constraints for layer 3
Adding ReLU constraints for layer 4
Adding ReLU constraints for layer 5
Adding ReLU constraints for layer 6
Adding ReLU constraints for layer 7
Adding ReLU constraints for layer 8
Adding ReLU constraints for layer 9
Adding quadratic bounds constraint
Adding quadratic bounds constraint for layer 0
Adding quadratic bounds constraint for layer 1
Adding quadratic bounds constraint for layer 2
Adding quadratic bounds constraint for layer 3
Adding quadratic bounds constraint for layer 4
Adding quadratic bounds constraint for layer 5
Adding quadratic bounds constraint for layer 6
Adding quadratic bounds constraint for layer 7
Adding quadratic bounds constraint for layer 8
Adding quadratic bounds constraint for layer 9
Adding RLT constraint (compact)
Indexes pruned for layer 1 : []
Indexes pruned for layer 2 : [1, 2, 4, 8, 9, 11, 12, 13, 14, 16, 18, 19, 21, 22, 24, 25, 26, 27, 28, 31, 32, 34, 36, 38, 39, 41, 42, 45, 47, 50, 53, 55, 56, 57, 58, 59, 60, 61, 63, 65, 66, 68, 69, 70, 71, 74, 75, 77, 78, 79, 80, 81, 82, 83, 85, 87, 90, 91, 92, 95]
Indexes pruned for layer 3 : [4, 6, 7, 11, 17, 18, 20, 24, 31, 38, 40, 44, 47, 50, 54, 55, 59, 61, 62, 64, 70, 71, 75, 79, 80, 85, 86, 88, 92, 95]
Indexes pruned for layer 4 : [0, 1, 3, 5, 6, 7, 8, 9, 11, 12, 13, 14, 15, 16, 17, 22, 25, 27, 28, 34, 37, 39, 42, 43, 44, 45, 48, 49, 50, 52, 54, 56, 58, 60, 63, 65, 66, 70, 72, 73, 75, 76, 78, 83, 84, 86, 88, 90, 91, 93, 95, 99]
Indexes pruned for layer 5 : [0, 1, 2, 3, 5, 9, 11, 12, 13, 16, 18, 20, 23, 24, 30, 31, 34, 38, 39, 40, 41, 42, 43, 44, 45, 47, 49, 50, 51, 55, 58, 59, 61, 64, 65, 68, 70, 72, 73, 74, 78, 79, 80, 81, 82, 83, 84, 86, 87, 88, 90, 92, 95, 97, 98, 99]
Indexes pruned for layer 6 : [0, 1, 2, 3, 4, 6, 8, 9, 10, 11, 13, 15, 17, 21, 22, 26, 27, 31, 32, 33, 35, 36, 37, 39, 40, 41, 42, 43, 44, 46, 48, 51, 52, 54, 55, 57, 60, 61, 62, 63, 65, 66, 68, 69, 70, 72, 73, 74, 76, 77, 79, 81, 83, 84, 85, 86, 87, 90, 92, 96, 98]
Indexes pruned for layer 7 : [0, 3, 4, 5, 6, 7, 8, 11, 12, 13, 17, 18, 19, 20, 21, 22, 23, 27, 28, 30, 34, 35, 36, 37, 38, 39, 41, 42, 45, 47, 48, 50, 55, 57, 59, 60, 61, 64, 66, 68, 70, 72, 73, 74, 75, 76, 78, 79, 80, 82, 83, 84, 85, 86, 87, 92, 93, 94, 95, 96, 97, 99]
Indexes pruned for layer 8 : [2, 3, 4, 6, 9, 11, 14, 17, 18, 19, 21, 23, 24, 26, 28, 29, 32, 33, 36, 37, 39, 43, 46, 49, 55, 56, 57, 60, 61, 62, 63, 64, 65, 66, 68, 72, 73, 74, 75, 76, 78, 79, 86, 90, 92, 95, 96, 97, 98]
Indexes pruned for layer 9 : [1, 2, 4, 5, 6, 7, 9, 13, 16, 17, 18, 19, 21, 23, 24, 25, 26, 27, 28, 31, 32, 33, 36, 43, 44, 48, 49, 50, 51, 55, 56, 57, 59, 60, 62, 65, 67, 68, 70, 72, 74, 75, 78, 79, 82, 83, 84, 85, 86, 87, 88, 89, 91, 93, 94, 95, 96]
CALLBACK : RLT (compact) = 49197 (dont 0 en repli chemin lent)
Adding rec matrices constraint
Number of constraints for the matrix by layers: 373 for 10 layers, [784 100 100 100 100 100 100 100 100 100  10] neurons, boundary layers: [1, 2, 3, 4, 5, 6, 7, 8]
Adding first term equal zero constraint
CALLBACK : Ending constraints. Total number of constraints :  150882
Cuts in _write_presolve_row:  ['RLT', 'triangularization']
Number of constraints before optimization:  150882
Number of variables before optimization:  758428
All possible cuts:  ['RLT', 'triangularization', 'McCormick_beta_z', 'beta_logits_comparaison', 'beta_logits_comparaison_big_M', 'sum_beta_logits_equal_logit']
Cuts added to dic for _write_presolve_row:  {'RLT': True, 'triangularization': True, 'McCormick_beta_z': False, 'beta_logits_comparaison': False, 'beta_logits_comparaison_big_M': False, 'sum_beta_logits_equal_logit': False}
Writing pre-solve row to results.csv with data_index: 89 target: 4
Pre-solve row written to results.csv with data_index: 89 target: 4
Pre-solve row written to results.csv with 150882 constraints and 758428 variables.
INFO     01:14:17     [objective_classic.py:97] Adding Objective to the task
CALLBACK : Number of constraints : 150882
[conic bundle] factor=0.01 x 147591 contraintes dualisables candidates => 1476 reellement dualisees (les 146115 autres relachees mais jamais penalisees)
  [cb_native dynamic calibration] h(0)=4.453671 pool_initial=50/1476
[cb_native dynamic] h(0)=4.453671 > positivity_threshold=1e-06 -- arret immediat (stop_when_positive).
[conic bundle] data_index=89 target=4 optimal_value=4.453670709583889 n_iter=0 (38.20s)
Initializing TargetedSDP...
Creating list of ytargets...
K :  10
self.n :  [784 100 100 100 100 100 100 100 100 100  10]
Getting to compute bounds...
STUDY : use active neurons:  True use inactive neurons:  False
STUDY : Nb Stable neurons :  475
Number of cuts to test: 1
Cuts to test: [['RLT', 'triangularization']]
Initializing MosekClassicHandler

 
 folder name dans handler:  /lustre/fswork/projects/rech/llc/uvq13au/FastSDPCertification/results/benchmark/9x100-0.026/2026_10_02_00h37_33s_battery-targeted-rlt-cert
LAST_LAYER in resolve_layer_groups :  False
K :  10
CHORDAL_DECOMPOSITION  in resolve layer groups:  True
INPUT_IN_VARIABLES in resolve_layer_groups :  True
Taille de la matrice pour le groupe 0 [0, 1] : 824
Taille de la matrice pour le groupe 1 [1, 2] : 110
Taille de la matrice pour le groupe 2 [2, 3] : 118
Taille de la matrice pour le groupe 3 [3, 4] : 92
Taille de la matrice pour le groupe 4 [4, 5] : 83
Taille de la matrice pour le groupe 5 [5, 6] : 77
Taille de la matrice pour le groupe 6 [6, 7] : 89
Taille de la matrice pour le groupe 7 [7, 8] : 94
Taille de la matrice pour le groupe 8 [8, 9] : 95
Neurones stables actives:  set()
Neurones stables inactives:  {(7, 17), (1, 95), (7, 26), (5, 65), (8, 9), (5, 74), (8, 18), (9, 72), (5, 83), (6, 48), (5, 92), (6, 57), (9, 90), (6, 66), (9, 99), (6, 75), (4, 2), (6, 84), (3, 6), (2, 50), (3, 15), (2, 59), (4, 87), (3, 42), (7, 3), (1, 81), (1, 90), (7, 21), (9, 49), (5, 60), (8, 4), (5, 69), (6, 34), (9, 67), (9, 76), (5, 87), (5, 96), (6, 61), (6, 70), (3, 1), (2, 54), (3, 28), (4, 82), (3, 37), (1, 85), (5, 46), (9, 44), (5, 55), (5, 73), (6, 38), (6, 47), (8, 84), (8, 93), (2, 31), (2, 40), (3, 5), (3, 14), (4, 68), (1, 53), (4, 86), (4, 95), (1, 71), (7, 2), (1, 80), (7, 11), (9, 30), (5, 41), (9, 39), (5, 68), (9, 66), (5, 77), (6, 42), (7, 96), (8, 70), (8, 79), (8, 88), (2, 17), (3, 0), (3, 9), (4, 72), (4, 81), (1, 57), (4, 90), (1, 66), (4, 99), (5, 27), (1, 75), (9, 25), (5, 36), (9, 34), (5, 54), (6, 19), (9, 52), (5, 63), (6, 28), (6, 37), (8, 65), (8, 74), (8, 83), (4, 49), (4, 58), (1, 34), (1, 61), (9, 11), (5, 22), (1, 70), (9, 20), (5, 31), (9, 29), (5, 40), (6, 5), (9, 38), (9, 47), (6, 23), (7, 86), (8, 51), (7, 95), (8, 60), (8, 78), (2, 7), (8, 87), (4, 44), (1, 38), (1, 47), (4, 80), (5, 8), (1, 56), (5, 17), (1, 65), (3, 84), (9, 15), (5, 26), (3, 93), (5, 35), (6, 0), (9, 33), (5, 44), (7, 63), (6, 18), (7, 72), (7, 90), (8, 55), (8, 82), (2, 11), (4, 30), (4, 39), (1, 24), (1, 42), (5, 3), (3, 70), (5, 21), (3, 88), (9, 19), (5, 39), (6, 4), (6, 13), (8, 32), (7, 76), (8, 50), (8, 59), (8, 68), (4, 34), (4, 43), (1, 19), (1, 28), (4, 61), (3, 65), (3, 83), (9, 14), (7, 62), (8, 27), (8, 36), (4, 11), (6, 93), (4, 20), (4, 38), (1, 14), (4, 47), (1, 32), (2, 86), (2, 95), (3, 60), (5, 2), (5, 11), (3, 78), (7, 39), (8, 13), (7, 57), (7, 66), (8, 31), (7, 75), (8, 49), (6, 79), (6, 97), (4, 24), (1, 9), (1, 18), (5, 6), (3, 73), (7, 43), (8, 17), (7, 61), (8, 26), (8, 44), (9, 98), (6, 74), (4, 1), (6, 83), (6, 92), (1, 4), (1, 13), (2, 85), (3, 50), (7, 29), (7, 56), (8, 21), (9, 75), (5, 86), (9, 84), (6, 60), (9, 93), (6, 78), (4, 5), (6, 87), (6, 96), (2, 44), (2, 62), (3, 27), (2, 71), (2, 80), (3, 45), (7, 6), (3, 54), (3, 63), (7, 24), (7, 33), (8, 7), (5, 72), (8, 16), (9, 70), (5, 81), (9, 79), (5, 90), (6, 55), (6, 64), (6, 73), (4, 0), (6, 82), (4, 9), (3, 13), (3, 22), (2, 75), (3, 49), (1, 79), (7, 19), (7, 28), (7, 37), (8, 2), (9, 56), (9, 65), (5, 76), (6, 41), (9, 74), (5, 85), (6, 50), (9, 83), (6, 59), (6, 68), (8, 96), (3, 8), (3, 17), (2, 61), (3, 44), (4, 98), (1, 74), (1, 83), (7, 14), (1, 92), (7, 23), (5, 62), (6, 27), (6, 36), (6, 45), (8, 91), (2, 20), (2, 38), (3, 3), (2, 47), (3, 12), (4, 84), (1, 60), (1, 69), (1, 78), (7, 9), (1, 87), (9, 37), (5, 48), (9, 46), (5, 57), (6, 22), (5, 66), (9, 64), (5, 84), (2, 6), (8, 86), (8, 95), (2, 24), (3, 7), (3, 16), (4, 70), (3, 25), (4, 79), (1, 55), (4, 88), (4, 97), (7, 4), (1, 82), (5, 43), (1, 91), (6, 8), (5, 52), (6, 17), (5, 61), (9, 59), (5, 70), (6, 35), (7, 98), (8, 72), (3, 11), (4, 65), (1, 41), (4, 74), (1, 50), (4, 83), (1, 59), (4, 92), (1, 68), (1, 77), (9, 27), (6, 3), (6, 12), (6, 21), (9, 54), (6, 30), (6, 39), (8, 67), (8, 85), (8, 94), (4, 42), (4, 51), (1, 27), (1, 36), (1, 45), (4, 78), (9, 4), (5, 15), (1, 63), (3, 91), (5, 33), (5, 42), (6, 7), (9, 40), (5, 51), (7, 79), (7, 97), (8, 62), (8, 89), (2, 18), (1, 22), (4, 55), (1, 31), (4, 64), (4, 73), (5, 1), (5, 10), (1, 58), (3, 86), (3, 95), (9, 26), (5, 37), (9, 35), (6, 11), (7, 65), (6, 20), (7, 74), (8, 48), (7, 92), (8, 57), (8, 75), (2, 4), (4, 23), (1, 8), (4, 41), (4, 50), (1, 26), (4, 59), (3, 72), (9, 12), (3, 90), (5, 32), (3, 99), (6, 6), (7, 60), (8, 25), (7, 78), (8, 43), (4, 18), (1, 12), (4, 45), (1, 21), (1, 39), (3, 58), (5, 0), (5, 9), (3, 76), (9, 7), (7, 46), (7, 55), (7, 64), (7, 73), (8, 56), (6, 86), (4, 13), (6, 95), (4, 31), (4, 40), (1, 16), (2, 70), (1, 25), (2, 79), (2, 88), (5, 4), (5, 13), (7, 32), (8, 6), (8, 24), (7, 68), (8, 33), (9, 87), (5, 98), (6, 72), (6, 99), (1, 2), (1, 11), (3, 39), (3, 48), (2, 92), (7, 18), (3, 66), (3, 75), (7, 36), (8, 1), (8, 19), (8, 28), (9, 82), (6, 76), (4, 3), (6, 85), (4, 12), (6, 94), (3, 34), (3, 43), (3, 52), (8, 5), (7, 49), (5, 79), (8, 23), (9, 86), (9, 95), (6, 80), (4, 16), (1, 1), (2, 55), (2, 64), (3, 56)}
Adjusting MOSEK solver parameters
MOSEK time limit set to 180s
Adding objective function for Lan
Initializing variables...
CALLBACK num variables : 758428
Adding ReLU constraints for layer 1
Adding ReLU constraints for layer 2
Adding ReLU constraints for layer 3
Adding ReLU constraints for layer 4
Adding ReLU constraints for layer 5
Adding ReLU constraints for layer 6
Adding ReLU constraints for layer 7
Adding ReLU constraints for layer 8
Adding ReLU constraints for layer 9
Adding quadratic bounds constraint
Adding quadratic bounds constraint for layer 0
Adding quadratic bounds constraint for layer 1
Adding quadratic bounds constraint for layer 2
Adding quadratic bounds constraint for layer 3
Adding quadratic bounds constraint for layer 4
Adding quadratic bounds constraint for layer 5
Adding quadratic bounds constraint for layer 6
Adding quadratic bounds constraint for layer 7
Adding quadratic bounds constraint for layer 8
Adding quadratic bounds constraint for layer 9
Adding RLT constraint (compact)
Indexes pruned for layer 1 : []
Indexes pruned for layer 2 : [1, 2, 4, 8, 9, 11, 12, 13, 14, 16, 18, 19, 21, 22, 24, 25, 26, 27, 28, 31, 32, 34, 36, 38, 39, 41, 42, 45, 47, 50, 53, 55, 56, 57, 58, 59, 60, 61, 63, 65, 66, 68, 69, 70, 71, 74, 75, 77, 78, 79, 80, 81, 82, 83, 85, 87, 90, 91, 92, 95]
Indexes pruned for layer 3 : [4, 6, 7, 11, 17, 18, 20, 24, 31, 38, 40, 44, 47, 50, 54, 55, 59, 61, 62, 64, 70, 71, 75, 79, 80, 85, 86, 88, 92, 95]
Indexes pruned for layer 4 : [0, 1, 3, 5, 6, 7, 8, 9, 11, 12, 13, 14, 15, 16, 17, 22, 25, 27, 28, 34, 37, 39, 42, 43, 44, 45, 48, 49, 50, 52, 54, 56, 58, 60, 63, 65, 66, 70, 72, 73, 75, 76, 78, 83, 84, 86, 88, 90, 91, 93, 95, 99]
Indexes pruned for layer 5 : [0, 1, 2, 3, 5, 9, 11, 12, 13, 16, 18, 20, 23, 24, 30, 31, 34, 38, 39, 40, 41, 42, 43, 44, 45, 47, 49, 50, 51, 55, 58, 59, 61, 64, 65, 68, 70, 72, 73, 74, 78, 79, 80, 81, 82, 83, 84, 86, 87, 88, 90, 92, 95, 97, 98, 99]
Indexes pruned for layer 6 : [0, 1, 2, 3, 4, 6, 8, 9, 10, 11, 13, 15, 17, 21, 22, 26, 27, 31, 32, 33, 35, 36, 37, 39, 40, 41, 42, 43, 44, 46, 48, 51, 52, 54, 55, 57, 60, 61, 62, 63, 65, 66, 68, 69, 70, 72, 73, 74, 76, 77, 79, 81, 83, 84, 85, 86, 87, 90, 92, 96, 98]
Indexes pruned for layer 7 : [0, 3, 4, 5, 6, 7, 8, 11, 12, 13, 17, 18, 19, 20, 21, 22, 23, 27, 28, 30, 34, 35, 36, 37, 38, 39, 41, 42, 45, 47, 48, 50, 55, 57, 59, 60, 61, 64, 66, 68, 70, 72, 73, 74, 75, 76, 78, 79, 80, 82, 83, 84, 85, 86, 87, 92, 93, 94, 95, 96, 97, 99]
Indexes pruned for layer 8 : [2, 3, 4, 6, 9, 11, 14, 17, 18, 19, 21, 23, 24, 26, 28, 29, 32, 33, 36, 37, 39, 43, 46, 49, 55, 56, 57, 60, 61, 62, 63, 64, 65, 66, 68, 72, 73, 74, 75, 76, 78, 79, 86, 90, 92, 95, 96, 97, 98]
Indexes pruned for layer 9 : [1, 2, 4, 5, 6, 7, 9, 13, 16, 17, 18, 19, 21, 23, 24, 25, 26, 27, 28, 31, 32, 33, 36, 43, 44, 48, 49, 50, 51, 55, 56, 57, 59, 60, 62, 65, 67, 68, 70, 72, 74, 75, 78, 79, 82, 83, 84, 85, 86, 87, 88, 89, 91, 93, 94, 95, 96]
CALLBACK : RLT (compact) = 49197 (dont 0 en repli chemin lent)
Adding rec matrices constraint
Number of constraints for the matrix by layers: 373 for 10 layers, [784 100 100 100 100 100 100 100 100 100  10] neurons, boundary layers: [1, 2, 3, 4, 5, 6, 7, 8]
Adding first term equal zero constraint
CALLBACK : Ending constraints. Total number of constraints :  150882
Cuts in _write_presolve_row:  ['RLT', 'triangularization']
Number of constraints before optimization:  150882
Number of variables before optimization:  758428
All possible cuts:  ['RLT', 'triangularization', 'McCormick_beta_z', 'beta_logits_comparaison', 'beta_logits_comparaison_big_M', 'sum_beta_logits_equal_logit']
Cuts added to dic for _write_presolve_row:  {'RLT': True, 'triangularization': True, 'McCormick_beta_z': False, 'beta_logits_comparaison': False, 'beta_logits_comparaison_big_M': False, 'sum_beta_logits_equal_logit': False}
Writing pre-solve row to results.csv with data_index: 89 target: 5
Pre-solve row written to results.csv with data_index: 89 target: 5
Pre-solve row written to results.csv with 150882 constraints and 758428 variables.
INFO     01:14:57     [objective_classic.py:97] Adding Objective to the task
CALLBACK : Number of constraints : 150882
[conic bundle] factor=0.01 x 147591 contraintes dualisables candidates => 1476 reellement dualisees (les 146115 autres relachees mais jamais penalisees)
  [cb_native dynamic calibration] h(0)=8.309349 pool_initial=50/1476
[cb_native dynamic] h(0)=8.309349 > positivity_threshold=1e-06 -- arret immediat (stop_when_positive).
[conic bundle] data_index=89 target=5 optimal_value=8.30934934478013 n_iter=0 (79.61s)
Initializing TargetedSDP...
Creating list of ytargets...
K :  10
self.n :  [784 100 100 100 100 100 100 100 100 100  10]
Getting to compute bounds...
STUDY : use active neurons:  True use inactive neurons:  False
STUDY : Nb Stable neurons :  475
Number of cuts to test: 1
Cuts to test: [['RLT', 'triangularization']]
Initializing MosekClassicHandler

 
 folder name dans handler:  /lustre/fswork/projects/rech/llc/uvq13au/FastSDPCertification/results/benchmark/9x100-0.026/2026_10_02_00h37_33s_battery-targeted-rlt-cert
LAST_LAYER in resolve_layer_groups :  False
K :  10
CHORDAL_DECOMPOSITION  in resolve layer groups:  True
INPUT_IN_VARIABLES in resolve_layer_groups :  True
Taille de la matrice pour le groupe 0 [0, 1] : 824
Taille de la matrice pour le groupe 1 [1, 2] : 110
Taille de la matrice pour le groupe 2 [2, 3] : 118
Taille de la matrice pour le groupe 3 [3, 4] : 92
Taille de la matrice pour le groupe 4 [4, 5] : 83
Taille de la matrice pour le groupe 5 [5, 6] : 77
Taille de la matrice pour le groupe 6 [6, 7] : 89
Taille de la matrice pour le groupe 7 [7, 8] : 94
Taille de la matrice pour le groupe 8 [8, 9] : 95
Neurones stables actives:  set()
Neurones stables inactives:  {(7, 17), (1, 95), (7, 26), (5, 65), (8, 9), (5, 74), (8, 18), (9, 72), (5, 83), (6, 48), (5, 92), (6, 57), (9, 90), (6, 66), (9, 99), (6, 75), (4, 2), (6, 84), (3, 6), (2, 50), (3, 15), (2, 59), (4, 87), (3, 42), (7, 3), (1, 81), (1, 90), (7, 21), (9, 49), (5, 60), (8, 4), (5, 69), (6, 34), (9, 67), (9, 76), (5, 87), (5, 96), (6, 61), (6, 70), (3, 1), (2, 54), (3, 28), (4, 82), (3, 37), (1, 85), (5, 46), (9, 44), (5, 55), (5, 73), (6, 38), (6, 47), (8, 84), (8, 93), (2, 31), (2, 40), (3, 5), (3, 14), (4, 68), (1, 53), (4, 86), (4, 95), (1, 71), (7, 2), (1, 80), (7, 11), (9, 30), (5, 41), (9, 39), (5, 68), (9, 66), (5, 77), (6, 42), (7, 96), (8, 70), (8, 79), (8, 88), (2, 17), (3, 0), (3, 9), (4, 72), (4, 81), (1, 57), (4, 90), (1, 66), (4, 99), (5, 27), (1, 75), (9, 25), (5, 36), (9, 34), (5, 54), (6, 19), (9, 52), (5, 63), (6, 28), (6, 37), (8, 65), (8, 74), (8, 83), (4, 49), (4, 58), (1, 34), (1, 61), (9, 11), (5, 22), (1, 70), (9, 20), (5, 31), (9, 29), (5, 40), (6, 5), (9, 38), (9, 47), (6, 23), (7, 86), (8, 51), (7, 95), (8, 60), (8, 78), (2, 7), (8, 87), (4, 44), (1, 38), (1, 47), (4, 80), (5, 8), (1, 56), (5, 17), (1, 65), (3, 84), (9, 15), (5, 26), (3, 93), (5, 35), (6, 0), (9, 33), (5, 44), (7, 63), (6, 18), (7, 72), (7, 90), (8, 55), (8, 82), (2, 11), (4, 30), (4, 39), (1, 24), (1, 42), (5, 3), (3, 70), (5, 21), (3, 88), (9, 19), (5, 39), (6, 4), (6, 13), (8, 32), (7, 76), (8, 50), (8, 59), (8, 68), (4, 34), (4, 43), (1, 19), (1, 28), (4, 61), (3, 65), (3, 83), (9, 14), (7, 62), (8, 27), (8, 36), (4, 11), (6, 93), (4, 20), (4, 38), (1, 14), (4, 47), (1, 32), (2, 86), (2, 95), (3, 60), (5, 2), (5, 11), (3, 78), (7, 39), (8, 13), (7, 57), (7, 66), (8, 31), (7, 75), (8, 49), (6, 79), (6, 97), (4, 24), (1, 9), (1, 18), (5, 6), (3, 73), (7, 43), (8, 17), (7, 61), (8, 26), (8, 44), (9, 98), (6, 74), (4, 1), (6, 83), (6, 92), (1, 4), (1, 13), (2, 85), (3, 50), (7, 29), (7, 56), (8, 21), (9, 75), (5, 86), (9, 84), (6, 60), (9, 93), (6, 78), (4, 5), (6, 87), (6, 96), (2, 44), (2, 62), (3, 27), (2, 71), (2, 80), (3, 45), (7, 6), (3, 54), (3, 63), (7, 24), (7, 33), (8, 7), (5, 72), (8, 16), (9, 70), (5, 81), (9, 79), (5, 90), (6, 55), (6, 64), (6, 73), (4, 0), (6, 82), (4, 9), (3, 13), (3, 22), (2, 75), (3, 49), (1, 79), (7, 19), (7, 28), (7, 37), (8, 2), (9, 56), (9, 65), (5, 76), (6, 41), (9, 74), (5, 85), (6, 50), (9, 83), (6, 59), (6, 68), (8, 96), (3, 8), (3, 17), (2, 61), (3, 44), (4, 98), (1, 74), (1, 83), (7, 14), (1, 92), (7, 23), (5, 62), (6, 27), (6, 36), (6, 45), (8, 91), (2, 20), (2, 38), (3, 3), (2, 47), (3, 12), (4, 84), (1, 60), (1, 69), (1, 78), (7, 9), (1, 87), (9, 37), (5, 48), (9, 46), (5, 57), (6, 22), (5, 66), (9, 64), (5, 84), (2, 6), (8, 86), (8, 95), (2, 24), (3, 7), (3, 16), (4, 70), (3, 25), (4, 79), (1, 55), (4, 88), (4, 97), (7, 4), (1, 82), (5, 43), (1, 91), (6, 8), (5, 52), (6, 17), (5, 61), (9, 59), (5, 70), (6, 35), (7, 98), (8, 72), (3, 11), (4, 65), (1, 41), (4, 74), (1, 50), (4, 83), (1, 59), (4, 92), (1, 68), (1, 77), (9, 27), (6, 3), (6, 12), (6, 21), (9, 54), (6, 30), (6, 39), (8, 67), (8, 85), (8, 94), (4, 42), (4, 51), (1, 27), (1, 36), (1, 45), (4, 78), (9, 4), (5, 15), (1, 63), (3, 91), (5, 33), (5, 42), (6, 7), (9, 40), (5, 51), (7, 79), (7, 97), (8, 62), (8, 89), (2, 18), (1, 22), (4, 55), (1, 31), (4, 64), (4, 73), (5, 1), (5, 10), (1, 58), (3, 86), (3, 95), (9, 26), (5, 37), (9, 35), (6, 11), (7, 65), (6, 20), (7, 74), (8, 48), (7, 92), (8, 57), (8, 75), (2, 4), (4, 23), (1, 8), (4, 41), (4, 50), (1, 26), (4, 59), (3, 72), (9, 12), (3, 90), (5, 32), (3, 99), (6, 6), (7, 60), (8, 25), (7, 78), (8, 43), (4, 18), (1, 12), (4, 45), (1, 21), (1, 39), (3, 58), (5, 0), (5, 9), (3, 76), (9, 7), (7, 46), (7, 55), (7, 64), (7, 73), (8, 56), (6, 86), (4, 13), (6, 95), (4, 31), (4, 40), (1, 16), (2, 70), (1, 25), (2, 79), (2, 88), (5, 4), (5, 13), (7, 32), (8, 6), (8, 24), (7, 68), (8, 33), (9, 87), (5, 98), (6, 72), (6, 99), (1, 2), (1, 11), (3, 39), (3, 48), (2, 92), (7, 18), (3, 66), (3, 75), (7, 36), (8, 1), (8, 19), (8, 28), (9, 82), (6, 76), (4, 3), (6, 85), (4, 12), (6, 94), (3, 34), (3, 43), (3, 52), (8, 5), (7, 49), (5, 79), (8, 23), (9, 86), (9, 95), (6, 80), (4, 16), (1, 1), (2, 55), (2, 64), (3, 56)}
Adjusting MOSEK solver parameters
MOSEK time limit set to 180s
Adding objective function for Lan
Initializing variables...
CALLBACK num variables : 758428
Adding ReLU constraints for layer 1
Adding ReLU constraints for layer 2
Adding ReLU constraints for layer 3
Adding ReLU constraints for layer 4
Adding ReLU constraints for layer 5
Adding ReLU constraints for layer 6
Adding ReLU constraints for layer 7
Adding ReLU constraints for layer 8
Adding ReLU constraints for layer 9
Adding quadratic bounds constraint
Adding quadratic bounds constraint for layer 0
Adding quadratic bounds constraint for layer 1
Adding quadratic bounds constraint for layer 2
Adding quadratic bounds constraint for layer 3
Adding quadratic bounds constraint for layer 4
Adding quadratic bounds constraint for layer 5
Adding quadratic bounds constraint for layer 6
Adding quadratic bounds constraint for layer 7
Adding quadratic bounds constraint for layer 8
Adding quadratic bounds constraint for layer 9
Adding RLT constraint (compact)
Indexes pruned for layer 1 : []
Indexes pruned for layer 2 : [1, 2, 4, 8, 9, 11, 12, 13, 14, 16, 18, 19, 21, 22, 24, 25, 26, 27, 28, 31, 32, 34, 36, 38, 39, 41, 42, 45, 47, 50, 53, 55, 56, 57, 58, 59, 60, 61, 63, 65, 66, 68, 69, 70, 71, 74, 75, 77, 78, 79, 80, 81, 82, 83, 85, 87, 90, 91, 92, 95]
Indexes pruned for layer 3 : [4, 6, 7, 11, 17, 18, 20, 24, 31, 38, 40, 44, 47, 50, 54, 55, 59, 61, 62, 64, 70, 71, 75, 79, 80, 85, 86, 88, 92, 95]
Indexes pruned for layer 4 : [0, 1, 3, 5, 6, 7, 8, 9, 11, 12, 13, 14, 15, 16, 17, 22, 25, 27, 28, 34, 37, 39, 42, 43, 44, 45, 48, 49, 50, 52, 54, 56, 58, 60, 63, 65, 66, 70, 72, 73, 75, 76, 78, 83, 84, 86, 88, 90, 91, 93, 95, 99]
Indexes pruned for layer 5 : [0, 1, 2, 3, 5, 9, 11, 12, 13, 16, 18, 20, 23, 24, 30, 31, 34, 38, 39, 40, 41, 42, 43, 44, 45, 47, 49, 50, 51, 55, 58, 59, 61, 64, 65, 68, 70, 72, 73, 74, 78, 79, 80, 81, 82, 83, 84, 86, 87, 88, 90, 92, 95, 97, 98, 99]
Indexes pruned for layer 6 : [0, 1, 2, 3, 4, 6, 8, 9, 10, 11, 13, 15, 17, 21, 22, 26, 27, 31, 32, 33, 35, 36, 37, 39, 40, 41, 42, 43, 44, 46, 48, 51, 52, 54, 55, 57, 60, 61, 62, 63, 65, 66, 68, 69, 70, 72, 73, 74, 76, 77, 79, 81, 83, 84, 85, 86, 87, 90, 92, 96, 98]
Indexes pruned for layer 7 : [0, 3, 4, 5, 6, 7, 8, 11, 12, 13, 17, 18, 19, 20, 21, 22, 23, 27, 28, 30, 34, 35, 36, 37, 38, 39, 41, 42, 45, 47, 48, 50, 55, 57, 59, 60, 61, 64, 66, 68, 70, 72, 73, 74, 75, 76, 78, 79, 80, 82, 83, 84, 85, 86, 87, 92, 93, 94, 95, 96, 97, 99]
Indexes pruned for layer 8 : [2, 3, 4, 6, 9, 11, 14, 17, 18, 19, 21, 23, 24, 26, 28, 29, 32, 33, 36, 37, 39, 43, 46, 49, 55, 56, 57, 60, 61, 62, 63, 64, 65, 66, 68, 72, 73, 74, 75, 76, 78, 79, 86, 90, 92, 95, 96, 97, 98]
Indexes pruned for layer 9 : [1, 2, 4, 5, 6, 7, 9, 13, 16, 17, 18, 19, 21, 23, 24, 25, 26, 27, 28, 31, 32, 33, 36, 43, 44, 48, 49, 50, 51, 55, 56, 57, 59, 60, 62, 65, 67, 68, 70, 72, 74, 75, 78, 79, 82, 83, 84, 85, 86, 87, 88, 89, 91, 93, 94, 95, 96]
CALLBACK : RLT (compact) = 49197 (dont 0 en repli chemin lent)
Adding rec matrices constraint
Number of constraints for the matrix by layers: 373 for 10 layers, [784 100 100 100 100 100 100 100 100 100  10] neurons, boundary layers: [1, 2, 3, 4, 5, 6, 7, 8]
Adding first term equal zero constraint
CALLBACK : Ending constraints. Total number of constraints :  150882
Cuts in _write_presolve_row:  ['RLT', 'triangularization']
Number of constraints before optimization:  150882
Number of variables before optimization:  758428
All possible cuts:  ['RLT', 'triangularization', 'McCormick_beta_z', 'beta_logits_comparaison', 'beta_logits_comparaison_big_M', 'sum_beta_logits_equal_logit']
Cuts added to dic for _write_presolve_row:  {'RLT': True, 'triangularization': True, 'McCormick_beta_z': False, 'beta_logits_comparaison': False, 'beta_logits_comparaison_big_M': False, 'sum_beta_logits_equal_logit': False}
Writing pre-solve row to results.csv with data_index: 89 target: 6
Pre-solve row written to results.csv with data_index: 89 target: 6
Pre-solve row written to results.csv with 150882 constraints and 758428 variables.
INFO     01:16:19     [objective_classic.py:97] Adding Objective to the task
CALLBACK : Number of constraints : 150882
[conic bundle] factor=0.01 x 147591 contraintes dualisables candidates => 1476 reellement dualisees (les 146115 autres relachees mais jamais penalisees)
  [cb_native dynamic calibration] h(0)=11.683800 pool_initial=50/1476
[cb_native dynamic] h(0)=11.683800 > positivity_threshold=1e-06 -- arret immediat (stop_when_positive).
[conic bundle] data_index=89 target=6 optimal_value=11.683800209116665 n_iter=0 (55.35s)
Initializing TargetedSDP...
Creating list of ytargets...
K :  10
self.n :  [784 100 100 100 100 100 100 100 100 100  10]
Getting to compute bounds...
STUDY : use active neurons:  True use inactive neurons:  False
STUDY : Nb Stable neurons :  475
Number of cuts to test: 1
Cuts to test: [['RLT', 'triangularization']]
Initializing MosekClassicHandler

 
 folder name dans handler:  /lustre/fswork/projects/rech/llc/uvq13au/FastSDPCertification/results/benchmark/9x100-0.026/2026_10_02_00h37_33s_battery-targeted-rlt-cert
LAST_LAYER in resolve_layer_groups :  False
K :  10
CHORDAL_DECOMPOSITION  in resolve layer groups:  True
INPUT_IN_VARIABLES in resolve_layer_groups :  True
Taille de la matrice pour le groupe 0 [0, 1] : 824
Taille de la matrice pour le groupe 1 [1, 2] : 110
Taille de la matrice pour le groupe 2 [2, 3] : 118
Taille de la matrice pour le groupe 3 [3, 4] : 92
Taille de la matrice pour le groupe 4 [4, 5] : 83
Taille de la matrice pour le groupe 5 [5, 6] : 77
Taille de la matrice pour le groupe 6 [6, 7] : 89
Taille de la matrice pour le groupe 7 [7, 8] : 94
Taille de la matrice pour le groupe 8 [8, 9] : 95
Neurones stables actives:  set()
Neurones stables inactives:  {(7, 17), (1, 95), (7, 26), (5, 65), (8, 9), (5, 74), (8, 18), (9, 72), (5, 83), (6, 48), (5, 92), (6, 57), (9, 90), (6, 66), (9, 99), (6, 75), (4, 2), (6, 84), (3, 6), (2, 50), (3, 15), (2, 59), (4, 87), (3, 42), (7, 3), (1, 81), (1, 90), (7, 21), (9, 49), (5, 60), (8, 4), (5, 69), (6, 34), (9, 67), (9, 76), (5, 87), (5, 96), (6, 61), (6, 70), (3, 1), (2, 54), (3, 28), (4, 82), (3, 37), (1, 85), (5, 46), (9, 44), (5, 55), (5, 73), (6, 38), (6, 47), (8, 84), (8, 93), (2, 31), (2, 40), (3, 5), (3, 14), (4, 68), (1, 53), (4, 86), (4, 95), (1, 71), (7, 2), (1, 80), (7, 11), (9, 30), (5, 41), (9, 39), (5, 68), (9, 66), (5, 77), (6, 42), (7, 96), (8, 70), (8, 79), (8, 88), (2, 17), (3, 0), (3, 9), (4, 72), (4, 81), (1, 57), (4, 90), (1, 66), (4, 99), (5, 27), (1, 75), (9, 25), (5, 36), (9, 34), (5, 54), (6, 19), (9, 52), (5, 63), (6, 28), (6, 37), (8, 65), (8, 74), (8, 83), (4, 49), (4, 58), (1, 34), (1, 61), (9, 11), (5, 22), (1, 70), (9, 20), (5, 31), (9, 29), (5, 40), (6, 5), (9, 38), (9, 47), (6, 23), (7, 86), (8, 51), (7, 95), (8, 60), (8, 78), (2, 7), (8, 87), (4, 44), (1, 38), (1, 47), (4, 80), (5, 8), (1, 56), (5, 17), (1, 65), (3, 84), (9, 15), (5, 26), (3, 93), (5, 35), (6, 0), (9, 33), (5, 44), (7, 63), (6, 18), (7, 72), (7, 90), (8, 55), (8, 82), (2, 11), (4, 30), (4, 39), (1, 24), (1, 42), (5, 3), (3, 70), (5, 21), (3, 88), (9, 19), (5, 39), (6, 4), (6, 13), (8, 32), (7, 76), (8, 50), (8, 59), (8, 68), (4, 34), (4, 43), (1, 19), (1, 28), (4, 61), (3, 65), (3, 83), (9, 14), (7, 62), (8, 27), (8, 36), (4, 11), (6, 93), (4, 20), (4, 38), (1, 14), (4, 47), (1, 32), (2, 86), (2, 95), (3, 60), (5, 2), (5, 11), (3, 78), (7, 39), (8, 13), (7, 57), (7, 66), (8, 31), (7, 75), (8, 49), (6, 79), (6, 97), (4, 24), (1, 9), (1, 18), (5, 6), (3, 73), (7, 43), (8, 17), (7, 61), (8, 26), (8, 44), (9, 98), (6, 74), (4, 1), (6, 83), (6, 92), (1, 4), (1, 13), (2, 85), (3, 50), (7, 29), (7, 56), (8, 21), (9, 75), (5, 86), (9, 84), (6, 60), (9, 93), (6, 78), (4, 5), (6, 87), (6, 96), (2, 44), (2, 62), (3, 27), (2, 71), (2, 80), (3, 45), (7, 6), (3, 54), (3, 63), (7, 24), (7, 33), (8, 7), (5, 72), (8, 16), (9, 70), (5, 81), (9, 79), (5, 90), (6, 55), (6, 64), (6, 73), (4, 0), (6, 82), (4, 9), (3, 13), (3, 22), (2, 75), (3, 49), (1, 79), (7, 19), (7, 28), (7, 37), (8, 2), (9, 56), (9, 65), (5, 76), (6, 41), (9, 74), (5, 85), (6, 50), (9, 83), (6, 59), (6, 68), (8, 96), (3, 8), (3, 17), (2, 61), (3, 44), (4, 98), (1, 74), (1, 83), (7, 14), (1, 92), (7, 23), (5, 62), (6, 27), (6, 36), (6, 45), (8, 91), (2, 20), (2, 38), (3, 3), (2, 47), (3, 12), (4, 84), (1, 60), (1, 69), (1, 78), (7, 9), (1, 87), (9, 37), (5, 48), (9, 46), (5, 57), (6, 22), (5, 66), (9, 64), (5, 84), (2, 6), (8, 86), (8, 95), (2, 24), (3, 7), (3, 16), (4, 70), (3, 25), (4, 79), (1, 55), (4, 88), (4, 97), (7, 4), (1, 82), (5, 43), (1, 91), (6, 8), (5, 52), (6, 17), (5, 61), (9, 59), (5, 70), (6, 35), (7, 98), (8, 72), (3, 11), (4, 65), (1, 41), (4, 74), (1, 50), (4, 83), (1, 59), (4, 92), (1, 68), (1, 77), (9, 27), (6, 3), (6, 12), (6, 21), (9, 54), (6, 30), (6, 39), (8, 67), (8, 85), (8, 94), (4, 42), (4, 51), (1, 27), (1, 36), (1, 45), (4, 78), (9, 4), (5, 15), (1, 63), (3, 91), (5, 33), (5, 42), (6, 7), (9, 40), (5, 51), (7, 79), (7, 97), (8, 62), (8, 89), (2, 18), (1, 22), (4, 55), (1, 31), (4, 64), (4, 73), (5, 1), (5, 10), (1, 58), (3, 86), (3, 95), (9, 26), (5, 37), (9, 35), (6, 11), (7, 65), (6, 20), (7, 74), (8, 48), (7, 92), (8, 57), (8, 75), (2, 4), (4, 23), (1, 8), (4, 41), (4, 50), (1, 26), (4, 59), (3, 72), (9, 12), (3, 90), (5, 32), (3, 99), (6, 6), (7, 60), (8, 25), (7, 78), (8, 43), (4, 18), (1, 12), (4, 45), (1, 21), (1, 39), (3, 58), (5, 0), (5, 9), (3, 76), (9, 7), (7, 46), (7, 55), (7, 64), (7, 73), (8, 56), (6, 86), (4, 13), (6, 95), (4, 31), (4, 40), (1, 16), (2, 70), (1, 25), (2, 79), (2, 88), (5, 4), (5, 13), (7, 32), (8, 6), (8, 24), (7, 68), (8, 33), (9, 87), (5, 98), (6, 72), (6, 99), (1, 2), (1, 11), (3, 39), (3, 48), (2, 92), (7, 18), (3, 66), (3, 75), (7, 36), (8, 1), (8, 19), (8, 28), (9, 82), (6, 76), (4, 3), (6, 85), (4, 12), (6, 94), (3, 34), (3, 43), (3, 52), (8, 5), (7, 49), (5, 79), (8, 23), (9, 86), (9, 95), (6, 80), (4, 16), (1, 1), (2, 55), (2, 64), (3, 56)}
Adjusting MOSEK solver parameters
MOSEK time limit set to 180s
Adding objective function for Lan
Initializing variables...
CALLBACK num variables : 758428
Adding ReLU constraints for layer 1
Adding ReLU constraints for layer 2
Adding ReLU constraints for layer 3
Adding ReLU constraints for layer 4
Adding ReLU constraints for layer 5
Adding ReLU constraints for layer 6
Adding ReLU constraints for layer 7
Adding ReLU constraints for layer 8
Adding ReLU constraints for layer 9
Adding quadratic bounds constraint
Adding quadratic bounds constraint for layer 0
Adding quadratic bounds constraint for layer 1
Adding quadratic bounds constraint for layer 2
Adding quadratic bounds constraint for layer 3
Adding quadratic bounds constraint for layer 4
Adding quadratic bounds constraint for layer 5
Adding quadratic bounds constraint for layer 6
Adding quadratic bounds constraint for layer 7
Adding quadratic bounds constraint for layer 8
Adding quadratic bounds constraint for layer 9
Adding RLT constraint (compact)
Indexes pruned for layer 1 : []
Indexes pruned for layer 2 : [1, 2, 4, 8, 9, 11, 12, 13, 14, 16, 18, 19, 21, 22, 24, 25, 26, 27, 28, 31, 32, 34, 36, 38, 39, 41, 42, 45, 47, 50, 53, 55, 56, 57, 58, 59, 60, 61, 63, 65, 66, 68, 69, 70, 71, 74, 75, 77, 78, 79, 80, 81, 82, 83, 85, 87, 90, 91, 92, 95]
Indexes pruned for layer 3 : [4, 6, 7, 11, 17, 18, 20, 24, 31, 38, 40, 44, 47, 50, 54, 55, 59, 61, 62, 64, 70, 71, 75, 79, 80, 85, 86, 88, 92, 95]
Indexes pruned for layer 4 : [0, 1, 3, 5, 6, 7, 8, 9, 11, 12, 13, 14, 15, 16, 17, 22, 25, 27, 28, 34, 37, 39, 42, 43, 44, 45, 48, 49, 50, 52, 54, 56, 58, 60, 63, 65, 66, 70, 72, 73, 75, 76, 78, 83, 84, 86, 88, 90, 91, 93, 95, 99]
Indexes pruned for layer 5 : [0, 1, 2, 3, 5, 9, 11, 12, 13, 16, 18, 20, 23, 24, 30, 31, 34, 38, 39, 40, 41, 42, 43, 44, 45, 47, 49, 50, 51, 55, 58, 59, 61, 64, 65, 68, 70, 72, 73, 74, 78, 79, 80, 81, 82, 83, 84, 86, 87, 88, 90, 92, 95, 97, 98, 99]
Indexes pruned for layer 6 : [0, 1, 2, 3, 4, 6, 8, 9, 10, 11, 13, 15, 17, 21, 22, 26, 27, 31, 32, 33, 35, 36, 37, 39, 40, 41, 42, 43, 44, 46, 48, 51, 52, 54, 55, 57, 60, 61, 62, 63, 65, 66, 68, 69, 70, 72, 73, 74, 76, 77, 79, 81, 83, 84, 85, 86, 87, 90, 92, 96, 98]
Indexes pruned for layer 7 : [0, 3, 4, 5, 6, 7, 8, 11, 12, 13, 17, 18, 19, 20, 21, 22, 23, 27, 28, 30, 34, 35, 36, 37, 38, 39, 41, 42, 45, 47, 48, 50, 55, 57, 59, 60, 61, 64, 66, 68, 70, 72, 73, 74, 75, 76, 78, 79, 80, 82, 83, 84, 85, 86, 87, 92, 93, 94, 95, 96, 97, 99]
Indexes pruned for layer 8 : [2, 3, 4, 6, 9, 11, 14, 17, 18, 19, 21, 23, 24, 26, 28, 29, 32, 33, 36, 37, 39, 43, 46, 49, 55, 56, 57, 60, 61, 62, 63, 64, 65, 66, 68, 72, 73, 74, 75, 76, 78, 79, 86, 90, 92, 95, 96, 97, 98]
Indexes pruned for layer 9 : [1, 2, 4, 5, 6, 7, 9, 13, 16, 17, 18, 19, 21, 23, 24, 25, 26, 27, 28, 31, 32, 33, 36, 43, 44, 48, 49, 50, 51, 55, 56, 57, 59, 60, 62, 65, 67, 68, 70, 72, 74, 75, 78, 79, 82, 83, 84, 85, 86, 87, 88, 89, 91, 93, 94, 95, 96]
CALLBACK : RLT (compact) = 49197 (dont 0 en repli chemin lent)
Adding rec matrices constraint
Number of constraints for the matrix by layers: 373 for 10 layers, [784 100 100 100 100 100 100 100 100 100  10] neurons, boundary layers: [1, 2, 3, 4, 5, 6, 7, 8]
Adding first term equal zero constraint
CALLBACK : Ending constraints. Total number of constraints :  150882
Cuts in _write_presolve_row:  ['RLT', 'triangularization']
Number of constraints before optimization:  150882
Number of variables before optimization:  758428
All possible cuts:  ['RLT', 'triangularization', 'McCormick_beta_z', 'beta_logits_comparaison', 'beta_logits_comparaison_big_M', 'sum_beta_logits_equal_logit']
Cuts added to dic for _write_presolve_row:  {'RLT': True, 'triangularization': True, 'McCormick_beta_z': False, 'beta_logits_comparaison': False, 'beta_logits_comparaison_big_M': False, 'sum_beta_logits_equal_logit': False}
Writing pre-solve row to results.csv with data_index: 89 target: 7
Pre-solve row written to results.csv with data_index: 89 target: 7
Pre-solve row written to results.csv with 150882 constraints and 758428 variables.
INFO     01:17:16     [objective_classic.py:97] Adding Objective to the task
CALLBACK : Number of constraints : 150882
[conic bundle] factor=0.01 x 147591 contraintes dualisables candidates => 1476 reellement dualisees (les 146115 autres relachees mais jamais penalisees)
  [cb_native dynamic calibration] h(0)=0.237486 pool_initial=50/1476
[cb_native dynamic] h(0)=0.237486 > positivity_threshold=1e-06 -- arret immediat (stop_when_positive).
[conic bundle] data_index=89 target=7 optimal_value=0.23748572983291882 n_iter=0 (113.52s)
Initializing TargetedSDP...
Creating list of ytargets...
K :  10
self.n :  [784 100 100 100 100 100 100 100 100 100  10]
Getting to compute bounds...
STUDY : use active neurons:  True use inactive neurons:  False
STUDY : Nb Stable neurons :  475
Number of cuts to test: 1
Cuts to test: [['RLT', 'triangularization']]
Initializing MosekClassicHandler

 
 folder name dans handler:  /lustre/fswork/projects/rech/llc/uvq13au/FastSDPCertification/results/benchmark/9x100-0.026/2026_10_02_00h37_33s_battery-targeted-rlt-cert
LAST_LAYER in resolve_layer_groups :  False
K :  10
CHORDAL_DECOMPOSITION  in resolve layer groups:  True
INPUT_IN_VARIABLES in resolve_layer_groups :  True
Taille de la matrice pour le groupe 0 [0, 1] : 824
Taille de la matrice pour le groupe 1 [1, 2] : 110
Taille de la matrice pour le groupe 2 [2, 3] : 118
Taille de la matrice pour le groupe 3 [3, 4] : 92
Taille de la matrice pour le groupe 4 [4, 5] : 83
Taille de la matrice pour le groupe 5 [5, 6] : 77
Taille de la matrice pour le groupe 6 [6, 7] : 89
Taille de la matrice pour le groupe 7 [7, 8] : 94
Taille de la matrice pour le groupe 8 [8, 9] : 95
Neurones stables actives:  set()
Neurones stables inactives:  {(7, 17), (1, 95), (7, 26), (5, 65), (8, 9), (5, 74), (8, 18), (9, 72), (5, 83), (6, 48), (5, 92), (6, 57), (9, 90), (6, 66), (9, 99), (6, 75), (4, 2), (6, 84), (3, 6), (2, 50), (3, 15), (2, 59), (4, 87), (3, 42), (7, 3), (1, 81), (1, 90), (7, 21), (9, 49), (5, 60), (8, 4), (5, 69), (6, 34), (9, 67), (9, 76), (5, 87), (5, 96), (6, 61), (6, 70), (3, 1), (2, 54), (3, 28), (4, 82), (3, 37), (1, 85), (5, 46), (9, 44), (5, 55), (5, 73), (6, 38), (6, 47), (8, 84), (8, 93), (2, 31), (2, 40), (3, 5), (3, 14), (4, 68), (1, 53), (4, 86), (4, 95), (1, 71), (7, 2), (1, 80), (7, 11), (9, 30), (5, 41), (9, 39), (5, 68), (9, 66), (5, 77), (6, 42), (7, 96), (8, 70), (8, 79), (8, 88), (2, 17), (3, 0), (3, 9), (4, 72), (4, 81), (1, 57), (4, 90), (1, 66), (4, 99), (5, 27), (1, 75), (9, 25), (5, 36), (9, 34), (5, 54), (6, 19), (9, 52), (5, 63), (6, 28), (6, 37), (8, 65), (8, 74), (8, 83), (4, 49), (4, 58), (1, 34), (1, 61), (9, 11), (5, 22), (1, 70), (9, 20), (5, 31), (9, 29), (5, 40), (6, 5), (9, 38), (9, 47), (6, 23), (7, 86), (8, 51), (7, 95), (8, 60), (8, 78), (2, 7), (8, 87), (4, 44), (1, 38), (1, 47), (4, 80), (5, 8), (1, 56), (5, 17), (1, 65), (3, 84), (9, 15), (5, 26), (3, 93), (5, 35), (6, 0), (9, 33), (5, 44), (7, 63), (6, 18), (7, 72), (7, 90), (8, 55), (8, 82), (2, 11), (4, 30), (4, 39), (1, 24), (1, 42), (5, 3), (3, 70), (5, 21), (3, 88), (9, 19), (5, 39), (6, 4), (6, 13), (8, 32), (7, 76), (8, 50), (8, 59), (8, 68), (4, 34), (4, 43), (1, 19), (1, 28), (4, 61), (3, 65), (3, 83), (9, 14), (7, 62), (8, 27), (8, 36), (4, 11), (6, 93), (4, 20), (4, 38), (1, 14), (4, 47), (1, 32), (2, 86), (2, 95), (3, 60), (5, 2), (5, 11), (3, 78), (7, 39), (8, 13), (7, 57), (7, 66), (8, 31), (7, 75), (8, 49), (6, 79), (6, 97), (4, 24), (1, 9), (1, 18), (5, 6), (3, 73), (7, 43), (8, 17), (7, 61), (8, 26), (8, 44), (9, 98), (6, 74), (4, 1), (6, 83), (6, 92), (1, 4), (1, 13), (2, 85), (3, 50), (7, 29), (7, 56), (8, 21), (9, 75), (5, 86), (9, 84), (6, 60), (9, 93), (6, 78), (4, 5), (6, 87), (6, 96), (2, 44), (2, 62), (3, 27), (2, 71), (2, 80), (3, 45), (7, 6), (3, 54), (3, 63), (7, 24), (7, 33), (8, 7), (5, 72), (8, 16), (9, 70), (5, 81), (9, 79), (5, 90), (6, 55), (6, 64), (6, 73), (4, 0), (6, 82), (4, 9), (3, 13), (3, 22), (2, 75), (3, 49), (1, 79), (7, 19), (7, 28), (7, 37), (8, 2), (9, 56), (9, 65), (5, 76), (6, 41), (9, 74), (5, 85), (6, 50), (9, 83), (6, 59), (6, 68), (8, 96), (3, 8), (3, 17), (2, 61), (3, 44), (4, 98), (1, 74), (1, 83), (7, 14), (1, 92), (7, 23), (5, 62), (6, 27), (6, 36), (6, 45), (8, 91), (2, 20), (2, 38), (3, 3), (2, 47), (3, 12), (4, 84), (1, 60), (1, 69), (1, 78), (7, 9), (1, 87), (9, 37), (5, 48), (9, 46), (5, 57), (6, 22), (5, 66), (9, 64), (5, 84), (2, 6), (8, 86), (8, 95), (2, 24), (3, 7), (3, 16), (4, 70), (3, 25), (4, 79), (1, 55), (4, 88), (4, 97), (7, 4), (1, 82), (5, 43), (1, 91), (6, 8), (5, 52), (6, 17), (5, 61), (9, 59), (5, 70), (6, 35), (7, 98), (8, 72), (3, 11), (4, 65), (1, 41), (4, 74), (1, 50), (4, 83), (1, 59), (4, 92), (1, 68), (1, 77), (9, 27), (6, 3), (6, 12), (6, 21), (9, 54), (6, 30), (6, 39), (8, 67), (8, 85), (8, 94), (4, 42), (4, 51), (1, 27), (1, 36), (1, 45), (4, 78), (9, 4), (5, 15), (1, 63), (3, 91), (5, 33), (5, 42), (6, 7), (9, 40), (5, 51), (7, 79), (7, 97), (8, 62), (8, 89), (2, 18), (1, 22), (4, 55), (1, 31), (4, 64), (4, 73), (5, 1), (5, 10), (1, 58), (3, 86), (3, 95), (9, 26), (5, 37), (9, 35), (6, 11), (7, 65), (6, 20), (7, 74), (8, 48), (7, 92), (8, 57), (8, 75), (2, 4), (4, 23), (1, 8), (4, 41), (4, 50), (1, 26), (4, 59), (3, 72), (9, 12), (3, 90), (5, 32), (3, 99), (6, 6), (7, 60), (8, 25), (7, 78), (8, 43), (4, 18), (1, 12), (4, 45), (1, 21), (1, 39), (3, 58), (5, 0), (5, 9), (3, 76), (9, 7), (7, 46), (7, 55), (7, 64), (7, 73), (8, 56), (6, 86), (4, 13), (6, 95), (4, 31), (4, 40), (1, 16), (2, 70), (1, 25), (2, 79), (2, 88), (5, 4), (5, 13), (7, 32), (8, 6), (8, 24), (7, 68), (8, 33), (9, 87), (5, 98), (6, 72), (6, 99), (1, 2), (1, 11), (3, 39), (3, 48), (2, 92), (7, 18), (3, 66), (3, 75), (7, 36), (8, 1), (8, 19), (8, 28), (9, 82), (6, 76), (4, 3), (6, 85), (4, 12), (6, 94), (3, 34), (3, 43), (3, 52), (8, 5), (7, 49), (5, 79), (8, 23), (9, 86), (9, 95), (6, 80), (4, 16), (1, 1), (2, 55), (2, 64), (3, 56)}
Adjusting MOSEK solver parameters
MOSEK time limit set to 180s
Adding objective function for Lan
Initializing variables...
CALLBACK num variables : 758428
Adding ReLU constraints for layer 1
Adding ReLU constraints for layer 2
Adding ReLU constraints for layer 3
Adding ReLU constraints for layer 4
Adding ReLU constraints for layer 5
Adding ReLU constraints for layer 6
Adding ReLU constraints for layer 7
Adding ReLU constraints for layer 8
Adding ReLU constraints for layer 9
Adding quadratic bounds constraint
Adding quadratic bounds constraint for layer 0
Adding quadratic bounds constraint for layer 1
Adding quadratic bounds constraint for layer 2
Adding quadratic bounds constraint for layer 3
Adding quadratic bounds constraint for layer 4
Adding quadratic bounds constraint for layer 5
Adding quadratic bounds constraint for layer 6
Adding quadratic bounds constraint for layer 7
Adding quadratic bounds constraint for layer 8
Adding quadratic bounds constraint for layer 9
Adding RLT constraint (compact)
Indexes pruned for layer 1 : []
Indexes pruned for layer 2 : [1, 2, 4, 8, 9, 11, 12, 13, 14, 16, 18, 19, 21, 22, 24, 25, 26, 27, 28, 31, 32, 34, 36, 38, 39, 41, 42, 45, 47, 50, 53, 55, 56, 57, 58, 59, 60, 61, 63, 65, 66, 68, 69, 70, 71, 74, 75, 77, 78, 79, 80, 81, 82, 83, 85, 87, 90, 91, 92, 95]
Indexes pruned for layer 3 : [4, 6, 7, 11, 17, 18, 20, 24, 31, 38, 40, 44, 47, 50, 54, 55, 59, 61, 62, 64, 70, 71, 75, 79, 80, 85, 86, 88, 92, 95]
Indexes pruned for layer 4 : [0, 1, 3, 5, 6, 7, 8, 9, 11, 12, 13, 14, 15, 16, 17, 22, 25, 27, 28, 34, 37, 39, 42, 43, 44, 45, 48, 49, 50, 52, 54, 56, 58, 60, 63, 65, 66, 70, 72, 73, 75, 76, 78, 83, 84, 86, 88, 90, 91, 93, 95, 99]
Indexes pruned for layer 5 : [0, 1, 2, 3, 5, 9, 11, 12, 13, 16, 18, 20, 23, 24, 30, 31, 34, 38, 39, 40, 41, 42, 43, 44, 45, 47, 49, 50, 51, 55, 58, 59, 61, 64, 65, 68, 70, 72, 73, 74, 78, 79, 80, 81, 82, 83, 84, 86, 87, 88, 90, 92, 95, 97, 98, 99]
Indexes pruned for layer 6 : [0, 1, 2, 3, 4, 6, 8, 9, 10, 11, 13, 15, 17, 21, 22, 26, 27, 31, 32, 33, 35, 36, 37, 39, 40, 41, 42, 43, 44, 46, 48, 51, 52, 54, 55, 57, 60, 61, 62, 63, 65, 66, 68, 69, 70, 72, 73, 74, 76, 77, 79, 81, 83, 84, 85, 86, 87, 90, 92, 96, 98]
Indexes pruned for layer 7 : [0, 3, 4, 5, 6, 7, 8, 11, 12, 13, 17, 18, 19, 20, 21, 22, 23, 27, 28, 30, 34, 35, 36, 37, 38, 39, 41, 42, 45, 47, 48, 50, 55, 57, 59, 60, 61, 64, 66, 68, 70, 72, 73, 74, 75, 76, 78, 79, 80, 82, 83, 84, 85, 86, 87, 92, 93, 94, 95, 96, 97, 99]
Indexes pruned for layer 8 : [2, 3, 4, 6, 9, 11, 14, 17, 18, 19, 21, 23, 24, 26, 28, 29, 32, 33, 36, 37, 39, 43, 46, 49, 55, 56, 57, 60, 61, 62, 63, 64, 65, 66, 68, 72, 73, 74, 75, 76, 78, 79, 86, 90, 92, 95, 96, 97, 98]
Indexes pruned for layer 9 : [1, 2, 4, 5, 6, 7, 9, 13, 16, 17, 18, 19, 21, 23, 24, 25, 26, 27, 28, 31, 32, 33, 36, 43, 44, 48, 49, 50, 51, 55, 56, 57, 59, 60, 62, 65, 67, 68, 70, 72, 74, 75, 78, 79, 82, 83, 84, 85, 86, 87, 88, 89, 91, 93, 94, 95, 96]
CALLBACK : RLT (compact) = 49197 (dont 0 en repli chemin lent)
Adding rec matrices constraint
Number of constraints for the matrix by layers: 373 for 10 layers, [784 100 100 100 100 100 100 100 100 100  10] neurons, boundary layers: [1, 2, 3, 4, 5, 6, 7, 8]
Adding first term equal zero constraint
CALLBACK : Ending constraints. Total number of constraints :  150882
Cuts in _write_presolve_row:  ['RLT', 'triangularization']
Number of constraints before optimization:  150882
Number of variables before optimization:  758428
All possible cuts:  ['RLT', 'triangularization', 'McCormick_beta_z', 'beta_logits_comparaison', 'beta_logits_comparaison_big_M', 'sum_beta_logits_equal_logit']
Cuts added to dic for _write_presolve_row:  {'RLT': True, 'triangularization': True, 'McCormick_beta_z': False, 'beta_logits_comparaison': False, 'beta_logits_comparaison_big_M': False, 'sum_beta_logits_equal_logit': False}
Writing pre-solve row to results.csv with data_index: 89 target: 9
Pre-solve row written to results.csv with data_index: 89 target: 9
Pre-solve row written to results.csv with 150882 constraints and 758428 variables.
INFO     01:19:11     [objective_classic.py:97] Adding Objective to the task
CALLBACK : Number of constraints : 150882
[conic bundle] factor=0.01 x 147591 contraintes dualisables candidates => 1476 reellement dualisees (les 146115 autres relachees mais jamais penalisees)
  [cb_native dynamic calibration] h(0)=0.384407 pool_initial=50/1476
[cb_native dynamic] h(0)=0.384407 > positivity_threshold=1e-06 -- arret immediat (stop_when_positive).
[conic bundle] data_index=89 target=9 optimal_value=0.3844073543082368 n_iter=0 (41.44s)
Log saved → /lustre/fswork/projects/rech/llc/uvq13au/FastSDPCertification/results/benchmark/9x100-0.026/2026_10_02_00h37_33s_battery-targeted-rlt-cert/run.log
